Radial Distance r (a.u.),Computed Wavefunction
0.005,1.3047059449381209
0.01,1.2917345448599873
0.015,1.278899457874479
0.02,1.2661995336321057
0.025,1.2536336140583837
0.03,1.2412005343347898
0.035,1.2288991238351046
0.04,1.2167282070186127
0.045,1.2046866042817412
0.05,1.1927731327697642
0.055,1.1809866071499517
0.06,1.1693258403476894
0.065,1.1577896442468731
0.07,1.1463768303560604
0.075,1.1350862104414765
0.08,1.1239165971283456
0.085,1.112866804471714
0.09,1.1019356484978093
0.095,1.0911219477172984
0.1,1.0804245236113885
0.105,1.0698422010918855
0.11,1.0593738089362845
0.115,1.0490181801988057
0.12,1.038774152598432
0.125,1.0286405688848077
0.13,1.018616277182914
0.135,1.0087001313174133
0.14,0.998890991117456
0.145,0.9891877227028257
0.15,0.9795891987520512
0.155,0.9700942987534773
0.16,0.9607019092397563
0.165,0.9514109240066428
0.17,0.9422202443166745
0.17500000000000002,0.933128779088427
0.18,0.9241354450719197
0.185,0.9152391670108466
0.19,0.9064388777921303
0.195,0.8977335185833838
0.2,0.8891220389588744
0.20500000000000002,0.8806033970143993
0.21,0.8721765594716744
0.215,0.8638405017726082
0.22,0.8555942081640387
0.225,0.8474366717732621
0.23,0.8393668946748596
0.23500000000000001,0.8313838879491752
0.24,0.8234866717329047
0.245,0.8156742752620755
0.25,0.8079457369078915
0.255,0.8003001042056674
0.26,0.7927364338773364
0.265,0.7852537918477012
0.27,0.7778512532548585
0.275,0.7705279024549908
0.28,0.76328283302192
0.28500000000000003,0.7561151477415867
0.29,0.749023958601795
0.295,0.7420083867774363
0.3,0.735067562611463
0.305,0.7282006255917887
0.31,0.7214067243243951
0.315,0.7146850165028492
0.32,0.7080346688743819
0.325,0.7014548572027925
0.33,0.694944766228331
0.335,0.6885035896247251
0.34,0.6821305299535637
0.34500000000000003,0.6758247986161504
0.35000000000000003,0.6695856158030481
0.355,0.6634122104413791
0.36,0.6573038201401267
0.365,0.6512596911334858
0.37,0.6452790782224405
0.375,0.6393612447147039
0.38,0.6335054623630921
0.385,0.6277110113024993
0.39,0.6219771799855599
0.395,0.6163032651170962
0.4,0.6106885715874701
0.405,0.6051324124049172
0.41000000000000003,0.599634108626963
0.41500000000000004,0.5941929892910129
0.42,0.5888083913441907
0.425,0.5834796595725025
0.43,0.5782061465294169
0.435,0.572987212463903
0.44,0.5678222252480412
0.445,0.5627105603042223
0.45,0.5576516005320304
0.455,0.5526447362348543
0.46,0.5476893650462809
0.465,0.5427848918563282
0.47000000000000003,0.5379307287376024
0.47500000000000003,0.5331262948713358
0.48,0.5283710164734414
0.485,0.5236643267206121
0.49,0.5190056656764462
0.495,0.5143944802177116
0.5,0.5098302239607302
0.505,0.505312357187966
0.51,0.5008403467747948
0.515,0.496413666116532
0.52,0.49203179505571115
0.525,0.4876942198096946
0.53,0.4834004328985762
0.535,0.4791499330734272
0.54,0.47494222524494106
0.545,0.47077682041244423
0.55,0.4666532355933056
0.555,0.46257099375283295
0.56,0.45852962373453066
0.5650000000000001,0.45452866019090815
0.5700000000000001,0.45056764351469375
0.5750000000000001,0.4466461197705894
0.58,0.442763640627493
0.585,0.43891976329127586
0.59,0.43511405043804796
0.595,0.4313460701480059
0.6,0.4276153958397772
0.605,0.42392160620536545
0.61,0.42026428514563835
0.615,0.4166430217063788
0.62,0.41305741001493723
0.625,0.40950704921744724
0.63,0.40599154341663185
0.635,0.40251050161020246
0.64,0.3990635376298642
0.645,0.39565027008090686
0.65,0.39227032228240455
0.655,0.38892332220800985
0.66,0.3856089024273645
0.665,0.3823267000481271
0.67,0.3790763566585823
0.675,0.37585751827087094
0.68,0.37266983526483366
0.685,0.3695129623324635
0.6900000000000001,0.3663865584229554
0.6950000000000001,0.36329028668837215
0.7000000000000001,0.3602238144299132
0.705,0.3571868130447861
0.71,0.35417895797367666
0.715,0.3511999286488375
0.72,0.34824940844274394
0.725,0.34532708461737116
0.73,0.34243264827405834
0.735,0.3395657943039538
0.74,0.3367262213390519
0.745,0.3339136317038148
0.75,0.33112773136737195
0.755,0.3283682298963051
0.76,0.32563484040797863
0.765,0.32292727952447214
0.77,0.3202452673270582
0.775,0.31758852731124043
0.78,0.3149567863423547
0.785,0.312349774611718
0.79,0.3097672255933245
0.795,0.3072088760010814
0.8,0.30467446574659046
0.805,0.302163737897462
0.81,0.29967643863614224
0.8150000000000001,0.2972123172192843
0.8200000000000001,0.2947711259376283
0.8250000000000001,0.292352620076397
0.8300000000000001,0.2899565578761991
0.835,0.28758270049443835
0.84,0.28523081196722166
0.845,0.28290065917176144
0.85,0.28059201178926335
0.855,0.27830464226830515
0.86,0.2760383257886846
0.865,0.2737928402257521
0.87,0.2715679661152009
0.875,0.26936348661832754
0.88,0.2671791874877547
0.885,0.2650148570335907
0.89,0.2628702860900577
0.895,0.26074526798254954
0.9,0.25863959849512963
0.905,0.2565530758384715
0.91,0.2544855006182075
0.915,0.2524366758037214
0.92,0.2504064066973453
0.925,0.24839450090397483
0.93,0.24640076830109223
0.935,0.2444250210091879
0.9400000000000001,0.2424670733625868
0.9450000000000001,0.24052674188066372
0.9500000000000001,0.2386038452394455
0.9550000000000001,0.2366982042436024
0.96,0.23480964179880995
0.965,0.23293798288449674
0.97,0.23108305452694716
0.975,0.2292446857727801
0.98,0.22742270766278047
0.985,0.22561695320609315
0.99,0.2238272573547606
0.995,0.2220534569786068
1.0,0.2202953908404743
1.0050000000000001,0.2185528995717822
1.01,0.2168258256484299
1.0150000000000001,0.21511401336701771
1.02,0.21341730882140908
1.025,0.21173555987959092
1.03,0.21006861616086797
1.035,0.20841632901336093
1.04,0.2067785514918108
1.045,0.20515513833568763
1.05,0.20354594594759992
1.055,0.20195083237199934
1.06,0.20036965727417422
1.065,0.1988022819195343
1.07,0.1972485691531713
1.075,0.19570838337970922
1.08,0.19418159054342166
1.085,0.19266805810862517
1.09,0.1911676550403407
1.095,0.18968025178522097
1.1,0.18820572025273116
1.105,0.18674393379659757
1.11,0.18529476719650423
1.115,0.18385809664003883
1.12,0.1824337997048889
1.125,0.18102175534127765
1.1300000000000001,0.17962184385464683
1.135,0.17823394688856287
1.1400000000000001,0.17685794740787508
1.145,0.17549372968208515
1.1500000000000001,0.17414117926895736
1.155,0.17280018299834518
1.16,0.17147062895624113
1.165,0.17015240646904414
1.17,0.16884540608804163
1.175,0.1675495195741013
1.18,0.16626463988257295
1.185,0.16499066114839583
1.19,0.16372747867140983
1.195,0.16247498890186132
1.2,0.16123308942611214
1.205,0.16000167895254216
1.21,0.15878065729763838
1.215,0.15756992537227824
1.22,0.1563693851681966
1.225,0.15517893974463515
1.23,0.15399849321517556
1.235,0.15282795073474795
1.24,0.15166721848681874
1.245,0.1505162036707482
1.25,0.14937481448932352
1.2550000000000001,0.14824296013645002
1.26,0.1471205507850235
1.2650000000000001,0.14600749757495293
1.27,0.14490371260135365
1.2750000000000001,0.14380910890289456
1.28,0.1427236004503017
1.285,0.141647102135022
1.29,0.14057952975802968
1.295,0.13952080001879885
1.3,0.13847083050440107
1.305,0.1374295396787738
1.31,0.1363968468721132
1.315,0.13537267227042094
1.32,0.13435693690518385
1.325,0.1333495626431952
1.33,0.13235047217650936
1.335,0.1313595890125364
1.34,0.1303768374642575
1.345,0.12940214264057895
1.35,0.1284354304368187
1.355,0.12747662752530498
1.36,0.12652566134611234
1.365,0.12558246009791693
1.37,0.12464695272897018
1.375,0.12371906892819519
1.3800000000000001,0.12279873911640041
1.385,0.12188589443760746
1.3900000000000001,0.12098046675049644
1.395,0.12008238861996175
1.4000000000000001,0.11919159330877911
1.405,0.11830801476938377
1.41,0.11743158763575631
1.415,0.11656224721541379
1.42,0.11569992948150817
1.425,0.11484457106502596
1.43,0.11399610924709119
1.435,0.1131544819513695
1.44,0.1123196277365686
1.445,0.11149148578904527
1.45,0.11066999591549419
1.455,0.10985509853574472
1.46,0.1090467346756458
1.465,0.10824484596004601
1.47,0.10744937460586067
1.475,0.10666026341523221
1.48,0.10587745576877652
1.485,0.10510089561892211
1.49,0.10433052748332748
1.495,0.10356629643838997
1.5,0.10280814811283376
1.5050000000000001,0.10205602868138486
1.51,0.10130988485852219
1.5150000000000001,0.10056966389231495
1.52,0.09983531355833335
1.5250000000000001,0.09910678215363888
1.53,0.09838401849085729
1.5350000000000001,0.09766697189231835
1.54,0.09695559218427496
1.545,0.096249829691199
1.55,0.09554963523014345
1.555,0.09485496010517802
1.56,0.094165756101903
1.565,0.09348197548201961
1.57,0.09280357097798099
1.575,0.09213049578770416
1.58,0.09146270356935003
1.585,0.09080014843617246
1.59,0.09014278495142802
1.595,0.08949056812335177
1.6,0.0888434534001982
1.605,0.08820139666534205
1.61,0.08756435423243798
1.615,0.08693228284064845
1.62,0.0863051396499257
1.625,0.08568288223635222
1.6300000000000001,0.0850654685875442
1.635,0.08445285709810643
1.6400000000000001,0.08384500656515005
1.645,0.08324187618385827
1.6500000000000001,0.08264342554311649
1.655,0.0820496146211902
1.6600000000000001,0.08146040378145547
1.665,0.08087575376818754
1.67,0.0802956257023986
1.675,0.07971998107772774
1.68,0.07914878175637799
1.685,0.07858198996511027
1.69,0.07801956829127937
1.695,0.07746147967892557
1.7,0.07690768742490615
1.705,0.0763581551750836
1.71,0.07581284692054951
1.715,0.0752717269939083
1.72,0.0747347600655914
1.725,0.07420191114022781
1.73,0.07367314555305296
1.735,0.07314842896636341
1.74,0.07262772736601386
1.745,0.07211100705795716
1.75,0.07159823466482367
1.7550000000000001,0.07108937712254709
1.76,0.07058440167702432
1.7650000000000001,0.07008327588082364
1.77,0.06958596758992411
1.7750000000000001,0.06909244496050077
1.78,0.06860267644574354
1.7850000000000001,0.0681166307927186
1.79,0.06763427703926385
1.795,0.06715558451092292
1.8,0.0666805228179176
1.805,0.06620906185215175
1.81,0.06574117178425486
1.815,0.06527682306066028
1.82,0.06481598640071695
1.825,0.06435863279383493
1.83,0.0639047334966657
1.835,0.06345426003031808
1.84,0.06300718417760102
1.845,0.06256347798030577
1.85,0.06212311373651495
1.855,0.06168606399794594
1.86,0.06125230156732356
1.865,0.060821799495787476
1.87,0.060394531080322715
1.875,0.059970469861229427
1.8800000000000001,0.05954958961961418
1.885,0.05913186437491568
1.8900000000000001,0.05871726838245531
1.895,0.05830577613102193
1.9000000000000001,0.05789736234047546
1.905,0.05749200195938994
1.9100000000000001,0.057089670162714046
1.915,0.05669034234946323
1.92,0.0562939941404384
1.925,0.05590060137596936
1.93,0.05551014011368587
1.935,0.05512258662631294
1.94,0.0547379173994929
1.945,0.05435610912963045
1.95,0.05397713872176521
1.955,0.05360098328746577
1.96,0.053227620142749094
1.965,0.052857026806024325
1.97,0.05248918099605851
1.975,0.052124060629967106
1.98,0.051761643821225174
1.985,0.05140190887770333
1.99,0.05104483429972549
1.995,0.050690398778146246
2.0,0.05033858119245393
2.005,0.0499893606088918
2.0100000000000002,0.049642716278601264
2.015,0.04929862763578792
2.02,0.04895707429590468
2.025,0.04861803605385831
2.0300000000000002,0.048281492882234635
2.035,0.047947424929543216
2.04,0.04761581251848403
2.045,0.047286636144230274
2.05,0.04695987647273206
2.055,0.04663551433903858
2.06,0.046313530745640104
2.065,0.045993906860825745
2.07,0.045676624017062704
2.075,0.04536166370938998
2.08,0.04504900759383294
2.085,0.04473863748583353
2.09,0.044430535358698044
2.095,0.04412468334206262
2.1,0.04382106372037554
2.105,0.04351965893139426
2.11,0.04322045156470183
2.115,0.04292342436023887
2.12,0.042628560206848715
2.125,0.04233584214084271
2.13,0.04204525334457811
2.1350000000000002,0.041756777145052236
2.14,0.04147039701251283
2.145,0.04118609655908178
2.15,0.04090385953739596
2.1550000000000002,0.04062366983926068
2.16,0.04034551149431852
2.165,0.0400693686687329
2.17,0.03979522566388598
2.1750000000000003,0.03952306691508899
2.18,0.03925287699030889
2.185,0.03898464058890561
2.19,0.03871834254038667
2.195,0.03845396780317148
2.2,0.038191501463370685
2.205,0.03793092873357916
2.21,0.037672234951679845
2.215,0.03741540557966204
2.22,0.03716042620245196
2.225,0.036907282526754695
2.23,0.03665596037991018
2.235,0.03640644570875863
2.24,0.036158724578521664
2.245,0.035912783171691956
2.25,0.03566860778693629
2.255,0.035426184838009474
2.2600000000000002,0.03518550085268047
2.265,0.03494654247166825
2.27,0.03470929644759183
2.275,0.03447374964392668
2.2800000000000002,0.034239889033976754
2.285,0.034007701699854315
2.29,0.03377717483147211
2.295,0.033548295725544
2.3000000000000003,0.03332105178459854
2.305,0.033095430516000474
2.31,0.032871419530983784
2.315,0.032649006543694715
2.32,0.032428179370244274
2.325,0.03220892592777
2.33,0.03199123423350965
2.335,0.03177509240388078
2.34,0.031560488653573374
2.345,0.03134741129464999
2.35,0.031135848735655485
2.355,0.030925789480735405
2.36,0.030717222128764782
2.365,0.0305101353724841
2.37,0.030304517997645306
2.375,0.030100358882166035
2.38,0.029897646995292897
2.3850000000000002,0.029696371396772257
2.39,0.029496521236031775
2.395,0.02929808575136596
2.4,0.029101054269135417
2.4050000000000002,0.02890541620296965
2.41,0.028711161052980754
2.415,0.028518278404983274
2.42,0.028326757929723004
2.4250000000000003,0.028136589382113587
2.43,0.027947762600479775
2.435,0.027760267505809417
2.44,0.027574094101012626
2.445,0.027389232470187663
2.45,0.027205672777895384
2.455,0.027023405268439916
2.46,0.026842420265157197
2.465,0.02666270816971023
2.47,0.026484259461391838
2.475,0.02630706469643279
2.48,0.026131114507319475
2.485,0.02595639960211576
2.49,0.025782910763794038
2.495,0.02561063884956955
2.5,0.025439574790245067
2.505,0.02526970958955954
2.5100000000000002,0.025101034323543665
2.515,0.024933540139882776
2.52,0.024767218257283983
2.525,0.024602059964852704
2.5300000000000002,0.024438056621471277
2.535,0.024275199655187683
2.54,0.024113480562607113
2.545,0.023952890908291474
2.5500000000000003,0.023793422324163264
2.555,0.023635066508916815
2.56,0.023477815227434574
2.565,0.02332166031020791
2.57,0.023166593652766024
2.575,0.02301260721510777
2.58,0.022859693021140808
2.585,0.022707843158126018
2.59,0.02255704977612609
2.595,0.022407305087460312
2.6,0.02225860136616544
2.605,0.022110930947459556
2.61,0.021964286227213123
2.615,0.0218186596614247
2.62,0.021674043765700726
2.625,0.021530431114740903
2.63,0.021387814341829837
2.6350000000000002,0.02124618613833009
2.64,0.021105539253184404
2.645,0.020965866492419324
2.65,0.02082716071865508
2.6550000000000002,0.02068941485061996
2.66,0.020552621862668992
2.665,0.020416774784307302
2.67,0.02028186669971825
2.6750000000000003,0.020147890747296053
2.68,0.020014840119182267
2.685,0.019882708060807098
2.69,0.019751487870435406
2.695,0.019621172898715997
2.7,0.019491756548236188
2.705,0.01936323227307991
2.71,0.019235593578390303
2.715,0.019108834019936075
2.72,0.018982947203682706
2.725,0.018857926785366304
2.73,0.01873376647007319
2.735,0.018610460011821636
2.74,0.01848800121314925
2.745,0.018366383924702384
2.75,0.018245602044831253
2.755,0.01812564951918733
2.7600000000000002,0.018006520340325224
2.765,0.01788820854730808
2.77,0.017770708225316782
2.775,0.01765401350526255
2.7800000000000002,0.017538118563402864
2.785,0.01742301762096217
2.79,0.017308704943754485
2.795,0.017195174841810566
2.8000000000000003,0.017082421669008103
2.805,0.016970439822705456
2.81,0.016859223743378417
2.815,0.016748767914261182
2.82,0.01663906686098929
2.825,0.016530115151247384
2.83,0.01642190739441912
2.835,0.01631443824123985
2.84,0.01620770238345449
2.845,0.016101694553476473
2.85,0.015996409524050337
2.855,0.015891842107918185
2.86,0.01578798715748827
2.865,0.01568483956450717
2.87,0.01558239425973437
2.875,0.015480646212620693
2.88,0.015379590430988316
2.8850000000000002,0.01527922196071532
2.89,0.015179535885421426
2.895,0.01508052732615818
2.9,0.014982191441100584
2.9050000000000002,0.014884523425242121
2.91,0.014787518510092723
2.915,0.014691171963379053
2.92,0.014595479088747747
2.9250000000000003,0.014500435225470827
2.93,0.014406035748154883
2.935,0.014312276066451444
2.94,0.014219151624770927
2.945,0.014126657901998931
2.95,0.014034790411214684
2.955,0.013943544699412667
2.96,0.013852916347226038
2.965,0.013762900968653157
2.97,0.013673494210785972
2.975,0.013584691753541118
2.98,0.013496489309393704
2.985,0.013408882623112605
2.99,0.013321867471499051
2.995,0.013235439663126836
3.0,0.01314959503808547
3.005,0.013064329467724725
3.0100000000000002,0.012979638854402491
3.015,0.012895519131233789
3.02,0.012811966261842932
3.025,0.012728976240117455
3.0300000000000002,0.012646545089963775
3.035,0.012564668865066117
3.04,0.012483343648646311
3.045,0.012402565553226509
3.0500000000000003,0.012322330720393786
3.055,0.012242635320566764
3.06,0.012163475552764287
3.065,0.01208484764437585
3.0700000000000003,0.012006747850934616
3.075,0.011929172455892076
3.08,0.011852117770394707
3.085,0.011775580133062102
3.09,0.011699555909768178
3.095,0.011624041493423132
3.1,0.011549033303757958
3.105,0.011474527787110757
3.11,0.01140052141621433
3.115,0.011327010689986493
3.12,0.011253992133321728
3.125,0.01118146229688445
3.13,0.011109417756904582
3.1350000000000002,0.011037855114974368
3.14,0.010966770997847274
3.145,0.010896162057238642
3.15,0.010826024969627862
3.1550000000000002,0.01075635643606228
3.16,0.010687153181962793
3.165,0.010618411956931471
3.17,0.010550129534560176
3.1750000000000003,0.01048230271224122
3.18,0.010414928310979924
3.185,0.010348003175208054
3.19,0.010281524172599274
3.1950000000000003,0.01021548819388677
3.2,0.010149892152680988
3.205,0.010084732985289804
3.21,0.010020007650541184
3.215,0.009955713129605082
3.22,0.009891846425818897
3.225,0.009828404564513287
3.23,0.00976538459284011
3.235,0.009702783579601054
3.24,0.009640598615078766
3.245,0.00957882681086841
3.25,0.009517465299711153
3.255,0.009456511235329233
3.2600000000000002,0.009395961792261697
3.265,0.009335814165702576
3.27,0.009276065571339476
3.275,0.009216713245193813
3.2800000000000002,0.009157754443462863
3.285,0.009099186442362447
3.29,0.009041006537971342
3.295,0.008983212046077074
3.3000000000000003,0.008925800302022516
3.305,0.008868768660554357
3.31,0.008812114495672551
3.315,0.008755835200480974
3.3200000000000003,0.00869992818703949
3.325,0.008644390886217058
3.33,0.008589220747546405
3.335,0.008534415239079437
3.34,0.008479971847244397
3.345,0.008425888076703763
3.35,0.008372161450213382
3.355,0.008318789508483186
3.36,0.008265769810038529
3.365,0.008213099931083042
3.37,0.008160777465362472
3.375,0.00810880002402967
3.38,0.008057165235510802
3.3850000000000002,0.008005870745372404
3.39,0.00795491421618985
3.395,0.00790429332741678
3.4,0.007854005775255475
3.4050000000000002,0.0078040492725284126
3.41,0.007754421548551293
3.415,0.007705120349005973
3.42,0.007656143435815887
3.4250000000000003,0.007607488587021522
3.43,0.007559153596657011
3.435,0.007511136274628298
3.44,0.007463434446591556
3.4450000000000003,0.0074160459538331405
3.45,0.007368968653150485
3.455,0.007322200416733597
3.46,0.0072757391320479314
3.465,0.007229582701718002
3.47,0.007183729043412066
3.475,0.007138176089727596
3.48,0.00709292178807788
3.485,0.007047964100579385
3.49,0.0070033010039402864
3.495,0.006958930489349358
3.5,0.006914850562366467
3.505,0.006871059242813535
3.5100000000000002,0.006827554564666327
3.515,0.00678433457594746
3.52,0.006741397338620144
3.525,0.006698740928482357
3.5300000000000002,0.006656363435062703
3.535,0.006614262961516464
3.54,0.0065724376245225435
3.545,0.00653088555418175
3.5500000000000003,0.006489604893915153
3.555,0.006448593800363901
3.56,0.006407850443289539
3.565,0.006367373005475255
3.5700000000000003,0.006327159682627712
3.575,0.00628720868327996
3.58,0.0062475182286949515
3.585,0.006208086552769706
3.59,0.006168911901940801
3.595,0.006129992535089631
3.6,0.006091326723449779
3.605,0.006052912750513622
3.61,0.006014748911941133
3.615,0.005976833515468167
3.62,0.005939164880816304
3.625,0.005901741339603124
3.63,0.005864561235253276
3.6350000000000002,0.005827622922909967
3.64,0.005790924769347707
3.645,0.005754465152885277
3.65,0.0057182424632994866
3.6550000000000002,0.0056822551017399235
3.66,0.005646501480643827
3.665,0.0056109800236521954
3.67,0.005575689165526393
3.6750000000000003,0.0055406273520649104
3.68,0.0055057930400217794
3.685,0.005471184697024717
3.69,0.005436800801494397
3.6950000000000003,0.005402639842564258
3.7,0.00536870032000094
3.705,0.005334980744125322
3.71,0.005301479635734075
3.715,0.005268195526022381
3.72,0.005235126956506475
3.725,0.005202272478947114
3.73,0.005169630655274259
3.735,0.005137200057511063
3.74,0.005104979267699845
3.745,0.005072966877827558
3.75,0.005041161489752629
3.755,0.005009561715131675
3.7600000000000002,0.004978166175347548
3.765,0.004946973501437289
3.77,0.004915982334020859
3.775,0.004885191323230859
3.7800000000000002,0.004854599128641946
3.785,0.004824204419201605
3.79,0.004794005873161032
3.795,0.004764002178006696
3.8000000000000003,0.004734192030392364
3.805,0.00470457413607175
3.81,0.0046751472098316114
3.815,0.004645909975425422
3.8200000000000003,0.004616861165507443
3.825,0.004587999521567625
3.83,0.0045593237938665356
3.835,0.00453083274137124
3.84,0.004502525131691415
3.845,0.004474399741016085
3.85,0.004446455354050788
3.855,0.004418690763955227
3.86,0.004391104772281444
3.865,0.0043636961889125135
3.87,0.00433646383200155
3.875,0.0043094065279114194
3.88,0.004282523111154624
3.8850000000000002,0.004255812424334134
3.89,0.004229273318083983
3.895,0.004202904651010919
3.9,0.00417670528963638
3.9050000000000002,0.004150674108338619
3.91,0.004124809989295608
3.915,0.004099111822428266
3.92,0.004073578505344176
3.9250000000000003,0.004048208943281487
3.93,0.004023002049053661
3.935,0.003997956742994411
3.94,0.00397307195290292
3.9450000000000003,0.00394834661398978
3.95,0.003923779668823222
3.955,0.0038993700672756604
3.96,0.003875116766470842
3.9650000000000003,0.003851018730731192
3.97,0.0038270749315257387
3.975,0.0038032843474183663
3.98,0.0037796459640164013
3.985,0.003756158773919742
3.99,0.0037328217766702597
3.995,0.0037096339787015577
4.0,0.0036865943932893326
4.005,0.0036637020405017235
4.01,0.003640955947150582
4.015,0.0036183551467425124
4.0200000000000005,0.003595898679430776
4.025,0.0035735855919672628
4.03,0.0035514149376550423
4.035,0.0035293857763010693
4.04,0.003507497174169381
4.045,0.0034857482039346464
4.05,0.0034641379446360187
4.055,0.003442665481631395
4.0600000000000005,0.0034213299065518955
4.065,0.0034001303172568917
4.07,0.003379065817789275
4.075,0.003358135518330942
4.08,0.0033373385351588448
4.085,0.0033166739906011857
4.09,0.003296141012994133
4.095,0.0032757387366386176
4.1,0.0032554663017576825
4.105,0.0032353228544540627
4.11,0.003215307546668031
4.115,0.0031954195361356837
4.12,0.003175657986347426
4.125,0.003156022066506841
4.13,0.0031365109514899154
4.135,0.0031171238218043774
4.14,0.0030978598635495636
4.1450000000000005,0.0030787182683765235
4.15,0.003059698233448281
4.155,0.0030407989614006556
4.16,0.00302201966030311
4.165,0.003003359543620071
4.17,0.002984817830172532
4.175,0.002966393744099815
4.18,0.0029480865148217477
4.1850000000000005,0.002929895377001093
4.19,0.0029118195705061752
4.195,0.002893858340374008
4.2,0.002876010936773362
4.205,0.002858276614968506
4.21,0.0028406546352827736
4.215,0.002823144263062858
4.22,0.002805744768642993
4.225,0.0027884554273096868
4.23,0.002771275519266539
4.235,0.002754204329599358
4.24,0.002737241148241616
4.245,0.0027203852699400595
4.25,0.002703635994220666
4.255,0.0026869926253547606
4.26,0.0026704544723254436
4.265,0.002654020848794337
4.2700000000000005,0.0026376910730683567
4.275,0.0026214644680670543
4.28,0.0026053403612898668
4.285,0.0025893180847838776
4.29,0.0025733969751116125
4.295,0.002557576373319241
4.3,0.0025418556249049568
4.305,0.002526234079787499
4.3100000000000005,0.00251071109227504
4.315,0.0024952860210342488
4.32,0.0024799582290595495
4.325,0.0024647270836427215
4.33,0.002449591956342546
4.335,0.0024345522229548815
4.34,0.0024196072634827467
4.345,0.002404756462106807
4.3500000000000005,0.0023899992071560136
4.355,0.0023753348910783936
4.36,0.002360762910412204
4.365,0.002346282665757097
4.37,0.002331893561745726
4.375,0.0023175950070153323
4.38,0.002303386414179776
4.385,0.00228926719980155
4.39,0.002275236784364157
4.3950000000000005,0.002261294592244604
4.4,0.002247440051686148
4.405,0.0022336725947712404
4.41,0.002219991657394638
4.415,0.0022063966792366745
4.42,0.0021928871037368786
4.425,0.002179462378067622
4.43,0.002166121953108046
4.4350000000000005,0.002152865283418175
4.44,0.0021396918272132033
4.445,0.0021266010463379084
4.45,0.0021135924062414256
4.455,0.0021006653759520254
4.46,0.0020878194280521435
4.465,0.002075054038653656
4.47,0.002062368687373211
4.4750000000000005,0.002049762857307835
4.48,0.0020372360350107235
4.485,0.002024787710467114
4.49,0.002012417377070445
4.495,0.002000124531598585
4.5,0.0019879086741903824
4.505,0.0019757693083221634
4.51,0.00196370594078466
4.515,0.0019517180816598953
4.5200000000000005,0.0019398052442983582
4.525,0.0019279669452962871
4.53,0.0019162027044731134
4.535,0.0019045120448492013
4.54,0.0018928944926234956
4.545,0.001881349577151539
4.55,0.0018698768309236406
4.555,0.0018584757895431041
4.5600000000000005,0.0018471459917045914
4.565,0.0018358869791728438
4.57,0.0018246982967613503
4.575,0.0018135794923112474
4.58,0.001802530116670373
4.585,0.001791549723672507
4.59,0.0017806378701166667
4.595,0.0017697941157466387
4.6000000000000005,0.0017590180232306438
4.605,0.00174830915814111
4.61,0.001737667088934646
4.615,0.0017270913869320988
4.62,0.0017165816262988067
4.625,0.0017061373840249665
4.63,0.0016957582399061556
4.635,0.001685443776523993
4.64,0.0016751935792269344
4.6450000000000005,0.0016650072361112094
4.65,0.0016548843380018875
4.655,0.0016448244784341153
4.66,0.0016348272536344033
4.665,0.0016248922625021968
4.67,0.0016150191065913745
4.675,0.0016052073900921313
4.68,0.0015954567198127084
4.6850000000000005,0.001585766705161509
4.69,0.001576136958129197
4.695,0.0015665670932709433
4.7,0.001557056727688851
4.705,0.0015476054810144595
4.71,0.0015382129753913735
4.715,0.00152887883545806
4.72,0.0015196026883307133
4.7250000000000005,0.0015103841635863006
4.73,0.0015012228932456482
4.735,0.001492118511756741
4.74,0.0014830706559780936
4.745,0.0014740789651622348
4.75,0.0014651430809393198
4.755,0.0014562626473008653
4.76,0.0014474373105835923
4.765,0.0014386667194534108
4.7700000000000005,0.0014299505248894697
4.775,0.0014212883801683351
4.78,0.0014126799408483567
4.785,0.0014041248647540003
4.79,0.0013956228119604295
4.795,0.0013871734447781566
4.8,0.0013787764277377154
4.805,0.0013704314275746
4.8100000000000005,0.0013621381132141585
4.815,0.0013538961557567183
4.82,0.001345705228462717
4.825,0.0013375650067380246
4.83,0.0013294751681193068
4.835,0.0013214353922594907
4.84,0.0013134453609134132
4.845,0.0013055047579234853
4.8500000000000005,0.001297613269205487
4.855,0.0012897705827344627
4.86,0.0012819763885307382
4.865,0.0012742303786460064
4.87,0.0012665322471495182
4.875,0.0012588816901143852
4.88,0.0012512784056039614
4.885,0.0012437220936583372
4.89,0.0012362124562809234
4.8950000000000005,0.001228749197425128
4.9,0.0012213320229811121
4.905,0.0012139606407626981
4.91,0.00120663476049426
4.915,0.0011993540937978485
4.92,0.0011921183541802832
4.925,0.0011849272570204031
4.93,0.0011777805195563825
4.9350000000000005,0.0011706778608731598
4.94,0.0011636190018899139
4.945,0.0011566036653476704
4.95,0.0011496315757969894
4.955,0.0011427024595856842
4.96,0.0011358160448467337
4.965,0.001128972061486173
4.97,0.0011221702411711317
4.9750000000000005,0.00111541031731791
4.98,0.0011086920250802255
4.985,0.001102015101337448
4.99,0.0010953792846829335
4.995,0.0010887843154124932
5.0,0.001082229935512908
5.005,0.0010757158886505148
5.01,0.0010692419201598867
5.015,0.0010628077770325954
5.0200000000000005,0.0010564132079060404
5.025,0.0010500579630523664
5.03,0.0010437417943674585
5.035,0.0010374644553600141
5.04,0.0010312257011406757
5.045,0.0010250252884112714
5.05,0.0010188629754540961
5.055,0.001012738522121302
5.0600000000000005,0.0010066516898243096
5.065,0.001000602241523375
5.07,0.0009945899417171623
5.075,0.0009886145564323866
5.08,0.0009826758532136097
5.085,0.0009767736011129936
5.09,0.000970907570680201
5.095,0.000965077533952366
5.1000000000000005,0.0009592832644441109
5.105,0.0009535245371376087
5.11,0.0009478011284727784
5.115,0.0009421128163374996
5.12,0.0009364593800579161
5.125,0.0009308406003888003
5.13,0.0009252562595039696
5.135,0.0009197061409868187
5.14,0.0009141900298208605
5.1450000000000005,0.0009087077123803602
5.15,0.000903258976421038
5.155,0.0008978436110708191
5.16,0.0008924614068206808
5.165,0.0008871121555155261
5.17,0.0008817956503451096
5.175,0.0008765116858351099
5.18,0.0008712600578381707
5.1850000000000005,0.000866040563525049
5.19,0.0008608530013758107
5.195,0.0008556971711710809
5.2,0.0008505728739834118
5.205,0.0008454799121686104
5.21,0.0008404180893572103
5.215,0.0008353872104459824
5.22,0.0008303870815894586
5.2250000000000005,0.0008254175101915984
5.23,0.0008204783048974287
5.235,0.0008155692755847841
5.24,0.0008106902333561217
5.245,0.0008058409905303381
5.25,0.0008010213606347066
5.255,0.0007962311583968156
5.26,0.000791470199736573
5.265,0.0007867383017583285
5.2700000000000005,0.0007820352827429438
5.275,0.000777360962139996
5.28,0.0007727151605600259
5.285,0.0007680976997668085
5.29,0.000763508402669691
5.295,0.000758947093316006
5.3,0.000754413596883501
5.305,0.0007499077396728375
5.3100000000000005,0.00074542934910016
5.315,0.0007409782536896648
5.32,0.0007365542830662955
5.325,0.0007321572679484155
5.33,0.0007277870401405461
5.335,0.0007234434325262201
5.34,0.0007191262790607892
5.345,0.0007148354147643654
5.3500000000000005,0.0007105706757147112
5.355,0.0007063318990403128
5.36,0.0007021189229133635
5.365,0.0006979315865429076
5.37,0.0006937697301679368
5.375,0.0006896331950506246
5.38,0.0006855218234695274
5.385,0.0006814354587128846
5.39,0.0006773739450719349
5.3950000000000005,0.0006733371278343109
5.4,0.0006693248532774306
5.405,0.0006653369686619859
5.41,0.0006613733222254386
5.415,0.0006574337631755845
5.42,0.0006535181416841298
5.425,0.0006496263088803645
5.43,0.0006457581168448198
5.4350000000000005,0.000641913418603008
5.44,0.0006380920681192006
5.445,0.0006342939202902217
5.45,0.0006305188309393258
5.455,0.0006267666568100827
5.46,0.000623037255560321
5.465,0.0006193304857561116
5.47,0.0006156462068657829
5.4750000000000005,0.0006119842792539793
5.48,0.0006083445641757961
5.485,0.0006047269237708701
5.49,0.0006011312210576125
5.495,0.0005975573199274122
5.5,0.0005940050851388882
5.505,0.0005904743823121939
5.51,0.000586965077923384
5.515,0.0005834770392987581
5.5200000000000005,0.000580010134609299
5.525,0.0005765642328651226
5.53,0.0005731392039099578
5.535,0.0005697349184157049
5.54,0.0005663512478769744
5.545,0.0005629880646057025
5.55,0.0005596452417258009
5.555,0.0005563226531678268
5.5600000000000005,0.0005530201736636771
5.565,0.0005497376787413691
5.57,0.0005464750447198196
5.575,0.0005432321487036407
5.58,0.0005400088685780145
5.585,0.0005368050830035976
5.59,0.0005336206714114036
5.595,0.0005304555139978102
5.6000000000000005,0.0005273094917195176
5.605,0.0005241824862885888
5.61,0.0005210743801675138
5.615,0.0005179850565642979
5.62,0.0005149143994275932
5.625,0.0005118622934418615
5.63,0.0005088286240225586
5.635,0.0005058132773113602
5.64,0.0005028161401714411
5.6450000000000005,0.0004998371001827308
5.65,0.0004968760456372635
5.655,0.0004939328655345213
5.66,0.0004910074495768276
5.665,0.0004880996881647349
5.67,0.0004852094723925084
5.675,0.0004823366940435823
5.68,0.0004794812455860736
5.6850000000000005,0.0004766430201683211
5.69,0.00047382191161445133
5.695,0.0004710178144199739
5.7,0.00046823062374741915
5.705,0.00046546023542199
5.71,0.00046270654592724423
5.715,0.00045996945240082883
5.72,0.00045724885263019594
5.7250000000000005,0.0004545446450483897
5.73,0.00045185672872986605
5.735,0.00044918500338628843
5.74,0.00044652936936240794
5.745,0.0004438897276319504
5.75,0.00044126597979351773
5.755,0.000438658028066533
5.76,0.0004360657752872191
5.765,0.0004334891249045725
5.7700000000000005,0.00043092798097640585
5.775,0.00042838224816539345
5.78,0.0004258518317351213
5.785,0.00042333663754623034
5.79,0.0004208365720525189
5.795,0.0004183515422970856
5.8,0.00041588145590854307
5.805,0.0004134262210971905
5.8100000000000005,0.00041098574665126333
5.815,0.0004085599419331811
5.82,0.0004061487168758334
5.825,0.0004037519819788658
5.83,0.00040136964830504967
5.835,0.000399001627476598
5.84,0.00039664783167156676
5.845,0.0003943081736202517
5.8500000000000005,0.0003919825666016217
5.855,0.0003896709244397506
5.86,0.00038737316150031756
5.865,0.00038508919268710024
5.87,0.00038281893343847885
5.875,0.00038056229972400054
5.88,0.00037831920804094353
5.885,0.0003760895754109023
5.89,0.0003738733193764109
5.8950000000000005,0.00037167035799756096
5.9,0.0003694806098486939
5.905,0.0003673039940150477
5.91,0.00036514043008947723
5.915,0.0003629898381691813
5.92,0.00036085213885244267
5.925,0.00035872725323540263
5.93,0.00035661510290884265
5.9350000000000005,0.0003545156099550084
5.94,0.0003524286969444322
5.945,0.0003503542869328003
5.95,0.0003482923034578053
5.955,0.00034624267053606306
5.96,0.0003442053126600212
5.965,0.0003421801547948908
5.97,0.0003401671223756166
5.9750000000000005,0.00033816614130384453
5.98,0.0003361771379449119
5.985,0.0003342000391248873
5.99,0.00033223477212758837
5.995,0.00033028126469164136
6.0,0.0003283394450075724
6.005,0.00032640924171487495
6.01,0.0003244905838991591
6.015000000000001,0.00032258340108925565
6.0200000000000005,0.00032068762325439173
6.025,0.00031880318080134437
6.03,0.0003169300045716496
6.035,0.0003150680258387929
6.04,0.0003132171763054494
6.045,0.000311377388100736
6.05,0.00030954859377745194
6.055,0.0003077307263093891
6.0600000000000005,0.00030592371908860945
6.065,0.0003041275059227843
6.07,0.00030234202103251263
6.075,0.00030056719904868266
6.08,0.0002988029750098459
6.085,0.0002970492843595988
6.09,0.0002953060629439976
6.095,0.0002935732470089645
6.1000000000000005,0.000291850773197752
6.105,0.0002901385785483789
6.11,0.0002884366004911105
6.115,0.00028674477684595564
6.12,0.0002850630458201679
6.125,0.00028339134600576215
6.13,0.00028172961637706743
6.135,0.0002800777962882734
6.140000000000001,0.0002784358254710115
6.1450000000000005,0.00027680364403192826
6.15,0.00027518119245030086
6.155,0.00027356841157565433
6.16,0.00027196524262540077
6.165,0.0002703716271824797
6.17,0.0002687875071930347
6.175,0.0002672128249640832
6.18,0.00026564752316123063
6.1850000000000005,0.0002640915448063651
6.19,0.0002625448332754016
6.195,0.00026100733229600473
6.2,0.00025947898594536886
6.205,0.0002579597386479592
6.21,0.00025644953517333085
6.215,0.0002549483206339063
6.22,0.00025345604048280406
6.2250000000000005,0.0002519726405116555
6.23,0.0002504980668484677
6.235,0.00024903226595546565
6.24,0.0002475751846269589
6.245,0.0002461267699872508
6.25,0.0002446869694885203
6.255,0.00024325573090874106
6.26,0.00024183300234960478
6.265000000000001,0.0002404187322344693
6.2700000000000005,0.00023901286930630777
6.275,0.00023761536262568135
6.28,0.00023622616156870915
6.285,0.00023484521582507756
6.29,0.00023347247539603529
6.295,0.00023210789059242308
6.3,0.00023075141203270013
6.305,0.0002294029906409975
6.3100000000000005,0.00022806257764516473
6.315,0.00022673012457486024
6.32,0.00022540558325961633
6.325,0.00022408890582695327
6.33,0.00022278004470047203
6.335,0.00022147895259799272
6.34,0.00022018558252967477
6.345,0.00021889988779617037
6.3500000000000005,0.00021762182198678269
6.355,0.00021635133897763255
6.36,0.00021508839292983805
6.365,0.0002138329382877195
6.37,0.0002125849297770015
6.375,0.00021134432240301805
6.38,0.00021011107144895517
6.385,0.0002088851324740942
6.390000000000001,0.0002076664613120503
6.3950000000000005,0.00020645501406904367
6.4,0.0002052507471221806
6.405,0.00020405361711772185
6.41,0.00020286358096940516
6.415,0.00020168059585672315
6.42,0.0002005046192232733
6.425,0.00019933560877506815
6.43,0.00019817352247888384
6.4350000000000005,0.00019701831856060894
6.44,0.00019586995550360646
6.445,0.00019472839204709024
6.45,0.0001935935871845144
6.455,0.00019246550016196
6.46,0.0001913440904765273
6.465,0.00019022931787478177
6.47,0.00018912114235115346
6.4750000000000005,0.00018801952414638663
6.48,0.00018692442374597328
6.485,0.0001858358018786269
6.49,0.00018475361951472745
6.495,0.00018367783786481592
6.5,0.0001826084183780652
6.505,0.00018154532274078987
6.51,0.00018048851287493626
6.515000000000001,0.00017943795093661128
6.5200000000000005,0.00017839359931460044
6.525,0.00017735542062890142
6.53,0.00017632337772926476
6.535,0.00017529743369375619
6.54,0.00017427755182731984
6.545,0.00017326369566033527
6.55,0.00017225582894720969
6.555,0.00017125391566497097
6.5600000000000005,0.00017025792001185792
6.565,0.00016926780640593413
6.57,0.00016828353948370603
6.575,0.0001673050840987443
6.58,0.00016633240532032813
6.585,0.00016536546843207576
6.59,0.000164404238930611
6.595,0.00016344868252422194
6.6000000000000005,0.00016249876513151944
6.605,0.00016155445288013084
6.61,0.00016061571210537797
6.615,0.00015968250934897749
6.62,0.0001587548113577435
6.625,0.00015783258508229715
6.63,0.00015691579767579622
6.635,0.00015600441649265312
6.640000000000001,0.0001550984090872812
6.6450000000000005,0.00015419774321283265
6.65,0.0001533023868199625
6.655,0.000152412308055572
6.66,0.00015152747526160228
6.665,0.00015064785697378838
6.67,0.0001497734219204653
6.675,0.00014890413902134193
6.68,0.00014803997738632214
6.6850000000000005,0.00014718090631429036
6.69,0.00014632689529194663
6.695,0.00014547791399262342
6.7,0.00014463393227511886
6.705,0.00014379492018253484
6.71,0.00014296084794111871
6.715,0.0001421316859591196
6.72,0.00014130740482566233
6.7250000000000005,0.00014048797530959788
6.73,0.00013967336835838957
6.735,0.00013886355509698918
6.74,0.00013805850682673587
6.745,0.00013725819502424455
6.75,0.00013646259134031868
6.755,0.00013567166759885537
6.76,0.00013488539579576688
6.765000000000001,0.00013410374809790762
6.7700000000000005,0.0001333266968419982
6.775,0.000132554214533572
6.78,0.00013178627384592733
6.785,0.00013102284761906603
6.79,0.00013026390885865366
6.795,0.00012950943073500055
6.8,0.0001287593865820224
6.805,0.00012801374989621845
6.8100000000000005,0.00012727249433567122
6.815,0.00012653559371901313
6.82,0.00012580302202445256
6.825,0.0001250747533887617
6.83,0.000124350762106298
6.835,0.00012363102262801502
6.84,0.00012291550956049037
6.845,0.00012220419766495135
6.8500000000000005,0.00012149706185632268
6.855,0.00012079407720224907
6.86,0.0001200952189221702
6.865,0.0001194004623863544
6.87,0.00011870978311497103
6.875,0.00011802315677715118
6.88,0.00011734055919006877
6.885,0.00011666196631799853
6.890000000000001,0.00011598735427143539
6.8950000000000005,0.00011531669930615063
6.9,0.00011464997782231912
6.905,0.00011398716636359111
6.91,0.00011332824161622014
6.915,0.00011267318040817082
6.92,0.00011202195970823853
6.925,0.00011137455662517504
6.93,0.00011073094840682235
6.9350000000000005,0.00011009111243923208
6.94,0.00010945502624582916
6.945,0.00010882266748654785
6.95,0.00010819401395698486
6.955,0.00010756904358754949
6.96,0.0001069477344426484
6.965,0.00010633006471982678
6.97,0.00010571601274897012
6.9750000000000005,0.0001051055569914517
6.98,0.00010449867603934629
6.985,0.00010389534861460521
6.99,0.00010329555356824995
6.995,0.00010269926987957369
7.0,0.00010210647665535181
7.005,0.00010151715312904206
7.01,0.00010093127866001166
7.015000000000001,0.00010034883273274139
7.0200000000000005,9.976979495606538e-05
7.025,9.919414506239025e-05
7.03,9.862186290693824e-05
7.035,9.80529284669721e-05
7.04,9.748732184106814e-05
7.045,9.692502324832825e-05
7.05,9.636601302766592e-05
7.055,9.581027163704167e-05
7.0600000000000005,9.525777965274297e-05
7.065,9.4708517768642e-05
7.07,9.416246679547048e-05
7.075,9.361960766010294e-05
7.08,9.30799214048318e-05
7.085,9.254338918664748e-05
7.09,9.200999227655188e-05
7.095,9.147971205882847e-05
7.1000000000000005,9.09525300303588e-05
7.105,9.042842779991834e-05
7.11,8.990738708748804e-05
7.115,8.938938972356587e-05
7.12,8.887441764849038e-05
7.125,8.836245291175249e-05
7.13,8.785347767133126e-05
7.135,8.734747419301729e-05
7.140000000000001,8.684442484974434e-05
7.1450000000000005,8.634431212094665e-05
7.15,8.58471185918733e-05
7.155,8.535282695296673e-05
7.16,8.486141999918367e-05
7.165,8.43728806293703e-05
7.17,8.388719184561537e-05
7.175,8.340433675261977e-05
7.18,8.292429855704499e-05
7.1850000000000005,8.244706056691092e-05
7.19,8.197260619095516e-05
7.195,8.150091893801165e-05
7.2,8.103198241639917e-05
7.205,8.056578033331246e-05
7.21,8.010229649419997e-05
7.215,7.964151480217209e-05
7.22,7.918341925739566e-05
7.2250000000000005,7.872799395648741e-05
7.23,7.827522309194152e-05
7.235,7.782509095150674e-05
7.24,7.737758191763862e-05
7.245,7.693268046689724e-05
7.25,7.649037116934472e-05
7.255,7.605063868802668e-05
7.26,7.561346777834684e-05
7.265000000000001,7.517884328752623e-05
7.2700000000000005,7.474675015403837e-05
7.275,7.431717340703062e-05
7.28,7.389009816578766e-05
7.285,7.346550963917085e-05
7.29,7.30433931250553e-05
7.295,7.26237340098065e-05
7.3,7.220651776771386e-05
7.305,7.179172996046727e-05
7.3100000000000005,7.137935623660545e-05
7.315,7.096938233100032e-05
7.32,7.056179406431395e-05
7.325,7.015657734247455e-05
7.33,6.975371815615406e-05
7.335,6.935320258025063e-05
7.34,6.895501677336952e-05
7.345,6.855914697730589e-05
7.3500000000000005,6.816557951654484e-05
7.355,6.777430079774211e-05
7.36,6.738529730922721e-05
7.365,6.699855562050365e-05
7.37,6.661406238174689e-05
7.375,6.623180432331292e-05
7.38,6.585176825524779e-05
7.385,6.547394106679116e-05
7.390000000000001,6.509830972590625e-05
7.3950000000000005,6.472486127878187e-05
7.4,6.43535828493657e-05
7.405,6.398446163887939e-05
7.41,6.361748492534707e-05
7.415,6.325264006313153e-05
7.42,6.288991448245874e-05
7.425,6.25292956889592e-05
7.43,6.217077126320256e-05
7.4350000000000005,6.18143288602392e-05
7.44,6.145995620915383e-05
7.445,6.11076411125948e-05
7.45,6.0757371446341914e-05
7.455,6.0409135158849584e-05
7.46,6.006292027080311e-05
7.465,5.971871487467831e-05
7.47,5.937650713430474e-05
7.4750000000000005,5.9036285284434e-05
7.48,5.8698037630285037e-05
7.485,5.836175254714067e-05
7.49,5.802741847990408e-05
7.495,5.769502394267608e-05
7.5,5.736455751834133e-05
7.505,5.703600785812639e-05
7.51,5.670936368120736e-05
7.515000000000001,5.6384613774280757e-05
7.5200000000000005,5.6061746991154964e-05
7.525,5.5740752252341444e-05
7.53,5.542161854464566e-05
7.535,5.510433492076463e-05
7.54,5.478889049888357e-05
7.545,5.447527446227694e-05
7.55,5.416347605891181e-05
7.555,5.3853484601052673e-05
7.5600000000000005,5.354528946487009e-05
7.565,5.323888009005028e-05
7.57,5.293424597940911e-05
7.575,5.263137669850589e-05
7.58,5.2330261875262823e-05
7.585,5.203089119958301e-05
7.59,5.17332544229739e-05
7.595,5.143734135817304e-05
7.6000000000000005,5.114314187877337e-05
7.605,5.0850645918853407e-05
7.61,5.0559843472609176e-05
7.615,5.0270724593987606e-05
7.62,4.998327939632386e-05
7.625,4.9697498051978615e-05
7.63,4.941337079197997e-05
7.635,4.913088790566578e-05
7.640000000000001,4.8850039740329044e-05
7.6450000000000005,4.857081670086502e-05
7.65,4.829320924942209e-05
7.655,4.801720790505289e-05
7.66,4.77428032433672e-05
7.665,4.7469985896189715e-05
7.67,4.719874655121777e-05
7.675,4.692907595168162e-05
7.68,4.666096489600692e-05
7.6850000000000005,4.6394404237479444e-05
7.69,4.612938488391175e-05
7.695,4.586589779731238e-05
7.7,4.560393399355542e-05
7.705,4.534348454205482e-05
7.71,4.5084540565438295e-05
7.715,4.482709323922528e-05
7.72,4.457113379150436e-05
7.7250000000000005,4.4316653502615216e-05
7.73,4.4063643704831586e-05
7.735,4.3812095782045544e-05
7.74,4.356200116945464e-05
7.745,4.331335135325037e-05
7.75,4.306613787030959e-05
7.755,4.282035230788577e-05
7.76,4.257598630330515e-05
7.765000000000001,4.233303154366147e-05
7.7700000000000005,4.2091479765516066e-05
7.775,4.185132275459607e-05
7.78,4.161255234549746e-05
7.785,4.137516042138916e-05
7.79,4.113913891371771e-05
7.795,4.0904479801915944e-05
7.8,4.067117511311179e-05
7.805000000000001,4.043921692183901e-05
7.8100000000000005,4.0208597349750555e-05
7.815,3.9979308565332795e-05
7.82,3.975134278362229e-05
7.825,3.952469226592425e-05
7.83,3.929934931953209e-05
7.835,3.9075306297448906e-05
7.84,3.8852555598111104e-05
7.845,3.863108966511369e-05
7.8500000000000005,3.841090098693665e-05
7.855,3.819198209667371e-05
7.86,3.7974325571762705e-05
7.865,3.775792403371641e-05
7.87,3.7542770147857394e-05
7.875,3.732885662305206e-05
7.88,3.711617621144827e-05
7.885,3.690472170821265e-05
7.890000000000001,3.669448595127149e-05
7.8950000000000005,3.6485461821052056e-05
7.9,3.6277642240226175e-05
7.905,3.607102017345406e-05
7.91,3.5865588627131456e-05
7.915,3.5661340649137184e-05
7.92,3.545826932858336e-05
7.925,3.525636779556527e-05
7.930000000000001,3.505562922091456e-05
7.9350000000000005,3.485604681595372e-05
7.94,3.46576138322505e-05
7.945,3.446032356137623e-05
7.95,3.4264169334663813e-05
7.955,3.406914452296773e-05
7.96,3.387524253642567e-05
7.965,3.368245682422232e-05
7.97,3.34907808743527e-05
7.9750000000000005,3.330020821338859e-05
7.98,3.311073240624568e-05
7.985,3.29223470559536e-05
7.99,3.2735045803424005e-05
7.995,3.254882232722429e-05
8.0,3.236367034334928e-05
8.005,3.2179583604996406e-05
8.01,3.199655590234057e-05
8.015,3.181458106231332e-05
8.02,3.163365294837944e-05
8.025,3.145376546031743e-05
8.03,3.127491253400146e-05
8.035,3.109708814118361e-05
8.040000000000001,3.09202862892774e-05
8.045,3.074450102114407e-05
8.05,3.056972641487798e-05
8.055,3.0395956583596076e-05
8.06,3.022318567522515e-05
8.065,3.0051407872294235e-05
8.07,2.9880617391725704e-05
8.075,2.9710808484627748e-05
8.08,2.9541975436089937e-05
8.085,2.9374112564977864e-05
8.09,2.9207214223730684e-05
8.095,2.904127479815856e-05
8.1,2.8876288707242652e-05
8.105,2.8712250402935446e-05
8.11,2.854915436996254e-05
8.115,2.8386995125625883e-05
8.120000000000001,2.822576721960768e-05
8.125,2.806546523377613e-05
8.13,2.7906083781991914e-05
8.135,2.7747617509916265e-05
8.14,2.7590061094819293e-05
8.145,2.7433409245391098e-05
8.15,2.7277656701552322e-05
8.155,2.71227982342671e-05
8.16,2.6968828645356237e-05
8.165000000000001,2.6815742767312544e-05
8.17,2.6663535463116523e-05
8.175,2.6512201626052876e-05
8.18,2.6361736179529752e-05
8.185,2.621213407689705e-05
8.19,2.606339030126674e-05
8.195,2.5915499865335473e-05
8.2,2.5768457811206003e-05
8.205,2.562225921021142e-05
8.21,2.5476899162739102e-05
8.215,2.5332372798058093e-05
8.22,2.518867527414402e-05
8.225,2.5045801777508652e-05
8.23,2.4903747523027733e-05
8.235,2.4762507753771792e-05
8.24,2.46220777408366e-05
8.245000000000001,2.4482452783175594e-05
8.25,2.43436282074331e-05
8.255,2.4205599367778285e-05
8.26,2.406836164573997e-05
8.265,2.3931910450043646e-05
8.27,2.3796241216447607e-05
8.275,2.3661349407581867e-05
8.28,2.3527230512787098e-05
8.285,2.3393880047954616e-05
8.290000000000001,2.3261293555367284e-05
8.295,2.312946660354236e-05
8.3,2.299839478707352e-05
8.305,2.2868073726475603e-05
8.31,2.2738499068029163e-05
8.315,2.260966648362629e-05
8.32,2.2481571670618088e-05
8.325,2.2354210351661328e-05
8.33,2.2227578274568227e-05
8.335,2.2101671212155264e-05
8.34,2.1976484962094104e-05
8.345,2.1852015346762818e-05
8.35,2.1728258213098546e-05
8.355,2.1605209432450255e-05
8.36,2.1482864900433444e-05
8.365,2.1361220536784334e-05
8.370000000000001,2.12402722852169e-05
8.375,2.112001611327863e-05
8.38,2.100044801220862e-05
8.385,2.0881563996795967e-05
8.39,2.0763360105239628e-05
8.395,2.0645832399007818e-05
8.4,2.0528976962699596e-05
8.405,2.041278990390698e-05
8.41,2.029726735307708e-05
8.415000000000001,2.0182405463376372e-05
8.42,2.0068200410554788e-05
8.425,1.995464839281092e-05
8.43,1.98417456306582e-05
8.435,1.9729488366791885e-05
8.44,1.9617872865956406e-05
8.445,1.950689541481453e-05
8.45,1.9396552321815808e-05
8.455,1.9286839917067386e-05
8.46,1.9177754552204497e-05
8.465,1.906929260026219e-05
8.47,1.896145045554822e-05
8.475,1.8854224533515122e-05
8.48,1.874761127063575e-05
8.485,1.8641607124276884e-05
8.49,1.8536208572574834e-05
8.495000000000001,1.843141211431268e-05
8.5,1.8327214268795858e-05
8.505,1.8223611575730977e-05
8.51,1.81206005951043e-05
8.515,1.8018177907060377e-05
8.52,1.7916340111782375e-05
8.525,1.7815083829372827e-05
8.53,1.771440569973512e-05
8.535,1.7614302382455193e-05
8.540000000000001,1.7514770556685088e-05
8.545,1.741580692102601e-05
8.55,1.7317408193412835e-05
8.555,1.7219571110998925e-05
8.56,1.712229243004192e-05
8.565,1.7025568925790095e-05
8.57,1.6929397392369486e-05
8.575000000000001,1.6833774642671626e-05
8.58,1.673869750824155e-05
8.585,1.6644162839167554e-05
8.59,1.6550167503970556e-05
8.595,1.645670838949473e-05
8.6,1.6363782400798127e-05
8.605,1.6271386461045244e-05
8.61,1.617951751139871e-05
8.615,1.608817251091298e-05
8.620000000000001,1.599734843642709e-05
8.625,1.5907042282460318e-05
8.63,1.5817251061105968e-05
8.635,1.572797180192765e-05
8.64,1.5639201551855477e-05
8.645,1.555093737508289e-05
8.65,1.5463176352963998e-05
8.655,1.5375915583911894e-05
8.66,1.5289152183297487e-05
8.665000000000001,1.520288328334842e-05
8.67,1.5117106033049778e-05
8.675,1.5031817598043733e-05
8.68,1.4947015160531614e-05
8.685,1.4862695919175086e-05
8.69,1.4778857088998462e-05
8.695,1.4695495901292402e-05
8.700000000000001,1.4612609603516194e-05
8.705,1.4530195459203345e-05
8.71,1.4448250747864575e-05
8.715,1.4366772764895086e-05
8.72,1.4285758821478576e-05
8.725,1.4205206244494751e-05
8.73,1.4125112376425786e-05
8.735,1.4045474575264344e-05
8.74,1.3966290214420815e-05
8.745000000000001,1.3887556682633083e-05
8.75,1.3809271383874823e-05
8.755,1.3731431737265631e-05
8.76,1.3654035176981247e-05
8.765,1.3577079152164514e-05
8.77,1.3500561126836391e-05
8.775,1.3424478579808235e-05
8.78,1.3348829004594115e-05
8.785,1.3273609909323746e-05
8.790000000000001,1.3198818816655834e-05
8.795,1.3124453263692347e-05
8.8,1.305051080189279e-05
8.805,1.2976988996989438e-05
8.81,1.2903885428902813e-05
8.815,1.2831197691657782e-05
8.82,1.2758923393299868e-05
8.825000000000001,1.2687060155812664e-05
8.83,1.2615605615035268e-05
8.835,1.2544557420580233e-05
8.84,1.2473913235752346e-05
8.845,1.2403670737467297e-05
8.85,1.2333827616171735e-05
8.855,1.2264381575762754e-05
8.86,1.2195330333508803e-05
8.865,1.2126671619970302e-05
8.870000000000001,1.2058403178921485e-05
8.875,1.1990522767272071e-05
8.88,1.1923028154989464e-05
8.885,1.1855917125021993e-05
8.89,1.1789187473222158e-05
8.895,1.1722837008270203e-05
8.9,1.1656863551598447e-05
8.905,1.1591264937316026e-05
8.91,1.15260390121342e-05
8.915000000000001,1.1461183635291497e-05
8.92,1.1396696678480331e-05
8.925,1.1332576025772854e-05
8.93,1.1268819573548258e-05
8.935,1.120542523042037e-05
8.94,1.1142390917164771e-05
8.945,1.1079714566647823e-05
8.950000000000001,1.1017394123754755e-05
8.955,1.095542754531883e-05
8.96,1.0893812800051193e-05
8.965,1.083254786847045e-05
8.97,1.0771630742833335e-05
8.975,1.071105942706526e-05
8.98,1.0650831936691466e-05
8.985,1.0590946298768805e-05
8.99,1.0531400551817949e-05
8.995000000000001,1.0472192745755145e-05
9.0,1.0413320941825813e-05
9.005,1.0354783212537329e-05
9.01,1.0296577641592608e-05
9.015,1.0238702323824587e-05
9.02,1.0181155365129993e-05
9.025,1.0123934882404717e-05
9.03,1.0067039003478816e-05
9.035,1.0010465867052225e-05
9.040000000000001,9.954213622630386e-06
9.045,9.898280430461009e-06
9.05,9.842664461470519e-06
9.055,9.787363897201517e-06
9.06,9.73237692975003e-06
9.065,9.6777017617034e-06
9.07,9.623336606078494e-06
9.075000000000001,9.569279686260675e-06
9.08,9.515529235942281e-06
9.085,9.462083499062208e-06
9.09,9.408940729745827e-06
9.095,9.356099192244574e-06
9.1,9.303557160876804e-06
9.105,9.25131291996843e-06
9.11,9.199364763794088e-06
9.115,9.147710996518448e-06
9.120000000000001,9.096349932138563e-06
9.125,9.045279894425236e-06
9.13,8.994499216866275e-06
9.135,8.944006242609243e-06
9.14,8.893799324404352e-06
9.145,8.843876824548213e-06
9.15,8.794237114827961e-06
9.155,8.744878576465038e-06
9.16,8.695799600060211e-06
9.165000000000001,8.646998585538008e-06
9.17,8.598473942092347e-06
9.175,8.550224088131953e-06
9.18,8.502247451226003e-06
9.185,8.454542468050754e-06
9.19,8.407107584335623e-06
9.195,8.35994125481034e-06
9.200000000000001,8.31304194315208e-06
9.205,8.266408121932747e-06
9.21,8.220038272566874e-06
9.215,8.173930885259844e-06
9.22,8.128084458955875e-06
9.225,8.082497501287333e-06
9.23,8.037168528523293e-06
9.235,7.992096065518995e-06
9.24,7.947278645665524e-06
9.245000000000001,7.90271481083983e-06
9.25,7.858403111354559e-06
9.255,7.814342105909016e-06
9.26,7.770530361539722e-06
9.265,7.726966453571685e-06
9.27,7.683648965569631e-06
9.275,7.64057648928977e-06
9.28,7.5977476246319426e-06
9.285,7.555160979591426e-06
9.290000000000001,7.512815170212005e-06
9.295,7.470708820538554e-06
9.3,7.428840562570223e-06
9.305,7.387209036213478e-06
9.31,7.3458128892363735e-06
9.315,7.304650777222173e-06
9.32,7.263721363523306e-06
9.325000000000001,7.2230233192164115e-06
9.33,7.182555323056683e-06
9.335,7.142316061433081e-06
9.34,7.102304228323488e-06
9.345,7.062518525250516e-06
9.35,7.022957661237105e-06
9.355,6.9836203527625826e-06
9.36,6.944505323719261e-06
9.365,6.905611305368908e-06
9.370000000000001,6.866937036299496e-06
9.375,6.828481262382586e-06
9.38,6.790242736730431e-06
9.385,6.7522202196538155e-06
9.39,6.71441247861991e-06
9.395,6.676818288210337e-06
9.4,6.6394364300794395e-06
9.405,6.602265692913277e-06
9.41,6.565304872388154e-06
9.415000000000001,6.528552771129778e-06
9.42,6.4920081986729865e-06
9.425,6.455669971420701e-06
9.43,6.4195369126044344e-06
9.435,6.383607852243977e-06
9.44,6.347881627107814e-06
9.445,6.3123570806737004e-06
9.450000000000001,6.27703306308944e-06
9.455,6.241908431133876e-06
9.46,6.206982048178218e-06
9.465,6.172252784147522e-06
9.47,6.137719515482194e-06
9.475,6.103381125100281e-06
9.48,6.069236502359229e-06
9.485,6.035284543018785e-06
9.49,6.001524149203103e-06
9.495000000000001,5.96795422936378e-06
9.5,5.9345736982430205e-06
9.505,5.901381476836775e-06
9.51,5.868376492358279e-06
9.515,5.835557678201601e-06
9.52,5.802923973905908e-06
9.525,5.770474325119321e-06
9.53,5.7382076835631985e-06
9.535,5.706123006997091e-06
9.540000000000001,5.674219259183093e-06
9.545,5.642495409850984e-06
9.55,5.610950434663521e-06
9.555,5.579583315181534e-06
9.56,5.548393038829929e-06
9.565,5.517378598863109e-06
9.57,5.486538994331191e-06
9.575000000000001,5.455873230046232e-06
9.58,5.425380316548354e-06
9.585,5.395059270072747e-06
9.59,5.3649091125162125e-06
9.595,5.334928871404153e-06
9.6,5.305117579857922e-06
9.605,5.275474276561979e-06
9.61,5.245998005731781e-06
9.615,5.216687817081269e-06
9.620000000000001,5.187542765790944e-06
9.625,5.1585619124760545e-06
9.63,5.129744323154763e-06
9.635,5.101089069216994e-06
9.64,5.0725952273927955e-06
9.645,5.044261879721434e-06
9.65,5.016088113520521e-06
9.655,4.988073021355038e-06
9.66,4.9602157010069944e-06
9.665000000000001,4.932515255445023e-06
9.67,4.904970792794078e-06
9.675,4.87758142630561e-06
9.68,4.850346274327417e-06
9.685,4.823264460274423e-06
9.69,4.796335112598723e-06
9.695,4.769557364760597e-06
9.700000000000001,4.742930355199221e-06
9.705,4.716453227303704e-06
9.71,4.690125129384466e-06
9.715,4.6639452146442256e-06
9.72,4.6379126411500075e-06
9.725,4.612026571804484e-06
9.73,4.586286174318029e-06
9.735,4.560690621180765e-06
9.74,4.535239089634668e-06
9.745000000000001,4.509930761645979e-06
9.75,4.484764823877864e-06
9.755,4.459740467662973e-06
9.76,4.434856888976165e-06
9.765,4.410113288407893e-06
9.77,4.385508871137077e-06
9.775,4.361042846904535e-06
9.78,4.336714429986525e-06
9.785,4.3125228391682065e-06
9.790000000000001,4.288467297717753e-06
9.795,4.264547033360001e-06
9.8,4.240761278250769e-06
9.805,4.217109268951043e-06
9.81,4.19359024640126e-06
9.815,4.170203455896175e-06
9.82,4.146948147059384e-06
9.825000000000001,4.123823573818064e-06
9.83,4.100828994378324e-06
9.835,4.077963671200053e-06
9.84,4.055226870972381e-06
9.845,4.032617864589098e-06
9.85,4.010135927124188e-06
9.855,3.987780337807752e-06
9.86,3.9655503800016345e-06
9.865,3.943445341175681e-06
9.870000000000001,3.921464512883619e-06
9.875,3.899607190739821e-06
9.88,3.877872674395241e-06
9.885,3.8562602675143385e-06
9.89,3.834769277751677e-06
9.895,3.813399016728731e-06
9.9,3.792148800011021e-06
9.905,3.7710179470851014e-06
9.91,3.7500057813359805e-06
9.915000000000001,3.729111630024227e-06
9.92,3.7083348242639573e-06
9.925,3.6876746990000454e-06
9.93,3.6671305929862267e-06
9.935,3.646701848762861e-06
9.94,3.626387812634921e-06
9.945,3.606187834650492e-06
9.950000000000001,3.586101268578688e-06
9.955,3.566127471888372e-06
9.96,3.5462658057267244e-06
9.965,3.5265156348975807e-06
9.97,3.506876327840679e-06
9.975,3.4873472566104426e-06
9.98,3.4679277968549187e-06
9.985,3.448617327795225e-06
9.99,3.429415232204517e-06
9.995000000000001,3.4103208963877376e-06
10.0,3.3913337101609686e-06
10.005,3.3724530668312744e-06
10.01,3.353678363176292e-06
10.015,3.33500899942433e-06
10.02,3.31644437923418e-06
10.025,3.2979839096754906e-06
10.03,3.2796270012089206e-06
10.035,3.261373067666505e-06
10.040000000000001,3.2432215262321214e-06
10.045,3.225171797422166e-06
10.05,3.2072233050663084e-06
10.055,3.1893754762881554e-06
10.06,3.171627741486392e-06
10.065,3.1539795343156365e-06
10.07,3.1364302916678533e-06
10.075000000000001,3.1189794536534597e-06
10.08,3.1016264635827363e-06
10.085,3.0843707679472954e-06
10.09,3.067211816401841e-06
10.095,3.0501490617457047e-06
10.1,3.033181959904755e-06
10.105,3.01630996991323e-06
10.11,2.9995325538960296e-06
10.115,2.9828491770505395e-06
10.120000000000001,2.966259307628954e-06
10.125,2.949762416920873e-06
10.13,2.933357979235396e-06
10.135,2.9170454718838527e-06
10.14,2.9008243751624713e-06
10.145,2.8846941723351787e-06
10.15,2.8686543496162724e-06
10.155,2.8527043961534037e-06
10.16,2.836843804011033e-06
10.165000000000001,2.821072068152987e-06
10.17,2.8053886864261165e-06
10.175,2.789793159543564e-06
10.18,2.7742849910680885e-06
10.185,2.7588636873958978e-06
10.19,2.743528757739857e-06
10.195,2.72827971411369e-06
10.200000000000001,2.7131160713155103e-06
10.205,2.6980373469118157e-06
10.21,2.6830430612216624e-06
10.215,2.6681327373004248e-06
10.22,2.6533059009246337e-06
10.225,2.6385620805754417e-06
10.23,2.623900807423728e-06
10.235,2.609321615314288e-06
10.24,2.5948240407503256e-06
10.245000000000001,2.580407622878289e-06
10.25,2.5660719034726932e-06
10.255,2.55181642692053e-06
10.26,2.5376407402069065e-06
10.265,2.523544392899327e-06
10.27,2.509526937133283e-06
10.275,2.4955879275972842e-06
10.28,2.4817269215182423e-06
10.285,2.4679434786466216e-06
10.290000000000001,2.4542371612421466e-06
10.295,2.4406075340591644e-06
10.3,2.4270541643323814e-06
10.305,2.413576621762414e-06
10.31,2.4001744785018347e-06
10.315,2.3868473091406927e-06
10.32,2.3735946906928535e-06
10.325000000000001,2.3604162025817884e-06
10.33,2.3473114266267113e-06
10.335,2.334279947028828e-06
10.34,2.321321350357656e-06
10.345,2.308435225537422e-06
10.35,2.2956211638331597e-06
10.355,2.2828787588376732e-06
10.36,2.2702076064581035e-06
10.365,2.257607304902066e-06
10.370000000000001,2.245077454665093e-06
10.375,2.2326176585170974e-06
10.38,2.2202275214892904e-06
10.385,2.2079066508611986e-06
10.39,2.1956546561478494e-06
10.395,2.183471149086684e-06
10.4,2.1713557436250215e-06
10.405,2.159308055907076e-06
10.41,2.1473277042615357e-06
10.415000000000001,2.1354143091887927e-06
10.42,2.123567493348688e-06
10.425,2.1117868815479346e-06
10.43,2.1000721007277762e-06
10.435,2.088422779951642e-06
10.44,2.076838550393167e-06
10.445,2.065319045323942e-06
10.450000000000001,2.0538639001012576e-06
10.455,2.042472752156427e-06
10.46,2.0311452409826536e-06
10.465,2.0198810081232882e-06
10.47,2.0086796971599345e-06
10.475,1.9975409537008174e-06
10.48,1.986464425369141e-06
10.485,1.9754497617914097e-06
10.49,1.96449661458606e-06
10.495000000000001,1.9536046373517783e-06
10.5,1.9427734856565104e-06
10.505,1.932002817025746e-06
10.51,1.921292290931555e-06
10.515,1.9106415687810944e-06
10.52,1.9000503139059262e-06
10.525,1.8895181915504805e-06
10.53,1.8790448688615852e-06
10.535,1.868630014877059e-06
10.540000000000001,1.8582733005151298e-06
10.545,1.8479743985635533e-06
10.55,1.8377329836688667e-06
10.555,1.8275487323257602e-06
10.56,1.8174213228665196e-06
10.565,1.8073504354502704e-06
10.57,1.7973357520527691e-06
10.575000000000001,1.7873769564556619e-06
10.58,1.7774737342363713e-06
10.585,1.7676257727577804e-06
10.59,1.7578327611577307e-06
10.595,1.748094390339202e-06
10.6,1.7384103529599427e-06
10.605,1.7287803434223662e-06
10.61,1.719204057863686e-06
10.615,1.709681194146057e-06
10.620000000000001,1.7002114518462066e-06
10.625,1.6907945322463005e-06
10.63,1.6814301383235164e-06
10.635,1.6721179747406706e-06
10.64,1.6628577478365364e-06
10.645,1.6536491656162028e-06
10.65,1.6444919377411671e-06
10.655,1.635385775520681e-06
10.66,1.626330391901294e-06
10.665000000000001,1.6173255014582995e-06
10.67,1.6083708203858667e-06
10.675,1.5994660664879994e-06
10.68,1.5906109591692854e-06
10.685,1.5818052194255146e-06
10.69,1.5730485698350736e-06
10.695,1.564340734549276e-06
10.700000000000001,1.555681439283739e-06
10.705,1.5470704113092156e-06
10.71,1.5385073794428593e-06
10.715,1.52999207403915e-06
10.72,1.5215242269813935e-06
10.725,1.5131035716725483e-06
10.73,1.504729843027035e-06
10.735,1.4964027774615305e-06
10.74,1.488122112886773e-06
10.745000000000001,1.4798875886988372e-06
10.75,1.4716989457707052e-06
10.755,1.4635559264436755e-06
10.76,1.4554582745191672e-06
10.765,1.4474057352500503e-06
10.77,1.439398055332743e-06
10.775,1.431434982898566e-06
10.78,1.4235162675057355e-06
10.785,1.4156416601312606e-06
10.790000000000001,1.4078109131625575e-06
10.795,1.4000237803896259e-06
10.8,1.3922800169969632e-06
10.805,1.3845793795554648e-06
10.81,1.3769216260146448e-06
10.815,1.3693065156947157e-06
10.82,1.3617338092786477e-06
10.825000000000001,1.3542032688044925e-06
10.83,1.3467146576576447e-06
10.835,1.3392677405629518e-06
10.84,1.3318622835772432e-06
10.845,1.3244980540815995e-06
10.85,1.3171748207739344e-06
10.855,1.3098923536613613e-06
10.86,1.3026504240525387e-06
10.865,1.2954488045505663e-06
10.870000000000001,1.2882872690453234e-06
10.875,1.2811655927062497e-06
10.88,1.274083551974963e-06
10.885,1.2670409245580923e-06
10.89,1.2600374894197893e-06
10.895,1.2530730267748843e-06
10.9,1.2461473180814832e-06
10.905,1.2392601460340181e-06
10.91,1.2324112945561207e-06
10.915000000000001,1.2256005487935695e-06
10.92,1.2188276951072431e-06
10.925,1.212092521066468e-06
10.93,1.2053948154417642e-06
10.935,1.1987343681981917e-06
10.94,1.1921109704884697e-06
10.945,1.1855244146462452e-06
10.950000000000001,1.1789744941793208e-06
10.955,1.172461003762739e-06
10.96,1.1659837392325482e-06
10.965,1.1595424975787894e-06
10.97,1.153137076939131e-06
10.975,1.1467672765921786e-06
10.98,1.1404328969511166e-06
10.985,1.1341337395570599e-06
10.99,1.1278696070727055e-06
10.995000000000001,1.1216403032759764e-06
11.0,1.1154456330535664e-06
11.005,1.1092854023945188e-06
11.01,1.103159418384338e-06
11.015,1.09706748919823e-06
11.02,1.091009424095268e-06
11.025,1.084985033411909e-06
11.03,1.078994128556163e-06
11.035,1.0730365220011516e-06
11.040000000000001,1.067112027279266e-06
11.045,1.0612204589761093e-06
11.05,1.0553616327243271e-06
11.055,1.049535365197847e-06
11.06,1.0437414741057268e-06
11.065,1.0379797781864323e-06
11.07,1.0322500972018935e-06
11.075000000000001,1.0265522519316496e-06
11.08,1.0208860641671114e-06
11.085,1.01525135670567e-06
11.09,1.0096479533450999e-06
11.095,1.0040756788778397e-06
11.1,9.985343590852215e-07
11.105,9.930238207318747e-07
11.11,9.875438915602568e-07
11.115,9.820944002848825e-07
11.120000000000001,9.766751765868732e-07
11.125,9.7128605110848e-07
11.13,9.659268554475053e-07
11.135,9.605974221521037e-07
11.14,9.552975847150029e-07
11.145,9.500271775682942e-07
11.15,9.447860360783337e-07
11.155,9.395739965399763e-07
11.16,9.343908961716004e-07
11.165000000000001,9.292365731097462e-07
11.17,9.241108664037636e-07
11.175,9.190136160109656e-07
11.18,9.1394466279101e-07
11.185,9.089038485011418e-07
11.19,9.038910157908043e-07
11.195,8.98906008196734e-07
11.200000000000001,8.939486701379554e-07
11.205,8.890188469105429e-07
11.21,8.841163846826683e-07
11.215,8.792411304899722e-07
11.22,8.7439293223012e-07
11.225,8.695716386583403e-07
11.23,8.647770993821425e-07
11.235,8.600091648568944e-07
11.24,8.552676863805999e-07
11.245000000000001,8.50552516089471e-07
11.25,8.458635069527348e-07
11.255,8.412005127683496e-07
11.26,8.365633881580218e-07
11.265,8.319519885624895e-07
11.27,8.273661702370703e-07
11.275,8.228057902467538e-07
11.28,8.182707064619334e-07
11.285,8.137607775534692e-07
11.290000000000001,8.092758629884623e-07
11.295,8.048158230254585e-07
11.3,8.003805187101402e-07
11.305,7.959698118707524e-07
11.31,7.915835651136634e-07
11.315,7.872216418190087e-07
11.32,7.828839061361466e-07
11.325000000000001,7.78570222979498e-07
11.33,7.742804580240047e-07
11.335,7.700144777009086e-07
11.34,7.657721491934001e-07
11.345,7.615533404324518e-07
11.35,7.573579200923969e-07
11.355,7.531857575868761e-07
11.36,7.490367230645114e-07
11.365,7.449106874048148e-07
11.370000000000001,7.408075222139902e-07
11.375,7.367270998208461e-07
11.38,7.326692932726022e-07
11.385,7.286339763309319e-07
11.39,7.246210234677944e-07
11.395,7.206303098615324e-07
11.4,7.166617113926697e-07
11.405,7.127151046401482e-07
11.41,7.087903668771634e-07
11.415000000000001,7.048873760673146e-07
11.42,7.010060108607243e-07
11.425,6.971461505900844e-07
11.43,6.93307675266759e-07
11.435,6.894904655769617e-07
11.44,6.856944028780104e-07
11.445,6.819193691943456e-07
11.450000000000001,6.781652472138667e-07
11.455,6.74431920284127e-07
11.46,6.707192724086471e-07
11.465,6.670271882430841e-07
11.47,6.633555530916477e-07
11.475,6.59704252903291e-07
11.48,6.560731742682238e-07
11.485,6.52462204414129e-07
11.49,6.48871231202559e-07
11.495000000000001,6.453001431254594e-07
11.5,6.417488293014543e-07
11.505,6.382171794723467e-07
11.51,6.347050839996294e-07
11.515,6.312124338609358e-07
11.52,6.277391206464424e-07
11.525,6.242850365556121e-07
11.53,6.208500743935719e-07
11.535,6.174341275676956e-07
11.540000000000001,6.140370900842764e-07
11.545,6.106588565450813e-07
11.55,6.072993221438722e-07
11.555,6.039583826632794e-07
11.56,6.006359344712773e-07
11.565,5.973318745178783e-07
11.57,5.940461003319828e-07
11.575000000000001,5.907785100179144e-07
11.58,5.875290022522349e-07
11.585,5.842974762806088e-07
11.59,5.810838319143623e-07
11.595,5.778879695274543e-07
11.6,5.747097900532193e-07
11.605,5.715491949811911e-07
11.61,5.684060863540365e-07
11.615,5.652803667642436e-07
11.620000000000001,5.621719393511976e-07
11.625,5.590807077980217e-07
11.63,5.560065763283997e-07
11.635,5.529494497037108e-07
11.64,5.499092332197527e-07
11.645,5.468858327039369e-07
11.65,5.438791545120666e-07
11.655,5.408891055255936e-07
11.66,5.379155931483437e-07
11.665000000000001,5.349585253038781e-07
11.67,5.320178104322825e-07
11.675,5.290933574873926e-07
11.68,5.261850759338507e-07
11.685,5.232928757441823e-07
11.69,5.204166673959998e-07
11.695,5.175563618690644e-07
11.700000000000001,5.147118706424682e-07
11.705,5.118831056918697e-07
11.71,5.090699794865444e-07
11.715,5.062724049867323e-07
11.72,5.034902956408381e-07
11.725,5.00723565382551e-07
11.73,4.979721286282755e-07
11.735,4.952359002742441e-07
11.74,4.925147956939431e-07
11.745000000000001,4.898087307352513e-07
11.75,4.87117621717916e-07
11.755,4.84441385430819e-07
11.76,4.817799391292537e-07
11.765,4.79133200532483e-07
11.77,4.765010878208014e-07
11.775,4.7388351963330114e-07
11.78,4.712804150649712e-07
11.785,4.68691693664353e-07
11.790000000000001,4.661172754306855e-07
11.795,4.635570808117077e-07
11.8,4.610110307008845e-07
11.805,4.584790464349852e-07
11.81,4.559610497914894e-07
11.815,4.534569629862212e-07
11.82,4.509667086707449e-07
11.825000000000001,4.4849020993004417e-07
11.83,4.4602739027992267e-07
11.835,4.4357817366468824e-07
11.84,4.4114248445462376e-07
11.845,4.387202474437168e-07
11.85,4.3631138784714224e-07
11.855,4.3391583129895734e-07
11.86,4.3153350384967236e-07
11.865,4.291643319640212e-07
11.870000000000001,4.268082425183702e-07
11.875,4.244651627987589e-07
11.88,4.2213502049827124e-07
11.885,4.1981774371488244e-07
11.89,4.175132609491103e-07
11.895,4.1522150110184007e-07
11.9,4.129423934719287e-07
11.905,4.1067586775410397e-07
11.91,4.0842185403659654e-07
11.915000000000001,4.061802827989954e-07
11.92,4.039510849100267e-07
11.925,4.0173419162534144e-07
11.93,3.9952953458533077e-07
11.935,3.973370458130058e-07
11.94,3.9515665771173473e-07
11.945,3.9298830306322933e-07
11.950000000000001,3.908319150252617e-07
11.955,3.886874271297139e-07
11.96,3.865547732802762e-07
11.965,3.8443388775052215e-07
11.97,3.8232470518170616e-07
11.975,3.8022716058073747e-07
11.98,3.781411893181145e-07
11.985,3.7606672712585373e-07
11.99,3.740037100954907e-07
11.995000000000001,3.719520746760222e-07
12.0,3.699117576718459e-07
12.005,3.6788269624089773e-07
12.01,3.658648278924995e-07
12.015,3.63858090485425e-07
12.02,3.6186242222601797e-07
12.025,3.5987776166611316e-07
12.030000000000001,3.5790404770114985e-07
12.035,3.559412195682277e-07
12.040000000000001,3.539892168441766e-07
12.045,3.520479794436411e-07
12.05,3.5011744761715045e-07
12.055,3.4819756194927814e-07
12.06,3.4628826335674207e-07
12.065,3.4438949308648613e-07
12.07,3.4250119271389487e-07
12.075000000000001,3.406233041408556e-07
12.08,3.387557695940249e-07
12.085,3.3689853162288857e-07
12.09,3.3505153309802196e-07
12.095,3.332147172092467e-07
12.1,3.3138802746383455e-07
12.105,3.295714076847223e-07
12.11,3.2776480200872065e-07
12.115,3.2596815488480265e-07
12.120000000000001,3.241814110722574e-07
12.125,3.224045156390117e-07
12.13,3.206374139598727e-07
12.135,3.1888005171474946e-07
12.14,3.1713237488703547e-07
12.145,3.1539432976181873e-07
12.15,3.136658629241926e-07
12.155000000000001,3.119469212576101e-07
12.16,3.1023745194216515e-07
12.165000000000001,3.0853740245291834e-07
12.17,3.068467205582961e-07
12.175,3.0516535431830175e-07
12.18,3.034932520830794e-07
12.185,3.0183036249110985e-07
12.19,3.0017663446761576e-07
12.195,2.9853201722306875e-07
12.200000000000001,2.968964602513873e-07
12.205,2.9526991332852006e-07
12.21,2.9365232651077204e-07
12.215,2.920436501332467e-07
12.22,2.9044383480820176e-07
12.225,2.888528314236488e-07
12.23,2.872705911416995e-07
12.235,2.8569706539700314e-07
12.24,2.84132205895236e-07
12.245000000000001,2.825759646116599e-07
12.25,2.8102829378944204e-07
12.255,2.7948914593832213e-07
12.26,2.779584738329691e-07
12.265,2.7643623051156903e-07
12.27,2.749223692743752e-07
12.275,2.7341684368209843e-07
12.280000000000001,2.71919607554603e-07
12.285,2.7043061496932065e-07
12.290000000000001,2.6894982025991753e-07
12.295,2.6747717801475954e-07
12.3,2.6601264307551356e-07
12.305,2.6455617053573157e-07
12.31,2.6310771573939195e-07
12.315,2.616672342796281e-07
12.32,2.602346819971033e-07
12.325000000000001,2.5881001497881245e-07
12.33,2.573931895566436e-07
12.335,2.5598416230591336e-07
12.34,2.5458289004416773e-07
12.345,2.5318932982962706e-07
12.35,2.518034389600328e-07
12.355,2.504251749711045e-07
12.36,2.4905449563535637e-07
12.365,2.4769135896069923e-07
12.370000000000001,2.463357231891131e-07
12.375,2.449875467953628e-07
12.38,2.4364678848569196e-07
12.385,2.4231340719642517e-07
12.39,2.4098736209287886e-07
12.395,2.396686125678558e-07
12.4,2.3835711824048449e-07
12.405000000000001,2.370528389549576e-07
12.41,2.3575573477919543e-07
12.415000000000001,2.3446576600366347e-07
12.42,2.331828931400931e-07
12.425,2.31907076920195e-07
12.43,2.3063827829450804e-07
12.435,2.2937645843112905e-07
12.44,2.2812157871445653e-07
12.445,2.2687360074403758e-07
12.450000000000001,2.2563248633333272e-07
12.455,2.2439819750850304e-07
12.46,2.231706965072357e-07
12.465,2.2194994577754995e-07
12.47,2.2073590797664136e-07
12.475,2.195285459696032e-07
12.48,2.1832782282843002e-07
12.485,2.1713370183074262e-07
12.49,2.1594614645860393e-07
12.495000000000001,2.147651203974935e-07
12.5,2.1359058753507993e-07
12.505,2.1242251196004998e-07
12.51,2.1126085796114505e-07
12.515,2.1010559002581493e-07
12.52,2.0895667283927816e-07
12.525,2.078140712833535e-07
12.530000000000001,2.0667775043531298e-07
12.535,2.0554767556689892e-07
12.540000000000001,2.0442381214310136e-07
12.545,2.0330612582114948e-07
12.55,2.0219458244942243e-07
12.555,2.0108914806638837e-07
12.56,1.9998978889951498e-07
12.565,1.9889647136418933e-07
12.57,1.9780916206273997e-07
12.575000000000001,1.9672782778332095e-07
12.58,1.9565243549889166e-07
12.585,1.9458295236617708e-07
12.59,1.9351934572465496e-07
12.595,1.924615830955278e-07
12.6,1.9140963218062425e-07
12.605,1.9036346086154646e-07
12.61,1.893230371985278e-07
12.615,1.8828832942945878e-07
12.620000000000001,1.87259305968983e-07
12.625,1.8623593540731274e-07
12.63,1.8521818650948423e-07
12.635,1.8420602821417995e-07
12.64,1.831994296328982e-07
12.645,1.8219836004882505e-07
12.65,1.812027889160642e-07
12.655000000000001,1.802126858585578e-07
12.66,1.7922802066912896e-07
12.665000000000001,1.782487633085778e-07
12.67,1.7727488390474972e-07
12.675,1.763063527515842e-07
12.68,1.753431403081491e-07
12.685,1.7438521719777026e-07
12.69,1.7343255420708358e-07
12.695,1.7248512228510734e-07
12.700000000000001,1.7154289254236075e-07
12.705,1.7060583624998025e-07
12.71,1.6967392483877176e-07
12.715,1.687471298982895e-07
12.72,1.6782542317602402e-07
12.725,1.669087765765327e-07
12.73,1.6599716216043075e-07
12.735,1.6509055214363746e-07
12.74,1.6418891889649706e-07
12.745000000000001,1.632922349428358e-07
12.75,1.624004729591997e-07
12.755,1.6151360577391534e-07
12.76,1.606316063662939e-07
12.765,1.597544478657734e-07
12.77,1.588821035510738e-07
12.775,1.5801454684937507e-07
12.780000000000001,1.5715175133545046e-07
12.785,1.5629369073087635e-07
12.790000000000001,1.554403389032208e-07
12.795,1.545916698652011e-07
12.8,1.5374765777379272e-07
12.805,1.5290827692965543e-07
12.81,1.5207350177605577e-07
12.815,1.5124330689824877e-07
12.82,1.504176670226129e-07
12.825000000000001,1.495965570158834e-07
12.83,1.4877995188434845e-07
12.835,1.4796782677310012e-07
12.84,1.471601569652174e-07
12.845,1.4635691788102635e-07
12.85,1.4555808507729282e-07
12.855,1.447636342465604e-07
12.86,1.4397354121624986e-07
12.865,1.431877819479734e-07
12.870000000000001,1.4240633253685226e-07
12.875,1.4162916921059379e-07
12.88,1.40856268328982e-07
12.885,1.4008760638291636e-07
12.89,1.3932315999383363e-07
12.895,1.385629059129229e-07
12.9,1.3780682102037027e-07
12.905000000000001,1.370548823246735e-07
12.91,1.3630706696195942e-07
12.915000000000001,1.355633521951645e-07
12.92,1.348237154134511e-07
12.925,1.3408813413142144e-07
12.93,1.3335658598845222e-07
12.935,1.326290487479362e-07
12.94,1.3190550029668536e-07
12.945,1.311859186441906e-07
12.950000000000001,1.304702819219166e-07
12.955,1.2975856838264998e-07
12.96,1.2905075639981906e-07
12.965,1.283468244667827e-07
12.97,1.2764675119627448e-07
12.975,1.269505153195413e-07
12.98,1.262580956858752e-07
12.985,1.2556947126186695e-07
12.99,1.2488462113072773e-07
12.995000000000001,1.242035244916454e-07
13.0,1.2352616065922133e-07
13.005,1.2285250906270867e-07
13.01,1.221825492454574e-07
13.015,1.215162608642604e-07
13.02,1.2085362368862827e-07
13.025,1.2019461760032426e-07
13.030000000000001,1.195392225926091e-07
13.035,1.1888741876967162e-07
13.040000000000001,1.182391863459727e-07
13.045,1.1759450564568602e-07
13.05,1.1695335710204142e-07
13.055,1.1631572125671512e-07
13.06,1.1568157875926237e-07
13.065,1.1505091036649033e-07
13.07,1.1442369694183321e-07
13.075000000000001,1.1379991945480092e-07
13.08,1.1317955898039811e-07
13.085,1.1256259669843063e-07
13.09,1.119490138930887e-07
13.095,1.1133879195223687e-07
13.1,1.1073191236681651e-07
13.105,1.1012835673043107e-07
13.11,1.095281067385802e-07
13.115,1.0893114418825489e-07
13.120000000000001,1.0833745097719472e-07
13.125,1.077470091035632e-07
13.13,1.0715980066512376e-07
13.135,1.0657580785885198e-07
13.14,1.0599501298038875e-07
13.145,1.0541739842341716e-07
13.15,1.0484294667911014e-07
13.155000000000001,1.0427164033565928e-07
13.16,1.0370346207765257e-07
13.165000000000001,1.0313839468562324e-07
13.17,1.0257642103542906e-07
13.175,1.0201752409780994e-07
13.18,1.0146168693774935e-07
13.185,1.0090889271404007e-07
13.19,1.0035912467874404e-07
13.195,9.981236617663814e-08
13.200000000000001,9.926860064470046e-08
13.205,9.872781161165015e-08
13.21,9.818998269739118e-08
13.215,9.765509761247963e-08
13.22,9.71231401577082e-08
13.225,9.659409422350392e-08
13.23,9.606794378944445e-08
13.235,9.554467292387729e-08
13.24,9.502426578325466e-08
13.245000000000001,9.450670661176131e-08
13.25,9.399197974076049e-08
13.255,9.348006958836784e-08
13.26,9.297096065889784e-08
13.265,9.246463754246384e-08
13.27,9.196108491441745e-08
13.275,9.146028753496167e-08
13.280000000000001,9.096223024856174e-08
13.285,9.046689798358122e-08
13.290000000000001,8.997427575179933e-08
13.295,8.94843486478959e-08
13.3,8.899710184903383e-08
13.305,8.851252061434131e-08
13.31,8.80305902845689e-08
13.315,8.755129628151753e-08
13.32,8.707462410760436e-08
13.325000000000001,8.66005593455376e-08
13.33,8.612908765767889e-08
13.335,8.566019478575358e-08
13.34,8.519386655031531e-08
13.345,8.473008885035471e-08
13.35,8.426884766287013e-08
13.355,8.381012904240555e-08
13.36,8.335391912058117e-08
13.365,8.290020410580103e-08
13.370000000000001,8.244897028263533e-08
13.375,8.200020401156776e-08
13.38,8.155389172847664e-08
13.385,8.111001994422918e-08
13.39,8.066857524430053e-08
13.395,8.02295442882836e-08
13.4,7.979291380958894e-08
13.405000000000001,7.935867061495087e-08
13.41,7.892680158399894e-08
13.415000000000001,7.849729366892579e-08
13.42,7.807013389404567e-08
13.425,7.76453093554285e-08
13.43,7.722280722040095e-08
13.435,7.680261472729951e-08
13.44,7.638471918491742e-08
13.445,7.596910797221961e-08
13.450000000000001,7.555576853796312e-08
13.455,7.51446884002143e-08
13.46,7.47358551460331e-08
13.465,7.432925643106593e-08
13.47,7.392487997922612e-08
13.475,7.352271358217539e-08
13.48,7.312274509908899e-08
13.485,7.272496245620319e-08
13.49,7.232935364648098e-08
13.495000000000001,7.193590672917527e-08
13.5,7.154460982955128e-08
13.505,7.115545113846982e-08
13.51,7.076841891203284e-08
13.515,7.038350147117413e-08
13.52,7.000068720136731e-08
13.525,6.961996455227486e-08
13.530000000000001,6.924132203728886e-08
13.535,6.886474823330511e-08
13.540000000000001,6.849023178028542e-08
13.545,6.811776138090849e-08
13.55,6.774732580026165e-08
13.555,6.737891386551677e-08
13.56,6.701251446546307e-08
13.565,6.664811655034224e-08
13.57,6.628570913129359e-08
13.575000000000001,6.592528128024893e-08
13.58,6.556682212942506e-08
13.585,6.521032087100321e-08
13.59,6.48557667569286e-08
13.595,6.4503149098417e-08
13.6,6.41524572656826e-08
13.605,6.380368068770288e-08
13.61,6.345680885170097e-08
13.615,6.311183130301852e-08
13.620000000000001,6.276873764465623e-08
13.625,6.242751753703375e-08
13.63,6.208816069761355e-08
13.635,6.175065690063954e-08
13.64,6.141499597675291e-08
13.645,6.108116781275617e-08
13.65,6.074916235123244e-08
13.655000000000001,6.04189695903217e-08
13.66,6.009057958325271e-08
13.665000000000001,5.976398243825812e-08
13.67,5.943916831809578e-08
13.675,5.9116127439797964e-08
13.68,5.87948500743855e-08
13.685,5.8475326546534805e-08
13.69,5.81575472343717e-08
13.695,5.784150256902297e-08
13.700000000000001,5.7527183034476734e-08
13.705,5.721457916712164e-08
13.71,5.690368155567157e-08
13.715,5.659448084064274e-08
13.72,5.628696771427761e-08
13.725,5.598113292004853e-08
13.73,5.567696725259306e-08
13.735,5.537446155725086e-08
13.74,5.507360672988871e-08
13.745000000000001,5.477439371653495e-08
13.75,5.4476813513197134e-08
13.755,5.4180857165530704e-08
13.76,5.3886515768533447e-08
13.765,5.3593780466346595e-08
13.77,5.3302642451931493e-08
13.775,5.301309296680739e-08
13.780000000000001,5.272512330077311e-08
13.785,5.243872479167088e-08
13.790000000000001,5.2153888825085406e-08
13.795,5.187060683411703e-08
13.8,5.158887029909096e-08
13.805,5.1308670747247424e-08
13.81,5.102999975258545e-08
13.815,5.075284893557507e-08
13.82,5.0477209962789264e-08
13.825000000000001,5.020307454680182e-08
13.83,4.9930434445878524e-08
13.835,4.9659281463632115e-08
13.84,4.9389607448909705e-08
13.845,4.912140429549662e-08
13.85,4.8854663941790104e-08
13.855,4.8589378370681894e-08
13.86,4.832553960914369e-08
13.865,4.8063139728239865e-08
13.870000000000001,4.780217084254035e-08
13.875,4.7542625110238295e-08
13.88,4.728449473259287e-08
13.885,4.702777195392621e-08
13.89,4.6772449061249394e-08
13.895,4.651851838408615e-08
13.9,4.6265972294179105e-08
13.905000000000001,4.6014803205314975e-08
13.91,4.5765003573119225e-08
13.915000000000001,4.551656589472678e-08
13.92,4.526948270857306e-08
13.925,4.5023746594275634e-08
13.93,4.477935017226474e-08
13.935,4.4536286103625145e-08
13.94,4.429454708985599e-08
13.945,4.4054125872687334e-08
13.950000000000001,4.381501523379131e-08
13.955,4.357720799462361e-08
13.96,4.334069701611613e-08
13.965,4.3105475198549774e-08
13.97,4.287153548128452e-08
13.975,4.263887084262403e-08
13.98,4.2407474299450297e-08
13.985,4.2177338907096334e-08
13.99,4.1948457759228224e-08
13.995000000000001,4.172082398742403e-08
14.0,4.14944307611083e-08
14.005,4.1269271287364604e-08
14.01,4.1045338810604174e-08
14.015,4.082262661244207e-08
14.02,4.0601128011529933e-08
14.025,4.038083636321097e-08
14.030000000000001,4.0161745059477205e-08
14.035,3.9943847528637753e-08
14.040000000000001,3.972713723519872e-08
14.045,3.951160767964323e-08
14.05,3.9297252398221865e-08
14.055,3.908406496273556e-08
14.06,3.887203898039072e-08
14.065,3.8661168093541956e-08
14.07,3.845144597958009e-08
14.075000000000001,3.8242866350621577e-08
14.08,3.803542295344121e-08
14.085,3.782910956919238e-08
14.09,3.7623920013221365e-08
14.095,3.741984813495462e-08
14.1,3.7216887817642104e-08
14.105,3.701503297815718e-08
14.11,3.681427756687424e-08
14.115,3.6614615567433427e-08
14.120000000000001,3.641604099656271e-08
14.125,3.6218547903929076e-08
14.13,3.602213037189197e-08
14.135,3.582678251540503e-08
14.14,3.563249848175915e-08
14.145,3.5439272450424346e-08
14.15,3.52470986329403e-08
14.155000000000001,3.505597127267026e-08
14.16,3.4865884644541455e-08
14.165000000000001,3.467683305510541e-08
14.17,3.448881084212511e-08
14.175,3.43018123745696e-08
14.18,3.411583205230337e-08
14.185,3.3930864305994614e-08
14.19,3.374690359704441e-08
14.195,3.356394441711031e-08
14.200000000000001,3.33819812883406e-08
14.205,3.320100876285881e-08
14.21,3.3021021422814513e-08
14.215,3.2842013880100986e-08
14.22,3.2663980776251665e-08
14.225,3.2486916782242105e-08
14.23,3.2310816598405886e-08
14.235,3.213567495408554e-08
14.24,3.1961486607702385e-08
14.245000000000001,3.1788246346496667e-08
14.25,3.161594898625091e-08
14.255,3.144458937135592e-08
14.26,3.127416237444934e-08
14.265,3.1104662896431887e-08
14.27,3.093608586617426e-08
14.275,3.076842624039988e-08
14.280000000000001,3.060167900358493e-08
14.285,3.0435839167792946e-08
14.290000000000001,3.0270901772420976e-08
14.295,3.010686188418099e-08
14.3,2.994371459687334e-08
14.305,2.9781455031251112e-08
14.31,2.9620078334897023e-08
14.315,2.9459579682016204e-08
14.32,2.9299954273333756e-08
14.325000000000001,2.914119733599959e-08
14.33,2.8983304123311582e-08
14.335,2.8826269914709943e-08
14.34,2.867009001545864e-08
14.345,2.85147597567539e-08
14.35,2.8360274495312934e-08
14.355,2.820662961344442e-08
14.36,2.805382051875783e-08
14.365,2.7901842644100502e-08
14.370000000000001,2.775069144745676e-08
14.375,2.760036241170188e-08
14.38,2.745085104451523e-08
14.385,2.7302152878269028e-08
14.39,2.7154263469878647e-08
14.395,2.7007178400636538e-08
14.4,2.6860893276103492e-08
14.405000000000001,2.6715403725976637e-08
14.41,2.6570705403943642e-08
14.415000000000001,2.642679398753979e-08
14.42,2.6283665178106946e-08
14.425,2.6141314700497213e-08
14.43,2.5999738303102078e-08
14.435,2.5858931757547e-08
14.44,2.5718890858839728e-08
14.445,2.557961142490941e-08
14.450000000000001,2.5441089296756128e-08
14.455,2.5303320338173852e-08
14.46,2.5166300435630102e-08
14.465,2.5030025498195254e-08
14.47,2.4894491457383473e-08
14.475,2.475969426706086e-08
14.48,2.4625629903329466e-08
14.485,2.4492294364294692e-08
14.49,2.4359683670044208e-08
14.495000000000001,2.42277938625668e-08
14.5,2.4096621005573095e-08
14.505,2.3966161184247102e-08
14.51,2.383641050539864e-08
14.515,2.3707365097159396e-08
14.52,2.3579021108848653e-08
14.525,2.345137471098604e-08
14.530000000000001,2.3324422095084057e-08
14.535,2.3198159473514815e-08
14.540000000000001,2.307258307949038e-08
14.545,2.2947689166832676e-08
14.55,2.2823474009994622e-08
14.555,2.2699933903730626e-08
14.56,2.2577065163272256e-08
14.565,2.245486412394536e-08
14.57,2.2333327141249958e-08
14.575000000000001,2.221245059067759e-08
14.58,2.2092230867539e-08
14.585,2.19726643870035e-08
14.59,2.1853747583821565e-08
14.595,2.1735476912323258e-08
14.6,2.1617848846307583e-08
14.605,2.1500859878903098e-08
14.61,2.138450652246193e-08
14.615,2.1268785308456135e-08
14.620000000000001,2.1153692787429495e-08
14.625,2.1039225528737758e-08
14.63,2.092538012062417e-08
14.635,2.081215317006403e-08
14.64,2.069954130256647e-08
14.645,2.0587541162179732e-08
14.65,2.0476149411340003e-08
14.655000000000001,2.0365362730804304e-08
14.66,2.0255177819496884e-08
14.665000000000001,2.0145591394462475e-08
14.67,2.0036600190753657e-08
14.675,1.9928200961282944e-08
14.68,1.9820390476780718e-08
14.685,1.9713165525674774e-08
14.69,1.960652291403065e-08
14.695,1.9500459465392082e-08
14.700000000000001,1.9394972020665407e-08
14.705,1.9290057438137673e-08
14.71,1.918571259333867e-08
14.715,1.908193437887692e-08
14.72,1.8978719704391782e-08
14.725,1.887606549639834e-08
14.73,1.8773968698409988e-08
14.735,1.8672426270560373e-08
14.74,1.85714351896687e-08
14.745000000000001,1.8470992449131922e-08
14.75,1.8371095058860925e-08
14.755,1.827174004508836e-08
14.76,1.817292445035983e-08
14.765,1.8074645333398416e-08
14.77,1.7976899769105834e-08
14.775,1.7879684848387807e-08
14.780000000000001,1.778299767803429e-08
14.785,1.7686835380751698e-08
14.790000000000001,1.7591195094989452e-08
14.795,1.749607397484875e-08
14.8,1.740146919006341e-08
14.805,1.73073779258146e-08
14.81,1.7213797382740095e-08
14.815,1.7120724776819663e-08
14.82,1.702815733922999e-08
14.825000000000001,1.6936092316387703e-08
14.83,1.6844526969720496e-08
14.835,1.6753458575720798e-08
14.84,1.6662884425738e-08
14.845,1.657280182596371e-08
14.85,1.6483208097383768e-08
14.855,1.6394100575618352e-08
14.86,1.6305476610851772e-08
14.865,1.6217333567890327e-08
14.870000000000001,1.612966882578838e-08
14.875,1.6042479778124682e-08
14.88,1.59557638326678e-08
14.885,1.586951841137633e-08
14.89,1.578374095033204e-08
14.895,1.569842889971095e-08
14.9,1.5613579723523276e-08
14.905000000000001,1.552919089976984e-08
14.91,1.5445259920230477e-08
14.915000000000001,1.536178429039506e-08
14.92,1.5278761529443787e-08
14.925,1.5196189170077856e-08
14.93,1.511406475855063e-08
14.935,1.5032385854566566e-08
14.94,1.4951150031120008e-08
14.945,1.4870354874538106e-08
14.950000000000001,1.4789997984361321e-08
14.955,1.4710076973223934e-08
14.96,1.4630589466877338e-08
14.965,1.4551533104004213e-08
14.97,1.4472905536326708e-08
14.975,1.4394704428236592e-08
14.98,1.4316927457082345e-08
14.985,1.4239572312803447e-08
14.99,1.4162636698066471e-08
14.995000000000001,1.4086118328011635e-08
15.0,1.4010014930391826e-08
15.005,1.3934324245295608e-08
15.01,1.3859044025226783e-08
15.015,1.378417203497365e-08
15.02,1.3709706051553053e-08
15.025,1.363564386414318e-08
15.030000000000001,1.356198327401672e-08
15.035,1.3488722094474238e-08
15.040000000000001,1.3415858150777964e-08
15.045,1.3343389280086415e-08
15.05,1.3271313331388466e-08
15.055,1.3199628165438686e-08
15.06,1.31283316546925e-08
15.065,1.3057421683241822e-08
15.07,1.2986896146751175e-08
15.075000000000001,1.2916752952394015e-08
15.08,1.2846990018789505e-08
15.085,1.2777605275939606e-08
15.09,1.2708596665166407e-08
15.095,1.2639962139049917e-08
15.1,1.25716996613663e-08
15.105,1.2503807207026195e-08
15.11,1.2436282762013633e-08
15.115,1.2369124323325213e-08
15.120000000000001,1.2302329898909363e-08
15.125,1.2235897507606298e-08
15.13,1.2169825179088283e-08
15.135,1.2104110953799805e-08
15.14,1.2038752882898536e-08
15.145,1.197374902819659e-08
15.15,1.190909746210185e-08
15.155000000000001,1.1844796267559579e-08
15.16,1.178084353799489e-08
15.165000000000001,1.1717237377254961e-08
15.17,1.1653975899551622e-08
15.175,1.1591057229404798e-08
15.18,1.1528479501585453e-08
15.185,1.146624086105953e-08
15.19,1.1404339462932007e-08
15.195,1.1342773472390963e-08
15.200000000000001,1.1281541064652303e-08
15.205,1.1220640424904745e-08
15.21,1.1160069748254874e-08
15.215,1.1099827239673001e-08
15.22,1.1039911113938504e-08
15.225,1.0980319595586339e-08
15.23,1.0921050918853241e-08
15.235,1.0862103327624586e-08
15.24,1.0803475075381275e-08
15.245000000000001,1.0745164425147226e-08
15.25,1.0687169649436776e-08
15.255,1.062948903020262e-08
15.26,1.0572120858784054e-08
15.265,1.051506343585541e-08
15.27,1.045831507137461e-08
15.275,1.0401874084532607e-08
15.280000000000001,1.0345738803702297e-08
15.285,1.0289907566388198e-08
15.290000000000001,1.023437871917648e-08
15.295,1.017915061768499e-08
15.3,1.0124221626513626e-08
15.305,1.0069590119195108e-08
15.31,1.001525447814592e-08
15.315,9.961213094617502e-09
15.32,9.907464368647967e-09
15.325000000000001,9.854006709013346e-09
15.33,9.800838533180384e-09
15.335,9.747958267258107e-09
15.34,9.695364345950962e-09
15.345,9.643055212511292e-09
15.35,9.591029318692446e-09
15.355,9.539285124702363e-09
15.36,9.487821099156939e-09
15.365,9.436635719033983e-09
15.370000000000001,9.38572746962733e-09
15.375,9.335094844501246e-09
15.38,9.284736345444987e-09
15.385,9.234650482427626e-09
15.39,9.184835773553289e-09
15.395,9.135290745016418e-09
15.4,9.086013931057516e-09
15.405000000000001,9.037003873918846e-09
15.41,8.988259123800697e-09
15.415000000000001,8.939778238817417e-09
15.42,8.891559784954496e-09
15.425,8.843602336024947e-09
15.43,8.795904473626583e-09
15.435,8.748464787099233e-09
15.44,8.701281873482357e-09
15.445,8.654354337472714e-09
15.450000000000001,8.607680791382483e-09
15.455,8.56125985509736e-09
15.46,8.515090156035128e-09
15.465,8.469170329104374e-09
15.47,8.423499016663164e-09
15.475,8.378074868478572e-09
15.48,8.332896541685738e-09
15.485000000000001,8.28796270074769e-09
15.49,8.243272017414857e-09
15.495000000000001,8.198823170685534e-09
15.5,8.154614846765709e-09
15.505,8.110645739029938e-09
15.51,8.066914547981688e-09
15.515,8.023419981214543e-09
15.52,7.980160753373115e-09
15.525,7.937135586114493e-09
15.530000000000001,7.894343208069808e-09
15.535,7.851782354805991e-09
15.540000000000001,7.809451768787743e-09
15.545,7.767350199339705e-09
15.55,7.725476402608848e-09
15.555,7.683829141527168e-09
15.56,7.642407185774368e-09
15.565,7.601209311741018e-09
15.57,7.560234302491517e-09
15.575000000000001,7.519480947727978e-09
15.58,7.4789480437533e-09
15.585,7.438634393435404e-09
15.59,7.3985388061711e-09
15.595,7.35866009785025e-09
15.6,7.318997090820321e-09
15.605,7.2795486138509166e-09
15.610000000000001,7.2403135020985825e-09
15.615,7.201290597071921e-09
15.620000000000001,7.1624787465965326e-09
15.625,7.123876804780765e-09
15.63,7.085483631980976e-09
15.635,7.04729809476752e-09
15.64,7.009319065890472e-09
15.645,6.971545424246054e-09
15.65,6.9339760548426975e-09
15.655000000000001,6.896609848767789e-09
15.66,6.859445703154245e-09
15.665000000000001,6.8224825211473875e-09
15.67,6.785719211872036e-09
15.675,6.749154690399794e-09
15.68,6.712787877716381e-09
15.685,6.676617700689421e-09
15.69,6.6406430920360086e-09
15.695,6.6048629902908025e-09
15.700000000000001,6.569276339774109e-09
15.705,6.533882090560323e-09
15.71,6.498679198446161e-09
15.715,6.463666624919631e-09
15.72,6.4288433371286575e-09
15.725,6.394208307850137e-09
15.73,6.359760515459132e-09
15.735000000000001,6.325498943898283e-09
15.74,6.291422582647115e-09
15.745000000000001,6.25753042669205e-09
15.75,6.223821476495938e-09
15.755,6.190294737968223e-09
15.76,6.156949222435165e-09
15.765,6.1237839466100606e-09
15.77,6.090797932563907e-09
15.775,6.057990207695898e-09
15.780000000000001,6.025359804704366e-09
15.785,5.9929057615578175e-09
15.790000000000001,5.9606271214659745e-09
15.795,5.928522932851158e-09
15.8,5.896592249319713e-09
15.805,5.864834129633579e-09
15.81,5.83324763768234e-09
15.815,5.80183184245479e-09
15.82,5.770585818011353e-09
15.825000000000001,5.739508643455992e-09
15.83,5.708599402909036e-09
15.835,5.6778571854793105e-09
15.84,5.647281085237103e-09
15.845,5.616870201186877e-09
15.85,5.586623637240372e-09
15.855,5.556540502189691e-09
15.860000000000001,5.5266199096806495e-09
15.865,5.496860978186121e-09
15.870000000000001,5.4672628309797284e-09
15.875,5.437824596109515e-09
15.88,5.408545406371854e-09
15.885,5.379424399285488e-09
15.89,5.350460717065707e-09
15.895,5.3216535065985025e-09
15.9,5.29300191941522e-09
15.905000000000001,5.264505111667045e-09
15.91,5.236162244099812e-09
15.915000000000001,5.207972482028743e-09
15.92,5.179934995313508e-09
15.925,5.152048958333423e-09
15.93,5.124313549962636e-09
15.935,5.096727953545773e-09
15.94,5.0692913568731264e-09
15.945,5.0420029521566475e-09
15.950000000000001,5.014861936005553e-09
15.955,4.987867509402444e-09
15.96,4.961018877679312e-09
15.965,4.93431525049376e-09
15.97,4.907755841805366e-09
15.975,4.881339869852072e-09
15.98,4.855066557126926e-09
15.985000000000001,4.828935130354809e-09
15.99,4.8029448204691234e-09
15.995000000000001,4.777094862588987e-09
16.0,4.7513844959963035e-09
16.005,4.725812964112845e-09
16.01,4.700379514477822e-09
16.015,4.67508339872529e-09
16.02,4.6499238725617234e-09
16.025,4.624900195743877e-09
16.03,4.600011632056503e-09
16.035,4.575257449290422e-09
16.04,4.550636919220591e-09
16.045,4.526149317584302e-09
16.05,4.501793924059685e-09
16.055,4.477570022243908e-09
16.06,4.453476899631914e-09
16.065,4.429513847595176e-09
16.07,4.405680161360416e-09
16.075,4.38197513998844e-09
16.080000000000002,4.358398086353476e-09
16.085,4.334948307122024e-09
16.09,4.31162511273231e-09
16.095,4.288427817373637e-09
16.1,4.265355738965919e-09
16.105,4.242408199139186e-09
16.11,4.219584523213463e-09
16.115000000000002,4.196884040178489e-09
16.12,4.1743060826737415e-09
16.125,4.15184998696842e-09
16.13,4.129515092941756e-09
16.135,4.107300744063075e-09
16.14,4.0852062873723926e-09
16.145,4.0632310734608495e-09
16.15,4.041374456451187e-09
16.155,4.0196357939785895e-09
16.16,3.998014447171548e-09
16.165,3.976509780632568e-09
16.17,3.955121162419396e-09
16.175,3.933847964026066e-09
16.18,3.9126895603641276e-09
16.185,3.89164532974398e-09
16.19,3.870714653856322e-09
16.195,3.849896917753664e-09
16.2,3.829191509832077e-09
16.205000000000002,3.808597821812754e-09
16.21,3.788115248723988e-09
16.215,3.7677431888830196e-09
16.22,3.747481043878229e-09
16.225,3.727328218551083e-09
16.23,3.7072841209784862e-09
16.235,3.6873481624551177e-09
16.240000000000002,3.6675197574757967e-09
16.245,3.6477983237180976e-09
16.25,3.628183282024843e-09
16.255,3.6086740563869545e-09
16.26,3.5892700739262637e-09
16.265,3.5699707648782798e-09
16.27,3.550775562575343e-09
16.275,3.5316839034296124e-09
16.28,3.5126952269163585e-09
16.285,3.4938089755571256e-09
16.29,3.47502459490318e-09
16.295,3.4563415335189707e-09
16.3,3.4377592429656177e-09
16.305,3.4192771777846913e-09
16.31,3.400894795481776e-09
16.315,3.382611556510406e-09
16.32,3.36442692425593e-09
16.325,3.3463403650195663e-09
16.330000000000002,3.3283513480024014e-09
16.335,3.310459345289638e-09
16.34,3.2926638318347937e-09
16.345,3.274964285444157e-09
16.35,3.257360186761094e-09
16.355,3.2398510192506258e-09
16.36,3.222436269184047e-09
16.365000000000002,3.2051154256235788e-09
16.37,3.1878879804071262e-09
16.375,3.1707534281332426e-09
16.38,3.15371126614592e-09
16.385,3.1367609945197268e-09
16.39,3.1199021160448552e-09
16.395,3.1031341362122523e-09
16.4,3.086456563198996e-09
16.405,3.0698689078536547e-09
16.41,3.0533706836815467e-09
16.415,3.036961406830413e-09
16.42,3.0206405960759625e-09
16.425,3.004407772807438e-09
16.43,2.9882624610135316e-09
16.435,2.9722041872680966e-09
16.44,2.956232480716007e-09
16.445,2.9403468730592746e-09
16.45,2.9245468985429615e-09
16.455000000000002,2.908832093941435e-09
16.46,2.893201998544439e-09
16.465,2.8776561541435232e-09
16.47,2.8621941050182555e-09
16.475,2.8468153979227763e-09
16.48,2.8315195820722177e-09
16.485,2.816306209129319e-09
16.490000000000002,2.801174833191148e-09
16.495,2.7861250107756597e-09
16.5,2.771156300808644e-09
16.505,2.7562682646105696e-09
16.51,2.741460465883463e-09
16.515,2.7267324706980182e-09
16.52,2.71208384748055e-09
16.525,2.6975141670003237e-09
16.53,2.68302300235666e-09
16.535,2.6686099289662284e-09
16.54,2.6542745245505282e-09
16.545,2.640016369123193e-09
16.55,2.6258350449775254e-09
16.555,2.6117301366741767e-09
16.56,2.597701231028623e-09
16.565,2.5837479170990186e-09
16.57,2.5698697861738637e-09
16.575,2.55606643175993e-09
16.580000000000002,2.54233744957015e-09
16.585,2.5286824375115526e-09
16.59,2.5151009956733198e-09
16.595,2.5015927263149317e-09
16.6,2.488157233854319e-09
16.605,2.4747941248560664e-09
16.61,2.4615030080197815e-09
16.615000000000002,2.4482834941683875e-09
16.62,2.4351351962366194e-09
16.625,2.422057729259461e-09
16.63,2.409050710360728e-09
16.635,2.3961137587417418e-09
16.64,2.383246495669846e-09
16.645,2.3704485444673377e-09
16.65,2.35771953050017e-09
16.655,2.3450590811667976e-09
16.66,2.332466825887204e-09
16.665,2.3199423960918145e-09
16.67,2.307485425210531e-09
16.675,2.295095548661846e-09
16.68,2.2827724038421124e-09
16.685,2.2705156301146145e-09
16.69,2.2583248687989446e-09
16.695,2.246199763160354e-09
16.7,2.23413995839907e-09
16.705000000000002,2.22214510163988e-09
16.71,2.210214841921515e-09
16.715,2.1983488301864047e-09
16.72,2.1865467192700726e-09
16.725,2.1748081638910646e-09
16.73,2.1631328206404606e-09
16.735,2.151520347971928e-09
16.740000000000002,2.1399704061913246e-09
16.745,2.128482657446844e-09
16.75,2.1170567657188e-09
16.755,2.1056923968097728e-09
16.76,2.0943892183346092e-09
16.765,2.0831468997106026e-09
16.77,2.071965112147606e-09
16.775,2.060843528638394e-09
16.78,2.049781823948887e-09
16.785,2.0387796746084005e-09
16.79,2.02783675890025e-09
16.795,2.0169527568520753e-09
16.8,2.0061273502262674e-09
16.805,1.9953602225107444e-09
16.81,1.984651058909388e-09
16.815,1.9739995463326425e-09
16.82,1.9634053733884984e-09
16.825,1.952868230372933e-09
16.830000000000002,1.9423878092609848e-09
16.835,1.9319638036974254e-09
16.84,1.9215959089877678e-09
16.845,1.911283822089222e-09
16.85,1.9010272416016443e-09
16.855,1.8908258677586633e-09
16.86,1.880679402418783e-09
16.865000000000002,1.8705875490564813e-09
16.87,1.860550012753484e-09
16.875,1.8505665001899896e-09
16.88,1.8406367196359456e-09
16.885,1.8307603809424323e-09
16.89,1.8209371955330678e-09
16.895,1.8111668763953866e-09
16.9,1.8014491380724292e-09
16.905,1.7917836966541724e-09
16.91,1.7821702697691581e-09
16.915,1.7726085765761795e-09
16.92,1.7630983377558649e-09
16.925,1.753639275502417e-09
16.93,1.7442311135154457e-09
16.935,1.7348735769916614e-09
16.94,1.725566392616847e-09
16.945,1.7163092885576735e-09
16.95,1.7071019944537176e-09
16.955000000000002,1.69794424140935e-09
16.96,1.6888357619858667e-09
16.965,1.6797762901934922e-09
16.97,1.6707655614835479e-09
16.975,1.6618033127405857e-09
16.98,1.652889282274601e-09
16.985,1.644023209813276e-09
16.990000000000002,1.635204836494244e-09
16.995,1.626433904857499e-09
17.0,1.617710158837656e-09
17.005,1.6090333437564602e-09
17.01,1.6004032063152226e-09
17.015,1.591819494587257e-09
17.02,1.5832819580105063e-09
17.025,1.5747903473800572e-09
17.03,1.5663444148407867e-09
17.035,1.5579439138800294e-09
17.04,1.5495885993202194e-09
17.045,1.5412782273117741e-09
17.05,1.533012555325661e-09
17.055,1.5247913421464061e-09
17.06,1.5166143478648824e-09
17.065,1.5084813338711456e-09
17.07,1.5003920628474918e-09
17.075,1.4923462987612974e-09
17.080000000000002,1.4843438068581723e-09
17.085,1.4763843536548878e-09
17.09,1.4684677069325735e-09
17.095,1.4605936357297294e-09
17.1,1.4527619103354936e-09
17.105,1.4449723022827727e-09
17.11,1.4372245843415431e-09
17.115000000000002,1.429518530512034e-09
17.12,1.421853916018176e-09
17.125,1.414230517300805e-09
17.13,1.4066481120111327e-09
17.135,1.3991064790041725e-09
17.14,1.391605398332158e-09
17.145,1.384144651238047e-09
17.150000000000002,1.3767240201490518e-09
17.155,1.369343288670215e-09
17.16,1.3620022415780084e-09
17.165,1.3547006648139434e-09
17.17,1.3474383454782351e-09
17.175,1.3402150718235626e-09
17.18,1.3330306332487612e-09
17.185,1.3258848202925603e-09
17.19,1.318777424627507e-09
17.195,1.3117082390536368e-09
17.2,1.3046770574925236e-09
17.205000000000002,1.297683674981034e-09
17.21,1.2907278876653717e-09
17.215,1.2838094927949975e-09
17.22,1.2769282887166716e-09
17.225,1.2700840748684366e-09
17.23,1.2632766517737664e-09
17.235,1.256505821035568e-09
17.240000000000002,1.2497713853304435e-09
17.245,1.2430731484027356e-09
17.25,1.2364109150587998e-09
17.255,1.229784491161234e-09
17.26,1.2231936836230712e-09
17.265,1.2166383004021979e-09
17.27,1.2101181504955403e-09
17.275000000000002,1.2036330439335259e-09
17.28,1.1971827917744137e-09
17.285,1.1907672060987534e-09
17.29,1.1843861000037532e-09
17.295,1.178039287597863e-09
17.3,1.171726583995216e-09
17.305,1.1654478053101838e-09
17.31,1.159202768651935e-09
17.315,1.1529912921190522e-09
17.32,1.14681319479415e-09
17.325,1.1406682967385193e-09
17.330000000000002,1.134556418986832e-09
17.335,1.1284773835418111e-09
17.34,1.122431013369075e-09
17.345,1.11641713239178e-09
17.35,1.1104355654855262e-09
17.355,1.104486138473134e-09
17.36,1.098568678119474e-09
17.365000000000002,1.0926830121264385e-09
17.37,1.0868289691277862e-09
17.375,1.0810063786840886e-09
17.38,1.0752150712777284e-09
17.385,1.0694548783078892e-09
17.39,1.0637256320855235e-09
17.395,1.0580271658284772e-09
17.400000000000002,1.0523593136565268e-09
17.405,1.0467219105865032e-09
17.41,1.041114792527393e-09
17.415,1.0355377962755486e-09
17.42,1.0299907595097697e-09
17.425,1.024473520786665e-09
17.43,1.0189859195357309e-09
17.435,1.0135277960547234e-09
17.44,1.008098991504901e-09
17.445,1.0026993479063222e-09
17.45,9.973287081332626e-10
17.455000000000002,9.91986915909457e-10
17.46,9.866738158035967e-10
17.465,9.813892532247037e-10
17.47,9.761330744175629e-10
17.475,9.709051264581654e-10
17.48,9.657052572492811e-10
17.485,9.605333155158645e-10
17.490000000000002,9.55389150800686e-10
17.495,9.502726134598274e-10
17.5,9.451835546582965e-10
17.505,9.40121826365647e-10
17.51,9.350872813516173e-10
17.515,9.300797731817384e-10
17.52,9.25099156213064e-10
17.525000000000002,9.201452855899152e-10
17.53,9.152180172394846e-10
17.535,9.103172078676964e-10
17.54,9.054427149549518e-10
17.545,9.005943967519177e-10
17.55,8.957721122753579e-10
17.555,8.909757213039675e-10
17.56,8.862050843742494e-10
17.565,8.814600627764171e-10
17.57,8.767405185502536e-10
17.575,8.720463144810979e-10
17.580000000000002,8.67377314095806e-10
17.585,8.627333816586829e-10
17.59,8.581143821675018e-10
17.595,8.535201813495559e-10
17.6,8.489506456576634e-10
17.605,8.444056422662513e-10
17.61,8.398850390674186e-10
17.615000000000002,8.353887046670648e-10
17.62,8.30916508381074e-10
17.625,8.264683202313078e-10
17.63,8.220440109419688e-10
17.635,8.17643451935636e-10
17.64,8.132665153295708e-10
17.645,8.089130739319398e-10
17.650000000000002,8.045830012379858e-10
17.655,8.00276171426423e-10
17.66,7.959924593556405e-10
17.665,7.917317405600778e-10
17.67,7.874938912465168e-10
17.675,7.832787882904415e-10
17.68,7.790863092324256e-10
17.685,7.749163322745413e-10
17.69,7.707687362767161e-10
17.695,7.666434007532807e-10
17.7,7.625402058692534e-10
17.705000000000002,7.584590324369705e-10
17.71,7.543997619124902e-10
17.715,7.503622763920983e-10
17.72,7.463464586089194e-10
17.725,7.423521919293681e-10
17.73,7.383793603497679e-10
17.735,7.344278484929273e-10
17.740000000000002,7.304975416047554e-10
17.745,7.265883255508296e-10
17.75,7.227000868131406e-10
17.755,7.188327124866442e-10
17.76,7.149860902760162e-10
17.765,7.11160108492271e-10
17.77,7.073546560496013e-10
17.775000000000002,7.035696224619446e-10
17.78,6.998048978398646e-10
17.785,6.960603728872784e-10
17.79,6.923359388981961e-10
17.795,6.886314877535981e-10
17.8,6.849469119182057e-10
17.805,6.812821044373176e-10
17.81,6.776369589336838e-10
17.815,6.740113696043873e-10
17.82,6.704052312176862e-10
17.825,6.668184391099505e-10
17.830000000000002,6.632508891826087e-10
17.835,6.597024778989972e-10
17.84,6.561731022814576e-10
17.845,6.526626599081875e-10
17.85,6.491710489102138e-10
17.855,6.45698167968545e-10
17.86,6.42243916311083e-10
17.865000000000002,6.388081937095902e-10
17.87,6.353909004769355e-10
17.875,6.319919374640024e-10
17.88,6.286112060568521e-10
17.885,6.252486081737443e-10
17.89,6.219040462624153e-10
17.895,6.185774232970181e-10
17.900000000000002,6.152686427753967e-10
17.905,6.11977608716218e-10
17.91,6.087042256561005e-10
17.915,6.05448398646928e-10
17.92,6.02210033252924e-10
17.925,5.989890355479604e-10
17.93,5.957853121127891e-10
17.935,5.925987700322305e-10
17.94,5.894293168925438e-10
17.945,5.862768607786555e-10
17.95,5.83141310271477e-10
17.955000000000002,5.800225744451639e-10
17.96,5.769205628645454e-10
17.965,5.738351855823618e-10
17.97,5.707663531367279e-10
17.975,5.677139765483804e-10
17.98,5.646779673181926e-10
17.985,5.616582374244784e-10
17.990000000000002,5.586546993204748e-10
17.995,5.556672659317017e-10
18.0,5.526958506535093e-10
18.005,5.497403673483875e-10
18.01,5.468007303435572e-10
18.015,5.438768544284329e-10
18.02,5.409686548520601e-10
18.025000000000002,5.380760473207304e-10
18.03,5.351989479953618e-10
18.035,5.323372734891911e-10
18.04,5.294909408652288e-10
18.045,5.266598676338559e-10
18.05,5.238439717503725e-10
18.055,5.210431716126766e-10
18.06,5.182573860587181e-10
18.065,5.154865343642916e-10
18.07,5.127305362405072e-10
18.075,5.099893118315813e-10
18.080000000000002,5.072627817123391e-10
18.085,5.045508668860309e-10
18.09,5.018534887819084e-10
18.095,4.991705692529679e-10
18.1,4.965020305736258e-10
18.105,4.938477954374962e-10
18.11,4.912077869550543e-10
18.115000000000002,4.885819286514178e-10
18.12,4.859701444640923e-10
18.125,4.833723587407642e-10
18.13,4.807884962370241e-10
18.135,4.78218482114213e-10
18.14,4.75662241937234e-10
18.145,4.731197016723056e-10
18.150000000000002,4.705907876848305e-10
18.155,4.680754267372695e-10
18.16,4.6557354598691307e-10
18.165,4.6308507298383704e-10
18.17,4.6060993566867724e-10
18.175,4.581480623706142e-10
18.18,4.556993818052044e-10
18.185,4.532638230723199e-10
18.19,4.5084131565403577e-10
18.195,4.484317894126308e-10
18.2,4.4603517458845785e-10
18.205000000000002,4.4365140179795e-10
18.21,4.412804020315224e-10
18.215,4.3892210665165204e-10
18.22,4.3657644739076367e-10
18.225,4.3424335634926734e-10
18.23,4.319227659935937e-10
18.235,4.2961460915417974e-10
18.240000000000002,4.273188190235157e-10
18.245,4.250353291541821e-10
18.25,4.227640734568933e-10
18.255,4.2050498619855314e-10
18.26,4.1825800200040437e-10
18.265,4.1602305583600615e-10
18.27,4.1380008302938185e-10
18.275000000000002,4.1158901925312994e-10
18.28,4.0938980052651375e-10
18.285,4.072023632136188e-10
18.29,4.0502664402141296e-10
18.295,4.028625799980397e-10
18.3,4.0071010853083493e-10
18.305,3.985691673444957e-10
18.31,3.964396944993829e-10
18.315,3.9432162838955225e-10
18.32,3.9221490774108337e-10
18.325,3.9011947161018266e-10
18.330000000000002,3.8803525938144454e-10
18.335,3.859622107660451e-10
18.34,3.839002658000844e-10
18.345,3.8184936484266755e-10
18.35,3.798094485742451e-10
18.355,3.777804579949135e-10
18.36,3.757623344225907e-10
18.365000000000002,3.7375501949138195e-10
18.37,3.7175845514984187e-10
18.375,3.697725836592118e-10
18.38,3.677973475918778e-10
18.385,3.658326898295241e-10
18.39,3.638785535615943e-10
18.395,3.619348822835217e-10
18.400000000000002,3.6000161979514146e-10
18.405,3.580787101990329e-10
18.41,3.5616609789887203e-10
18.415,3.542637275978035e-10
18.42,3.523715442968581e-10
18.425,3.504894932932662e-10
18.43,3.486175201789432e-10
18.435,3.467555708388229e-10
18.44,3.449035914493579e-10
18.445,3.430615284768349e-10
18.45,3.412293286759285e-10
18.455000000000002,3.394069390880173e-10
18.46,3.3759430703973936e-10
18.465,3.3579138014143613e-10
18.47,3.3399810628552317e-10
18.475,3.322144336451131e-10
18.48,3.3044031067235534e-10
18.485,3.2867568609705636e-10
18.490000000000002,3.269205089250578e-10
18.495,3.251747284368863e-10
18.5,3.234382941861074e-10
18.505,3.217111559979673e-10
18.51,3.1999326396791906e-10
18.515,3.182845684600399e-10
18.52,3.1658502010581505e-10
18.525000000000002,3.1489456980242757e-10
18.53,3.1321316871150826e-10
18.535,3.115407682576269e-10
18.54,3.0987732012689754e-10
18.545,3.082227762655661e-10
18.55,3.0657708887858013e-10
18.555,3.0494021042822663e-10
18.56,3.033120936326937e-10
18.565,3.0169269146477304e-10
18.57,3.0008195715035794e-10
18.575,2.9847984416722503e-10
18.580000000000002,2.968863062435629e-10
18.585,2.9530129735662705e-10
18.59,2.937247717314711e-10
18.595,2.9215668383954136e-10
18.6,2.9059698839735777e-10
18.605,2.8904564036517973e-10
18.61,2.8750259494573413e-10
18.615000000000002,2.8596780758289327e-10
18.62,2.8444123396030275e-10
18.625,2.8292283000019913e-10
18.63,2.814125518620243e-10
18.635,2.799103559412032e-10
18.64,2.7841619886783845e-10
18.645,2.769300375054791e-10
18.650000000000002,2.754518289498039e-10
18.655,2.7398153052741016e-10
18.66,2.725190997945924e-10
18.665,2.710644945360085e-10
18.67,2.696176727635301e-10
18.675,2.6817859271502677e-10
18.68,2.6674721285304226e-10
18.685,2.653234918636978e-10
18.69,2.6390738865540647e-10
18.695,2.6249886235771725e-10
18.7,2.6109787232012574e-10
18.705000000000002,2.597043781108419e-10
18.71,2.583183395156136e-10
18.715,2.5693971653662966e-10
18.72,2.555684693912474e-10
18.725,2.542045585109124e-10
18.73,2.5284794453995e-10
18.735,2.5149858833442054e-10
18.740000000000002,2.5015645096104015e-10
18.745,2.488214936959303e-10
18.75,2.47493678023625e-10
18.755,2.4617296563580474e-10
18.76,2.4485931843029315e-10
18.765,2.4355269850987593e-10
18.77,2.4225306818122473e-10
18.775000000000002,2.4096038995380196e-10
18.78,2.396746265387074e-10
18.785,2.383957408476931e-10
18.79,2.3712369599196985e-10
18.795,2.3585845528123044e-10
18.8,2.3459998222250616e-10
18.805,2.333482405191303e-10
18.81,2.3210319406968301e-10
18.815,2.3086480696691382e-10
18.82,2.2963304349674061e-10
18.825,2.284078681371458e-10
18.830000000000002,2.2718924555720035e-10
18.835,2.2597714061597303e-10
18.84,2.2477151836157034e-10
18.845,2.23572344030048e-10
18.85,2.2237958304446596e-10
18.855,2.21193201013807e-10
18.86,2.200131637320424e-10
18.865000000000002,2.188394371770996e-10
18.87,2.1767198750984776e-10
18.875,2.165107810731613e-10
18.88,2.1535578439090435e-10
18.885,2.1420696416695336e-10
18.89,2.1306428728425802e-10
18.895,2.1192772080383095e-10
18.900000000000002,2.107972319638147e-10
18.905,2.0967278817852048e-10
18.91,2.0855435703748449e-10
18.915,2.0744190630449584e-10
18.92,2.06335403916705e-10
18.925,2.0523481798364269e-10
18.93,2.041401167862928e-10
18.935,2.0305126877622623e-10
18.94,2.0196824257458008e-10
18.945,2.008910069712516e-10
18.95,1.9981953092389448e-10
18.955000000000002,1.987537835570938e-10
18.96,1.976937341613986e-10
18.965,1.9663935219246352e-10
18.97,1.9559060727015883e-10
18.975,1.945474691776636e-10
18.98,1.9350990786061915e-10
18.985,1.924778934262063e-10
18.990000000000002,1.914513961423118e-10
18.995,1.9043038643663508e-10
19.0,1.8941483489589105e-10
19.005,1.8840471226483322e-10
19.01,1.873999894455218e-10
19.015,1.864006374964014e-10
19.02,1.8540662763148473e-10
19.025000000000002,1.8441793121950695e-10
19.03,1.834345197831127e-10
19.035,1.824563649979819e-10
19.04,1.8148343869204733e-10
19.045,1.8051571284465847e-10
19.05,1.7955315958574066e-10
19.055,1.785957511950402e-10
19.06,1.7764346010126014e-10
19.065,1.7669625888128608e-10
19.07,1.7575412025938025e-10
19.075,1.7481701710639094e-10
19.080000000000002,1.7388492243895312e-10
19.085,1.7295780941870578e-10
19.09,1.7203565135153794e-10
19.095,1.7111842168676036e-10
19.1,1.7020609401635585e-10
19.105,1.6929864207421847e-10
19.11,1.683960397354121e-10
19.115000000000002,1.6749826101533395e-10
19.12,1.6660528006902225e-10
19.125,1.6571707119039725e-10
19.13,1.6483360881149107e-10
19.135,1.639548675017102e-10
19.14,1.6308082196710152e-10
19.145,1.622114470496188e-10
19.150000000000002,1.6134671772637165e-10
19.155,1.6048660910891488e-10
19.16,1.5963109644252654e-10
19.165,1.5878015510546944e-10
19.17,1.5793376060827395e-10
19.175,1.5709188859306369e-10
19.18,1.5625451483280152e-10
19.185,1.5542161523059335e-10
19.19,1.5459316581900987e-10
19.195,1.5376914275935096e-10
19.2,1.5294952234102524e-10
19.205000000000002,1.5213428098074078e-10
19.21,1.5132339522193745e-10
19.215,1.505168417340297e-10
19.22,1.4971459731176213e-10
19.225,1.4891663887453699e-10
19.23,1.4812294346569467e-10
19.235,1.4733348825191904e-10
19.240000000000002,1.4654825052250524e-10
19.245,1.457672076887527e-10
19.25,1.4499033728326913e-10
19.255,1.4421761695932557e-10
19.26,1.4344902449024315e-10
19.265,1.4268453776867733e-10
19.27,1.419241348060514e-10
19.275000000000002,1.411677937318363e-10
19.28,1.4041549279299887e-10
19.285,1.396672103532935e-10
19.29,1.3892292489270035e-10
19.295,1.3818261500672994e-10
19.3,1.3744625940586647e-10
19.305,1.3671383691490167e-10
19.31,1.359853264723289e-10
19.315,1.3526070712977384e-10
19.32,1.345399580513045e-10
19.325,1.3382305851289562e-10
19.330000000000002,1.3310998790180918e-10
19.335,1.324007257159504e-10
19.34,1.3169525156335e-10
19.345,1.3099354516149993e-10
19.35,1.302955863368055e-10
19.355,1.2960135502397538e-10
19.36,1.2891083126547177e-10
19.365000000000002,1.2822399521088087e-10
19.37,1.2754082711638643e-10
19.375,1.2686130734414787e-10
19.38,1.2618541636177312e-10
19.385,1.255131347417267e-10
19.39,1.248444431607607e-10
19.395,1.2417932239938065e-10
19.400000000000002,1.2351775334124555e-10
19.405,1.2285971697264344e-10
19.41,1.2220519438194759e-10
19.415,1.2155416675903212e-10
19.42,1.2090661539474392e-10
19.425,1.2026252168037527e-10
19.43,1.1962186710706974e-10
19.435,1.189846332653619e-10
19.44,1.1835080184458328e-10
19.445,1.1772035463234475e-10
19.45,1.1709327351401862e-10
19.455000000000002,1.164695404722046e-10
19.46,1.1584913758619625e-10
19.465,1.1523204703149257e-10
19.47,1.1461825107923583e-10
19.475,1.140077320957149e-10
19.48,1.1340047254190128e-10
19.485,1.1279645497285122e-10
19.490000000000002,1.1219566203724875e-10
19.495,1.1159807647691103e-10
19.5,1.1100368112627884e-10
19.505,1.1041245891189056e-10
19.51,1.0982439285191758e-10
19.515,1.0923946605566039e-10
19.52,1.08657661723069e-10
19.525000000000002,1.0807896314422643e-10
19.53,1.0750335369889245e-10
19.535,1.0693081685601396e-10
19.54,1.0636133617324276e-10
19.545,1.0579489529643821e-10
19.55,1.0523147795924424e-10
19.555,1.0467106798254297e-10
19.56,1.0411364927406214e-10
19.565,1.0355920582786058e-10
19.57,1.0300772172386635e-10
19.575,1.0245918112743473e-10
19.580000000000002,1.0191356828886375e-10
19.585,1.0137086754296277e-10
19.59,1.0083106330857802e-10
19.595,1.002941400881658e-10
19.6,9.976008246730324e-11
19.605,9.922887511425699e-11
19.61,9.870050277956528e-11
19.615000000000002,9.817495029557399e-11
19.62,9.765220257597774e-11
19.625,9.713224461540337e-11
19.63,9.66150614889835e-11
19.635,9.610063835190882e-11
19.64,9.558896043899944e-11
19.645,9.50800130642684e-11
19.650000000000002,9.45737816205129e-11
19.655,9.407025157888817e-11
19.66,9.356940848846412e-11
19.665,9.307123797583697e-11
19.67,9.257572574468807e-11
19.675,9.208285757537155e-11
19.68,9.159261932454263e-11
19.685,9.110499692465885e-11
19.69,9.061997638367978e-11
19.695,9.013754378456624e-11
19.7,8.965768528494997e-11
19.705000000000002,8.918038711667532e-11
19.71,8.870563558545105e-11
19.715,8.823341707040684e-11
19.72,8.776371802371752e-11
19.725,8.729652497022105e-11
19.73,8.683182450701789e-11
19.735,8.636960330308635e-11
19.740000000000002,8.590984809886814e-11
19.745,8.54525457059449e-11
19.75,8.499768300659784e-11
19.755,8.454524695344153e-11
19.76,8.409522456907333e-11
19.765,8.364760294564976e-11
19.77,8.320236924456343e-11
19.775000000000002,8.275951069603906e-11
19.78,8.231901459875962e-11
19.785,8.18808683195231e-11
19.79,8.144505929286014e-11
19.795,8.101157502066813e-11
19.8,8.058040307184807e-11
19.805,8.015153108195309e-11
19.81,7.972494675283748e-11
19.815,7.93006378522705e-11
19.82,7.887859221361812e-11
19.825,7.845879773545025e-11
19.830000000000002,7.804124238122808e-11
19.835,7.762591417894781e-11
19.84,7.721280122075608e-11
19.845,7.68018916626639e-11
19.85,7.639317372417095e-11
19.855,7.598663568789634e-11
19.86,7.558226589930812e-11
19.865000000000002,7.518005276631207e-11
19.87,7.477998475900129e-11
19.875,7.438205040921276e-11
19.88,7.398623831029557e-11
19.885,7.35925371167257e-11
19.89,7.320093554378897e-11
19.895,7.281142236725912e-11
19.900000000000002,7.242398642306696e-11
19.905,7.203861660699261e-11
19.91,7.165530187430973e-11
19.915,7.127403123950023e-11
19.92,7.089479377592921e-11
19.925,7.051757861550927e-11
19.93,7.014237494839296e-11
19.935,6.976917202268106e-11
19.94,6.939795914409098e-11
19.945,6.90287256756614e-11
19.95,6.86614610374091e-11
19.955000000000002,6.829615470606695e-11
19.96,6.793279621474969e-11
19.965,6.757137515268201e-11
19.97,6.721188116484758e-11
19.975,6.685430395174375e-11
19.98,6.64986332690439e-11
19.985,6.614485892731772e-11
19.990000000000002,6.579297079172864e-11
19.995,6.544295878175124e-11
20.0,6.509481287087904e-11
20.005,6.474852308632208e-11
20.01,6.440407950871862e-11
20.015,6.406147227186729e-11
20.02,6.372069156240906e-11
20.025000000000002,6.338172761958134e-11
20.03,6.304457073491119e-11
20.035,6.270921125194849e-11
20.04,6.237563956595406e-11
20.045,6.20438461236535e-11
20.05,6.171382142298355e-11
20.055,6.138555601273443e-11
20.06,6.105904049237694e-11
20.065,6.073426551172048e-11
20.07,6.041122177063665e-11
20.075,6.008990001887486e-11
20.080000000000002,5.977029105569842e-11
20.085,5.945238572964742e-11
20.09,5.913617493833185e-11
20.095,5.8821649628068e-11
20.1,5.850880079369408e-11
20.105,5.8197619478284036e-11
20.11,5.788809677288283e-11
20.115000000000002,5.758022381625641e-11
20.12,5.7273991794641036e-11
20.125,5.696939194146514e-11
20.13,5.6666415537127406e-11
20.135,5.636505390871058e-11
20.14,5.606529842977274e-11
20.145,5.5767140520051956e-11
20.150000000000002,5.5470571645248974e-11
20.155,5.5175583316778354e-11
20.16,5.488216709150382e-11
20.165,5.459031457150629e-11
20.17,5.430001740385834e-11
20.175,5.401126728033766e-11
20.18,5.37240559372553e-11
20.185,5.343837515511363e-11
20.19,5.3154216758501896e-11
20.195,5.2871572615744967e-11
20.2,5.2590434638718504e-11
20.205000000000002,5.231079478262366e-11
20.21,5.203264504571855e-11
20.215,5.175597746912923e-11
20.22,5.148078413657729e-11
20.225,5.120705717419542e-11
20.23,5.093478875026494e-11
20.235,5.066397107499199e-11
20.240000000000002,5.03945964003116e-11
20.245,5.0126657019621643e-11
20.25,4.986014526761012e-11
20.255,4.9595053519975875e-11
20.26,4.933137419325866e-11
20.265,4.906909974458588e-11
20.27,4.880822267149607e-11
20.275000000000002,4.8548735511647323e-11
20.28,4.829063084268451e-11
20.285,4.8033901281990676e-11
20.29,4.7778539486438266e-11
20.295,4.752453815225035e-11
20.3,4.7271890014722426e-11
20.305,4.7020587848055296e-11
20.31,4.677062446511882e-11
20.315,4.652199271727203e-11
20.32,4.6274685494124044e-11
20.325,4.6028695723353966e-11
20.330000000000002,4.578401637049284e-11
20.335,4.5540640438741844e-11
20.34,4.529856096874697e-11
20.345,4.505777103838622e-11
20.35,4.481826376259988e-11
20.355,4.4580032293212426e-11
20.36,4.434306981864644e-11
20.365000000000002,4.410736956382723e-11
20.37,4.387292478990885e-11
20.375,4.363972879414972e-11
20.38,4.340777490964636e-11
20.385,4.317705650519393e-11
20.39,4.294756698508095e-11
20.395,4.271929978889137e-11
20.400000000000002,4.249224839130852e-11
20.405,4.226640630195339e-11
20.41,4.204176706517499e-11
20.415,4.181832425985938e-11
20.42,4.159607149928214e-11
20.425,4.137500243086239e-11
20.43,4.115511073604349e-11
20.435,4.093639013006292e-11
20.44,4.071883436179251e-11
20.445,4.050243721356902e-11
20.45,4.028719250097166e-11
20.455000000000002,4.0073094072693026e-11
20.46,3.986013581033753e-11
20.465,3.964831162824897e-11
20.47,3.943761547331931e-11
20.475,3.922804132484996e-11
20.48,3.901958319434838e-11
20.485,3.8812235125351283e-11
20.490000000000002,3.8605991193280905e-11
20.495,3.8400845505241086e-11
20.5,3.8196792199887204e-11
20.505,3.7993825447211224e-11
20.51,3.7791939448413234e-11
20.515,3.759112843570214e-11
20.52,3.739138667215363e-11
20.525000000000002,3.719270845154264e-11
20.53,3.699508809813941e-11
20.535,3.679851996661825e-11
20.54,3.660299844183012e-11
20.545,3.6408517938669066e-11
20.55,3.621507290189743e-11
20.555,3.6022657806029214e-11
20.56,3.583126715508016e-11
20.565,3.564089548251567e-11
20.57,3.5451537351013905e-11
20.575,3.526318735234884e-11
20.580000000000002,3.5075840107223655e-11
20.585,3.488949026510806e-11
20.59,3.47041325041029e-11
20.595,3.451976153075679e-11
20.6,3.43363720799409e-11
20.605,3.415395891469515e-11
20.61,3.3972516826068984e-11
20.615000000000002,3.379204063295017e-11
20.62,3.3612525181959764e-11
20.625,3.3433965347266133e-11
20.63,3.325635603046734e-11
20.635,3.3079692160422613e-11
20.64,3.290396869309938e-11
20.645,3.272918061146032e-11
20.650000000000002,3.255532292528509e-11
20.655,3.238239067104529e-11
20.66,3.2210378911755704e-11
20.665,3.203928273682867e-11
20.67,3.186909726195017e-11
20.675,3.1699817628909344e-11
20.68,3.1531439005483655e-11
20.685,3.136395658528171e-11
20.69,3.1197365587628923e-11
20.695,3.103166125740076e-11
20.7,3.086683886490695e-11
20.705000000000002,3.0702893705736234e-11
20.71,3.0539821100641183e-11
20.715,3.037761639539424e-11
20.72,3.0216274960655246e-11
20.725,3.0055792191822394e-11
20.73,2.989616350893384e-11
20.735,2.9737384356503006e-11
20.740000000000002,2.9579450203399546e-11
20.745,2.9422356542723446e-11
20.75,2.9266098891655705e-11
20.755,2.911067279137473e-11
20.76,2.8956073806865284e-11
20.765,2.8802297526844623e-11
20.77,2.8649339563591247e-11
20.775000000000002,2.8497195552868986e-11
20.78,2.8345861153746124e-11
20.785,2.819533204851859e-11
20.79,2.8045603942536685e-11
20.795,2.789667256414945e-11
20.8,2.7748533664504033e-11
20.805,2.7601183017481036e-11
20.81,2.7454616419527862e-11
20.815,2.7308829689595496e-11
20.82,2.7163818668966045e-11
20.825,2.7019579221142262e-11
20.830000000000002,2.6876107231752717e-11
20.835,2.673339860841474e-11
20.84,2.6591449280618746e-11
20.845,2.645025519960791e-11
20.85,2.6309812338265513e-11
20.855,2.617011669100566e-11
20.86,2.6031164273651673e-11
20.865000000000002,2.5892951123317845e-11
20.87,2.57554732982901e-11
20.875,2.561872687794492e-11
20.88,2.5482707962579572e-11
20.885,2.53474126733641e-11
20.89,2.521283715217965e-11
20.895,2.507897756152392e-11
20.900000000000002,2.4945830084417538e-11
20.905,2.4813390924274163e-11
20.91,2.4681656304795233e-11
20.915,2.4550622469862388e-11
20.92,2.4420285683423386e-11
20.925,2.429064222939533e-11
20.93,2.416168841156388e-11
20.935,2.4033420553443607e-11
20.94,2.3905834998217902e-11
20.945,2.377892810860142e-11
20.95,2.3652696266736026e-11
20.955000000000002,2.352713587410365e-11
20.96,2.3402243351413544e-11
20.965,2.32780151385047e-11
20.97,2.3154447694230494e-11
20.975,2.3031537496358337e-11
20.98,2.2909281041490352e-11
20.985,2.278767484495073e-11
20.990000000000002,2.2666715440666126e-11
20.995,2.254639938107663e-11
21.0,2.2426723237067358e-11
21.005,2.230768359782212e-11
21.01,2.2189277070759863e-11
21.015,2.2071500281406603e-11
21.02,2.1954349873343688e-11
21.025000000000002,2.1837822508058858e-11
21.03,2.1721914864882636e-11
21.035,2.1606623640902494e-11
21.04,2.1491945550814694e-11
21.045,2.1377877326909876e-11
21.05,2.126441571889096e-11
21.055,2.115155749385164e-11
21.06,2.1039299436149588e-11
21.065,2.092763834732142e-11
21.07,2.0816571045972198e-11
21.075,2.0706094367726042e-11
21.080000000000002,2.059620516509198e-11
21.085,2.048690030739316e-11
21.09,2.037817668069412e-11
21.095,2.02700311876564e-11
21.1,2.0162460747520605e-11
21.105,2.0055462295963912e-11
21.11,1.9949032785025598e-11
21.115000000000002,1.984316918303931e-11
21.12,1.9737868474522105e-11
21.125,1.9633127660096643e-11
21.13,1.9528943756412823e-11
21.135,1.9425313796037356e-11
21.14,1.9322234827397565e-11
21.145,1.9219703914689894e-11
21.150000000000002,1.9117718137763854e-11
21.155,1.901627459210756e-11
21.16,1.8915370388658718e-11
21.165,1.8815002653841425e-11
21.17,1.8715168529402752e-11
21.175,1.861586517235176e-11
21.18,1.8517089754862697e-11
21.185,1.8418839464248748e-11
21.19,1.8321111502824282e-11
21.195,1.8223903087829472e-11
21.2,1.8127211451381344e-11
21.205000000000002,1.8031033840366434e-11
21.21,1.7935367516380554e-11
21.215,1.784020975564113e-11
21.22,1.7745557848893413e-11
21.225,1.7651409101381893e-11
21.23,1.7557760832698232e-11
21.235,1.7464610376777728e-11
21.240000000000002,1.7371955081771936e-11
21.245,1.7279792309997984e-11
21.25,1.718811943786729e-11
21.255,1.709693385576664e-11
21.26,1.7006232968052955e-11
21.265,1.6916014192916598e-11
21.27,1.6826274962339313e-11
21.275000000000002,1.6737012722019602e-11
21.28,1.6648224931279442e-11
21.285,1.6559909063007954e-11
21.29,1.6472062603599955e-11
21.295,1.638468305283778e-11
21.3,1.6297767923889702e-11
21.305,1.621131474317293e-11
21.31,1.612532105030464e-11
21.315,1.6039784398066616e-11
21.32,1.5954702352269747e-11
21.325,1.587007249174826e-11
21.330000000000002,1.5785892408239202e-11
21.335,1.5702159706335645e-11
21.34,1.56188720034353e-11
21.345,1.5536026929640537e-11
21.35,1.5453622127691576e-11
21.355,1.5371655252931106e-11
21.36,1.5290123973220836e-11
21.365000000000002,1.520902596883854e-11
21.37,1.5128358932480555e-11
21.375,1.5048120569131713e-11
21.38,1.496830859603777e-11
21.385,1.4888920742624188e-11
21.39,1.4809954750430124e-11
21.395,1.4731408373056316e-11
21.400000000000002,1.465327937609794e-11
21.405,1.4575565537065174e-11
21.41,1.4498264645325988e-11
21.415,1.4421374502060152e-11
21.42,1.434489292015985e-11
21.425,1.426881772421086e-11
21.43,1.4193146750402215e-11
21.435,1.4117877846464732e-11
21.44,1.4043008871609847e-11
21.445,1.3968537696481434e-11
21.45,1.3894462203099099e-11
21.455000000000002,1.3820780284756464e-11
21.46,1.3747489846002565e-11
21.465,1.3674588802587184e-11
21.47,1.3602075081342611e-11
21.475,1.3529946620192017e-11
21.48,1.3458201368062479e-11
21.485,1.3386837284797735e-11
21.490000000000002,1.3315852341143874e-11
21.495,1.3245244518701163e-11
21.5,1.3175011809785578e-11
21.505,1.310515221746513e-11
21.51,1.3035663755461522e-11
21.515,1.2966544448061629e-11
21.52,1.2897792330134247e-11
21.525000000000002,1.282940544700731e-11
21.53,1.2761381854436387e-11
21.535,1.2693719618561274e-11
21.54,1.2626416815836974e-11
21.545,1.2559471532973746e-11
21.55,1.2492881866894686e-11
21.555,1.2426645924676884e-11
21.56,1.236076182349061e-11
21.565,1.2295227690550507e-11
21.57,1.2230041663067832e-11
21.575,1.2165201888178501e-11
21.580000000000002,1.2100706522920325e-11
21.585,1.2036553734155765e-11
21.59,1.1972741698522505e-11
21.595,1.1909268602363528e-11
21.6,1.1846132641740585e-11
21.605,1.1783332022308495e-11
21.61,1.172086495930559e-11
21.615000000000002,1.1658729677478323e-11
21.62,1.1596924411040611e-11
21.625,1.1535447403651862e-11
21.63,1.147429690830655e-11
21.635,1.1413471187336619e-11
21.64,1.1352968512318943e-11
21.645,1.1292787164094888e-11
21.650000000000002,1.1232925432625068e-11
21.655,1.1173381617018061e-11
21.66,1.1114154025465729e-11
21.665,1.1055240975128404e-11
21.67,1.099664079220413e-11
21.675,1.0938351811792237e-11
21.68,1.088037237784601e-11
21.685,1.0822700843202157e-11
21.69,1.0765335569445713e-11
21.695,1.0708274926908995e-11
21.7,1.0651517294602036e-11
21.705000000000002,1.059506106020835e-11
21.71,1.0538904619983295e-11
21.715,1.0483046378741515e-11
21.72,1.0427484749812633e-11
21.725,1.0372218154966054e-11
21.73,1.0317245024425366e-11
21.735,1.0262563796744731e-11
21.740000000000002,1.0208172918819672e-11
21.745,1.01540708458342e-11
21.75,1.0100256041207159e-11
21.755,1.0046726976528958e-11
21.76,9.993482131582515e-12
21.765,9.940519994209254e-12
21.77,9.887839060345077e-12
21.775000000000002,9.835437833934057e-12
21.78,9.783314826896162e-12
21.785,9.731468559102805e-12
21.79,9.679897558280427e-12
21.795,9.628600360032901e-12
21.8,9.577575507777854e-12
21.805,9.526821552661057e-12
21.81,9.476337053594852e-12
21.815,9.42612057715162e-12
21.82,9.376170697557259e-12
21.825,9.326485996617504e-12
21.830000000000002,9.277065063726503e-12
21.835,9.227906495780896e-12
21.84,9.17900889715178e-12
21.845,9.130370879666255e-12
21.85,9.081991062564633e-12
21.855,9.033868072395742e-12
21.86,8.98600054308964e-12
21.865000000000002,8.93838711580447e-12
21.87,8.891026438984918e-12
21.875,8.843917168267217e-12
21.88,8.797057966435083e-12
21.885,8.750447503425665e-12
21.89,8.704084456248298e-12
21.895,8.657967508974572e-12
21.900000000000002,8.612095352689086e-12
21.905,8.566466685440253e-12
21.91,8.52108021223749e-12
21.915,8.47593464496667e-12
21.92,8.431028702401709e-12
21.925,8.3863611101389e-12
21.93,8.341930600566297e-12
21.935,8.297735912813176e-12
21.94,8.253775792758054e-12
21.945,8.210048992930902e-12
21.95,8.166554272544892e-12
21.955000000000002,8.123290397390542e-12
21.96,8.080256139861886e-12
21.965,8.037450278882474e-12
21.97,7.994871599885703e-12
21.975,7.952518894781761e-12
21.98,7.91039096191321e-12
21.985,7.868486606023744e-12
21.990000000000002,7.826804638245252e-12
21.995,7.785343876018608e-12
22.0,7.744103143104292e-12
22.005,7.703081269528047e-12
22.01,7.662277091541644e-12
22.015,7.621689451600093e-12
22.02,7.58131719833592e-12
22.025000000000002,7.541159186519694e-12
22.03,7.50121427699056e-12
22.035,7.461481336705705e-12
22.04,7.421959238627341e-12
22.045,7.382646861735256e-12
22.05,7.343543090965844e-12
22.055,7.304646817218372e-12
22.06,7.265956937297407e-12
22.065,7.227472353872241e-12
22.07,7.1891919754731775e-12
22.075,7.1511147164388565e-12
22.080000000000002,7.113239496879988e-12
22.085,7.075565242679926e-12
22.09,7.038090885448575e-12
22.095,7.0008153624588835e-12
22.1,6.963737616678389e-12
22.105,6.926856596671632e-12
22.11,6.890171256651319e-12
22.115000000000002,6.853680556357212e-12
22.12,6.817383461082807e-12
22.125,6.7812789416415004e-12
22.13,6.745365974338448e-12
22.135,6.7096435409119796e-12
22.14,6.6741106285159684e-12
22.145,6.638766229736725e-12
22.150000000000002,6.60360934250344e-12
22.155,6.568638970085442e-12
22.16,6.533854121052083e-12
22.165,6.499253809276371e-12
22.17,6.464837053860264e-12
22.175,6.430602879148257e-12
22.18,6.396550314666128e-12
22.185,6.362678395138489e-12
22.19,6.328986160386742e-12
22.195,6.2954726553760495e-12
22.2,6.262136930155548e-12
22.205000000000002,6.228978039835607e-12
22.21,6.19599504454168e-12
22.215,6.163187009430624e-12
22.22,6.130553004609738e-12
22.225,6.098092105168383e-12
22.23,6.065803391095749e-12
22.235,6.033685947315269e-12
22.240000000000002,6.001738863574354e-12
22.245,5.969961234497298e-12
22.25,5.9383521595443044e-12
22.255,5.9069107429449305e-12
22.26,5.875636093709936e-12
22.265,5.844527325592048e-12
22.27,5.813583557060107e-12
22.275000000000002,5.7828039113031975e-12
22.28,5.7521875161349815e-12
22.285,5.7217335040496466e-12
22.29,5.691441012146613e-12
22.295,5.66130918211218e-12
22.3,5.6313371602332465e-12
22.305,5.601524097307245e-12
22.31,5.571869148680899e-12
22.315,5.5423714741728e-12
22.32,5.513030238094246e-12
22.325,5.483844609216086e-12
22.330000000000002,5.454813760688451e-12
22.335,5.42593687012642e-12
22.34,5.397213119463022e-12
22.345,5.368641695044279e-12
22.35,5.3402217875095145e-12
22.355,5.3119525918012056e-12
22.36,5.283833307209404e-12
22.365000000000002,5.25586313719039e-12
22.37,5.228041289528264e-12
22.375,5.200366976190582e-12
22.38,5.172839413321883e-12
22.385,5.1454578212664425e-12
22.39,5.118221424516457e-12
22.395,5.091129451676639e-12
22.400000000000002,5.064181135475771e-12
22.405,5.0373757127250025e-12
22.41,5.010712424289816e-12
22.415,4.984190515075583e-12
22.42,4.957809234014481e-12
22.425,4.931567834045264e-12
22.43,4.905465572059637e-12
22.435,4.879501708938069e-12
22.44,4.853675509437383e-12
22.445,4.82798624231872e-12
22.45,4.802433180133048e-12
22.455000000000002,4.777015599385326e-12
22.46,4.751732780401062e-12
22.465,4.726584007321519e-12
22.47,4.701568568118772e-12
22.475,4.676685754554263e-12
22.48,4.651934862140467e-12
22.485,4.627315190156586e-12
22.490000000000002,4.602826041623784e-12
22.495,4.578466723233171e-12
22.5,4.55423654539619e-12
22.505,4.530134822200623e-12
22.51,4.506160871360296e-12
22.515,4.482314014236149e-12
22.52,4.458593575789156e-12
22.525000000000002,4.434998884589436e-12
22.53,4.411529272761086e-12
22.535,4.3881840760052675e-12
22.54,4.364962633536796e-12
22.545,4.3418642880981415e-12
22.55,4.318888385927785e-12
22.555,4.296034276742097e-12
22.56,4.273301313725443e-12
22.565,4.2506888534897135e-12
22.57,4.228196256078547e-12
22.575,4.2058228849563635e-12
22.580000000000002,4.18356810694266e-12
22.585,4.1614312922514065e-12
22.59,4.139411814434007e-12
22.595,4.117509050386741e-12
22.6,4.095722380317004e-12
22.605,4.074051187721287e-12
22.61,4.052494859396379e-12
22.615000000000002,4.03105278537651e-12
22.62,4.009724358961405e-12
22.625,3.988508976675698e-12
22.63,3.967406038242899e-12
22.635,3.9464149465990945e-12
22.64,3.9255351078369376e-12
22.645,3.904765931230614e-12
22.650000000000002,3.884106829171916e-12
22.655,3.863557217208472e-12
22.66,3.843116513969398e-12
22.665,3.822784141197029e-12
22.67,3.80255952369362e-12
22.675,3.782442089342181e-12
22.68,3.762431269048944e-12
22.685,3.74252649675866e-12
22.69,3.722727209427385e-12
22.695,3.703032847002799e-12
22.7,3.683442852413869e-12
22.705000000000002,3.663956671552259e-12
22.71,3.644573753260425e-12
22.715,3.6252935493102435e-12
22.72,3.606115514387788e-12
22.725,3.5870391060870613e-12
22.73,3.568063784879872e-12
22.735,3.5491890141064498e-12
22.740000000000002,3.5304142599715364e-12
22.745,3.51173899151539e-12
22.75,3.493162680596419e-12
22.755,3.4746848018861683e-12
22.76,3.456304832867919e-12
22.765,3.4380222537641343e-12
22.77,3.4198365475966034e-12
22.775000000000002,3.4017472001266254e-12
22.78,3.383753699851721e-12
22.785,3.3658555379791858e-12
22.79,3.3480522084424207e-12
22.795,3.33034320784662e-12
22.8,3.3127280354956277e-12
22.805,3.2952061933351104e-12
22.81,3.277777185961652e-12
22.815,3.2604405206275557e-12
22.82,3.2431957071846995e-12
22.825,3.226042258099369e-12
22.830000000000002,3.2089796884291037e-12
22.835,3.1920075158178946e-12
22.84,3.175125260459146e-12
22.845,3.1583324451166687e-12
22.85,3.141628595078295e-12
22.855,3.1250132381598454e-12
22.86,3.108485904687016e-12
22.865000000000002,3.0920461274968937e-12
22.87,3.07569344188647e-12
22.875,3.0594273856459414e-12
22.88,3.043247499008585e-12
22.885,3.027153324663742e-12
22.89,3.0111444077221153e-12
22.895,2.9952202957250365e-12
22.900000000000002,2.979380538606661e-12
22.905,2.96362468870247e-12
22.91,2.9479523007259825e-12
22.915,2.932362931763222e-12
22.92,2.9168561412448098e-12
22.925,2.9014314909526666e-12
22.93,2.8860885450010182e-12
22.935,2.870826869814782e-12
22.94,2.855646034122696e-12
22.945,2.8405456089530426e-12
22.95,2.825525167609904e-12
22.955000000000002,2.8105842856735993e-12
22.96,2.795722540968741e-12
22.965,2.7809395135762183e-12
22.97,2.7662347857997956e-12
22.975,2.7516079421728966e-12
22.98,2.737058569440321e-12
22.985,2.7225862565179723e-12
22.990000000000002,2.7081905945498224e-12
22.995,2.693871176814228e-12
23.0,2.6796275987734703e-12
23.005,2.6654594580276246e-12
23.01,2.6513663543338732e-12
23.015,2.637347889561001e-12
23.02,2.62340366769436e-12
23.025000000000002,2.609533294841449e-12
23.03,2.595736379183236e-12
23.035,2.5820125309940646e-12
23.04,2.568361362617259e-12
23.045,2.5547824884600788e-12
23.05,2.5412755249713303e-12
23.055,2.5278400906551043e-12
23.06,2.514475806018375e-12
23.065,2.501182293612741e-12
23.07,2.487959177971987e-12
23.075,2.47480608564806e-12
23.080000000000002,2.461722645152656e-12
23.085,2.4487084869949048e-12
23.09,2.4357632436387573e-12
23.095,2.4228865494969522e-12
23.1,2.4100780409337065e-12
23.105,2.3973373562418395e-12
23.11,2.3846641356346132e-12
23.115000000000002,2.3720580212431532e-12
23.12,2.3595186570912155e-12
23.125,2.347045689103754e-12
23.13,2.3346387650896714e-12
23.135,2.322297534719831e-12
23.14,2.3100216495262824e-12
23.145,2.2978107629096365e-12
23.150000000000002,2.285664530091735e-12
23.155,2.2735826081419476e-12
23.16,2.261564655939818e-12
23.165,2.2496103341896155e-12
23.17,2.2377193053891494e-12
23.175,2.2258912338369367e-12
23.18,2.2141257856131485e-12
23.185,2.2024226285603587e-12
23.19,2.1907814323188404e-12
23.195,2.1792018682416708e-12
23.2,2.167683609461274e-12
23.205000000000002,2.156226330835021e-12
23.21,2.144829708946264e-12
23.215,2.133493422092737e-12
23.22,2.1222171502967767e-12
23.225,2.1110005752724354e-12
23.23,2.099843380419297e-12
23.235,2.0887452508259217e-12
23.240000000000002,2.0777058732474136e-12
23.245,2.0667249361218407e-12
23.25,2.055802129518205e-12
23.255,2.044937145164761e-12
23.26,2.0341296764321135e-12
23.265,2.0233794183114845e-12
23.27,2.012686067409676e-12
23.275000000000002,2.0020493219680696e-12
23.28,1.9914688818022523e-12
23.285,1.9809444483423943e-12
23.29,1.9704757245984283e-12
23.295,1.960062415160226e-12
23.3,1.9497042261832727e-12
23.305,1.9394008653946294e-12
23.31,1.9291520420554974e-12
23.315,1.918957466987182e-12
23.32,1.9088168525431245e-12
23.325,1.898729912603845e-12
23.330000000000002,1.8886963625624042e-12
23.335,1.8787159193452636e-12
23.34,1.8687883013613773e-12
23.345,1.8589132285199444e-12
23.35,1.849090422224232e-12
23.355,1.839319605355367e-12
23.36,1.8296005022630903e-12
23.365000000000002,1.819932838766145e-12
23.37,1.8103163421373896e-12
23.375,1.8007507410975816e-12
23.38,1.7912357658072272e-12
23.385,1.781771147864689e-12
23.39,1.7723566202885125e-12
23.395,1.7629919175245982e-12
23.400000000000002,1.7536767754163003e-12
23.405,1.7444109312191311e-12
23.41,1.7351941235784111e-12
23.415,1.7260260925371255e-12
23.42,1.7169065795070287e-12
23.425,1.707835327285898e-12
23.43,1.698812080027212e-12
23.435,1.6898365832440197e-12
23.44,1.6809085838046063e-12
23.445,1.6720278299254644e-12
23.45,1.6631940711481035e-12
23.455000000000002,1.6544070583602302e-12
23.46,1.6456665437571134e-12
23.465,1.6369722808605467e-12
23.47,1.6283240244994252e-12
23.475,1.6197215307970285e-12
23.48,1.6111645571846422e-12
23.485,1.602652862375569e-12
23.490000000000002,1.5941862063519471e-12
23.495,1.585764350393862e-12
23.5,1.577387057032535e-12
23.505,1.5690540900691719e-12
23.51,1.5607652145547892e-12
23.515,1.5525201967809603e-12
23.52,1.544318804300162e-12
23.525000000000002,1.5361608058804811e-12
23.53,1.5280459715198466e-12
23.535,1.5199740724468097e-12
23.54,1.511944881106025e-12
23.545,1.5039581711319737e-12
23.55,1.4960137173842692e-12
23.555,1.4881112958998652e-12
23.56,1.4802506839170872e-12
23.565,1.4724316598471142e-12
23.57,1.4646540032914412e-12
23.575,1.4569174950091119e-12
23.580000000000002,1.4492219169150342e-12
23.585,1.4415670521109203e-12
23.59,1.4339526848248138e-12
23.595,1.4263786004414707e-12
23.6,1.4188445854843283e-12
23.605,1.411350427602313e-12
23.61,1.4038959155867197e-12
23.615000000000002,1.3964808393329733e-12
23.62,1.389104989861567e-12
23.625,1.3817681593050535e-12
23.63,1.3744701408935836e-12
23.635,1.367210728960252e-12
23.64,1.3599897189169933e-12
23.645,1.3528069072844207e-12
23.650000000000002,1.3456620916444414e-12
23.655,1.3385550706518145e-12
23.66,1.3314856440597589e-12
23.665,1.3244536126398288e-12
23.67,1.3174587782532434e-12
23.675,1.3105009438123841e-12
23.68,1.3035799132510123e-12
23.685,1.2966954915748154e-12
23.69,1.2898474848004835e-12
23.695,1.2830356999866604e-12
23.7,1.276259945210831e-12
23.705000000000002,1.269520029577729e-12
23.71,1.2628157631944917e-12
23.715,1.2561469571841694e-12
23.72,1.2495134236655666e-12
23.725,1.242914975757111e-12
23.73,1.2363514275759861e-12
23.735,1.2298225942216129e-12
23.740000000000002,1.2233282917706404e-12
23.745,1.2168683372686729e-12
23.75,1.2104425487588592e-12
23.755,1.2040507452239174e-12
23.76,1.1976927466173445e-12
23.765,1.1913683738560784e-12
23.77,1.1850774487900401e-12
23.775000000000002,1.178819794229491e-12
23.78,1.1725952339214767e-12
23.785,1.1664035925373587e-12
23.79,1.160244695702112e-12
23.795,1.1541183699403212e-12
23.8,1.1480244427137119e-12
23.805,1.1419627423925957e-12
23.81,1.1359330982676592e-12
23.815,1.12993534051945e-12
23.82,1.1239693002490723e-12
23.825,1.118034809433553e-12
23.830000000000002,1.1121317009606388e-12
23.835,1.1062598085857447e-12
23.84,1.1004189669668265e-12
23.845,1.09460901162025e-12
23.85,1.0888297789511017e-12
23.855,1.0830811062235598e-12
23.86,1.0773628315622534e-12
23.865000000000002,1.071674793963251e-12
23.87,1.0660168332643467e-12
23.875,1.0603887901631453e-12
23.88,1.0547905061913601e-12
23.885,1.049221823731061e-12
23.89,1.043682586001854e-12
23.895,1.0381726370415684e-12
23.900000000000002,1.0326918217304929e-12
23.905,1.027239985765595e-12
23.91,1.0218169756660903e-12
23.915,1.0164226387580152e-12
23.92,1.0110568231830161e-12
23.925,1.0057193778886849e-12
23.93,1.0004101526237552e-12
23.935000000000002,9.951289979325881e-13
23.94,9.89875765154407e-13
23.945,9.846503064111284e-13
23.95,9.794524746188315e-13
23.955000000000002,9.742821234673504e-13
23.96,9.69139107423382e-13
23.965,9.640232817251509e-13
23.97,9.589345023891725e-13
23.975,9.538726261752839e-13
23.98,9.488375106253422e-13
23.985,9.438290140210158e-13
23.990000000000002,9.388469954001563e-13
23.995,9.338913145584e-13
24.0,9.289618320123561e-13
24.005,9.240584090436952e-13
24.01,9.191809076574446e-13
24.015,9.143291905865838e-13
24.02,9.095031212995438e-13
24.025000000000002,9.047025639938372e-13
24.03,8.99927383575544e-13
24.035,8.951774456675567e-13
24.04,8.904526166212523e-13
24.045,8.85752763478011e-13
24.05,8.810777539956841e-13
24.055,8.764274566307601e-13
24.060000000000002,8.71801740534865e-13
24.065,8.67200475556693e-13
24.07,8.626235322359417e-13
24.075,8.580707817968978e-13
24.080000000000002,8.535420961473169e-13
24.085,8.490373478750564e-13
24.09,8.445564102438812e-13
24.095,8.400991571821616e-13
24.1,8.35665463304833e-13
24.105,8.312552038778299e-13
24.11,8.268682548262042e-13
24.115000000000002,8.225044927396881e-13
24.12,8.181637948661121e-13
24.125,8.138460390982648e-13
24.13,8.095511039755652e-13
24.135,8.052788686849721e-13
24.14,8.010292130500267e-13
24.145,7.968020175413932e-13
24.150000000000002,7.925971632471499e-13
24.155,7.884145319071567e-13
24.16,7.842540058674533e-13
24.165,7.801154681082747e-13
24.17,7.75998802236897e-13
24.175,7.719038924651337e-13
24.18,7.678306236242819e-13
24.185000000000002,7.637788811554349e-13
24.19,7.597485511064718e-13
24.195,7.557395201361289e-13
24.2,7.517516754977915e-13
24.205000000000002,7.47784905040085e-13
24.21,7.438390972128624e-13
24.215,7.399141410580412e-13
24.22,7.360099261978916e-13
24.225,7.321263428449463e-13
24.23,7.282632817952655e-13
24.235,7.244206344169845e-13
24.240000000000002,7.20598292669894e-13
24.245,7.167961490709683e-13
24.25,7.130140967060023e-13
24.255,7.092520292448888e-13
24.26,7.055098409043824e-13
24.265,7.017874264668074e-13
24.27,6.980846812784511e-13
24.275000000000002,6.944015012315575e-13
24.28,6.907377827758446e-13
24.285,6.870934229084242e-13
24.29,6.834683191731729e-13
24.295,6.798623696578664e-13
24.3,6.762754729853055e-13
24.305,6.727075283236e-13
24.310000000000002,6.691584353698855e-13
24.315,6.656280943556729e-13
24.32,6.621164060393843e-13
24.325,6.586232717071973e-13
24.330000000000002,6.551485931709255e-13
24.335,6.516922727548234e-13
24.34,6.482542133090095e-13
24.345,6.448343181924819e-13
24.35,6.414324912849952e-13
24.355,6.380486369700759e-13
24.36,6.346826601309569e-13
24.365000000000002,6.313344661742621e-13
24.37,6.280039609860379e-13
24.375,6.246910509692675e-13
24.38,6.213956430122442e-13
24.385,6.181176445006508e-13
24.39,6.148569633082054e-13
24.395,6.116135078057714e-13
24.400000000000002,6.08387186833174e-13
24.405,6.051779097304859e-13
24.41,6.019855863161682e-13
24.415,5.98810126869606e-13
24.42,5.95651442166608e-13
24.425,5.925094434412484e-13
24.43,5.893840424162238e-13
24.435000000000002,5.86275151257527e-13
24.44,5.831826826123182e-13
24.445,5.801065495904042e-13
24.45,5.770466657599774e-13
24.455000000000002,5.740029451421896e-13
24.46,5.709753022216796e-13
24.465,5.679636519332052e-13
24.47,5.649679096572917e-13
24.475,5.619879912373212e-13
24.48,5.590238129430724e-13
24.485,5.560752915022506e-13
24.490000000000002,5.531423440814806e-13
24.495,5.502248882820637e-13
24.5,5.473228421494586e-13
24.505,5.444361241468553e-13
24.51,5.415646531907171e-13
24.515,5.387083486140099e-13
24.52,5.358671301862111e-13
24.525000000000002,5.330409180943114e-13
24.53,5.302296329398288e-13
24.535,5.274331957737617e-13
24.54,5.246515280314729e-13
24.545,5.218845515894955e-13
24.55,5.191321887269543e-13
24.555,5.163943621392606e-13
24.560000000000002,5.13670994923786e-13
24.565,5.109620105964568e-13
24.57,5.082673330708953e-13
24.575,5.055868866633386e-13
24.580000000000002,5.02920596099859e-13
24.585,5.002683864911728e-13
24.59,4.976301833599882e-13
24.595,4.950059126138132e-13
24.6,4.923955005545554e-13
24.605,4.897988738777863e-13
24.61,4.87215959661023e-13
24.615000000000002,4.846466853780933e-13
24.62,4.820909788719486e-13
24.625,4.795487683860155e-13
24.63,4.770199825335055e-13
24.635,4.745045503018539e-13
24.64,4.720024010690134e-13
24.645,4.695134645690856e-13
24.650000000000002,4.670376709195197e-13
24.655,4.645749506143819e-13
24.66,4.621252344940094e-13
24.665,4.596884537905198e-13
24.67,4.572645400798014e-13
24.675,4.548534253149524e-13
24.68,4.52455041805521e-13
24.685000000000002,4.5006932220998506e-13
24.69,4.4769619955498554e-13
24.695,4.4533560722043385e-13
24.7,4.4298747893027857e-13
24.705000000000002,4.406517487752885e-13
24.71,4.3832835118243173e-13
24.715,4.3601722092617083e-13
24.72,4.3371829313527184e-13
24.725,4.3143150326737697e-13
24.73,4.291567871479554e-13
24.735,4.268940809157731e-13
24.740000000000002,4.2464332105894427e-13
24.745,4.224044444031551e-13
24.75,4.201773881079769e-13
24.755,4.1796208965479834e-13
24.76,4.1575848687999014e-13
24.765,4.135665179326184e-13
24.77,4.1138612128218687e-13
24.775000000000002,4.0921723573623815e-13
24.78,4.070598004368525e-13
24.785,4.049137548221852e-13
24.79,4.0277903866855203e-13
24.795,4.0065559206852464e-13
24.8,3.985433554306984e-13
24.805,3.9644226947765587e-13
24.810000000000002,3.943522752504347e-13
24.815,3.922733140923766e-13
24.82,3.902053276759986e-13
24.825,3.8814825795872984e-13
24.830000000000002,3.861020472293753e-13
24.835,3.8406663806222294e-13
24.84,3.820419733487169e-13
24.845,3.8002799627821524e-13
24.85,3.7802465033980326e-13
24.855,3.760318793256249e-13
24.86,3.740496273188807e-13
24.865000000000002,3.720778387041215e-13
24.87,3.701164581628724e-13
24.875,3.681654306623721e-13
24.88,3.6622470146669757e-13
24.885,3.6429421612385955e-13
24.89,3.6237392048181484e-13
24.895,3.604637606629874e-13
24.900000000000002,3.585636830784071e-13
24.905,3.5667363442830893e-13
24.91,3.5479356168866303e-13
24.915,3.52923412120399e-13
24.92,3.510631332650031e-13
24.925,3.4921267293118217e-13
24.93,3.4737197921578854e-13
24.935000000000002,3.455410004851202e-13
24.94,3.4371968538265704e-13
24.945,3.419079828198884e-13
24.95,3.4010584197851767e-13
24.955000000000002,3.383132123109378e-13
24.96,3.365300435364807e-13
24.965,3.347562856486501e-13
24.97,3.329918888901164e-13
24.975,3.3123680377787157e-13
24.98,3.294909810885585e-13
24.985,3.277543718596406e-13
24.990000000000002,3.2602692738353494e-13
24.995,3.2430859921853405e-13
25.0,3.225993391782516e-13
25.005,3.2089909932154293e-13
25.01,3.192078319668583e-13
25.015,3.17525489696091e-13
25.02,3.158520253190816e-13
25.025000000000002,3.1418739191653065e-13
25.03,3.1253154281145254e-13
25.035,3.1088443156584235e-13
25.04,3.092460120000136e-13
25.045,3.0761623816362766e-13
25.05,3.059950643652116e-13
25.055,3.04382445146725e-13
25.060000000000002,3.0277833529312877e-13
25.065,3.0118268982959533e-13
25.07,2.9959546401297924e-13
25.075,2.9801661334219e-13
25.080000000000002,2.964460935532742e-13
25.085,2.9488386061851167e-13
25.09,2.933298707328646e-13
25.095,2.917840803306114e-13
25.1,2.9024644608006395e-13
25.105,2.887169248698283e-13
25.11,2.8719547382347557e-13
25.115000000000002,2.8568205029097065e-13
25.12,2.841766118376955e-13
25.125,2.826791162725157e-13
25.13,2.8118952161825994e-13
25.135,2.79707786109697e-13
25.14,2.782338682173486e-13
25.145,2.767677266270725e-13
25.150000000000002,2.753093202379519e-13
25.155,2.738586081777796e-13
25.16,2.724155497799432e-13
25.165,2.709801045965215e-13
25.17,2.695522323967775e-13
25.175,2.6813189315981216e-13
25.18,2.667190470759286e-13
25.185000000000002,2.6531365454863114e-13
25.19,2.6391567619048605e-13
25.195,2.62525072819862e-13
25.2,2.6114180546558935e-13
25.205000000000002,2.5976583535793213e-13
25.21,2.583971239400997e-13
25.215,2.5703563285435223e-13
25.22,2.5568132394440246e-13
25.225,2.543341592602064e-13
25.23,2.529941010448891e-13
25.235,2.5166111176009375e-13
25.240000000000002,2.503351540433329e-13
25.245,2.490161907365229e-13
25.25,2.477041848863852e-13
25.255,2.463990997279117e-13
25.26,2.4510089870055717e-13
25.265,2.438095454204772e-13
25.27,2.4252500370049417e-13
25.275000000000002,2.412472375615032e-13
25.28,2.399762111972329e-13
25.285,2.387118889972125e-13
25.29,2.3745423553867513e-13
25.295,2.3620321558317647e-13
25.3,2.349587940866021e-13
25.305,2.3372093618173984e-13
25.310000000000002,2.324896071940804e-13
25.315,2.312647726243838e-13
25.32,2.300463981594306e-13
25.325,2.288344496680358e-13
25.330000000000002,2.276288932020273e-13
25.335,2.2642969498902e-13
25.34,2.2523682143453389e-13
25.345,2.240502391215132e-13
25.35,2.2286991481770544e-13
25.355,2.216958154563555e-13
25.36,2.2052790815354754e-13
25.365000000000002,2.1936616019588475e-13
25.37,2.182105390403138e-13
25.375,2.1706101231986884e-13
25.38,2.1591754783255526e-13
25.385,2.1478011356387635e-13
25.39,2.1364867764197206e-13
25.395,2.125232083890709e-13
25.400000000000002,2.1140367428191079e-13
25.405,2.1029004396491386e-13
25.41,2.0918228624813089e-13
25.415,2.080803701079053e-13
25.42,2.0698426468861595e-13
25.425,2.058939392917125e-13
25.43,2.04809363382535e-13
25.435000000000002,2.037305065896707e-13
25.44,2.0265733870442454e-13
25.445,2.0158982966665636e-13
25.45,2.0052794959485536e-13
25.455000000000002,1.9947166874524026e-13
25.46,1.9842095754607893e-13
25.465,1.973757865712933e-13
25.47,1.96336126556353e-13
25.475,1.9530194839829957e-13
25.48,1.9427322313010404e-13
25.485,1.9324992195433347e-13
25.490000000000002,1.9223201621854393e-13
25.495,1.9121947742109413e-13
25.5,1.9021227721283585e-13
25.505,1.8921038739689263e-13
25.51,1.882137799282886e-13
25.515,1.8722242689701928e-13
25.52,1.8623630055186195e-13
25.525000000000002,1.8525537328176506e-13
25.53,1.8427961763745634e-13
25.535,1.833090062906794e-13
25.54,1.823435120778253e-13
25.545,1.8138310796364076e-13
25.55,1.80427767070773e-13
25.555,1.794774626549392e-13
25.560000000000002,1.7853216810768758e-13
25.565,1.775918569764757e-13
25.57,1.7665650294106483e-13
25.575,1.7572607981299702e-13
25.580000000000002,1.748005615543014e-13
25.585,1.7387992226045682e-13
25.59,1.72964136155101e-13
25.595,1.720531776168569e-13
25.6,1.7114702114481962e-13
25.605,1.702456413742248e-13
25.61,1.693490130787363e-13
25.615000000000002,1.6845711116606269e-13
25.62,1.6756991067367077e-13
25.625,1.6668738677494406e-13
25.63,1.658095147651242e-13
25.635,1.6493627007986794e-13
25.64,1.6406762828116876e-13
25.645,1.6320356506022912e-13
25.650000000000002,1.6234405623675462e-13
25.655,1.6148907776635266e-13
25.66,1.6063860570685843e-13
25.665,1.5979261627234122e-13
25.67,1.5895108578906593e-13
25.675,1.5811399070516708e-13
25.68,1.5728130759823337e-13
25.685000000000002,1.5645301316770116e-13
25.69,1.5562908424510393e-13
25.695,1.5480949777129685e-13
25.7,1.5399423081210874e-13
25.705000000000002,1.5318326056199963e-13
25.71,1.523765643235357e-13
25.715,1.515741195366655e-13
25.72,1.5077590374214939e-13
25.725,1.4998189460983e-13
25.73,1.4919206993451133e-13
25.735,1.484064076087951e-13
25.740000000000002,1.476248856524406e-13
25.745,1.4684748220918265e-13
25.75,1.4607417553203916e-13
25.755,1.453049439756618e-13
25.76,1.4453976603708534e-13
25.765,1.4377862030156985e-13
25.77,1.4302148547542583e-13
25.775000000000002,1.4226834038401757e-13
25.78,1.4151916396154255e-13
25.785,1.4077393524983507e-13
25.79,1.400326334039321e-13
25.795,1.3929523768794314e-13
25.8,1.385617274741543e-13
25.805,1.3783208225298216e-13
25.810000000000002,1.3710628161035528e-13
25.815,1.3638430524581458e-13
25.82,1.3566613297084986e-13
25.825,1.349517446943632e-13
25.830000000000002,1.3424112044306492e-13
25.835,1.3353424033360762e-13
25.84,1.3283108460785651e-13
25.845,1.3213163358871128e-13
25.85,1.3143586772567707e-13
25.855,1.3074376755467258e-13
25.86,1.3005531372095895e-13
25.865000000000002,1.2937048697651863e-13
25.87,1.2868926816577604e-13
25.875,1.2801163824080712e-13
25.88,1.2733757825352696e-13
25.885,1.2666706935540708e-13
25.89,1.2600009279549327e-13
25.895,1.2533662992152077e-13
25.900000000000002,1.2467666218870783e-13
25.905,1.2402017114066949e-13
25.91,1.2336713841984463e-13
25.915,1.2271754576408554e-13
25.92,1.220713750192038e-13
25.925,1.214286081109372e-13
25.93,1.2078922707320675e-13
25.935000000000002,1.201532140244464e-13
25.94,1.195205511905209e-13
25.945,1.1889122087622986e-13
25.95,1.18265205487735e-13
25.955000000000002,1.1764248752935536e-13
25.96,1.1702304959296967e-13
25.965,1.1640687435205386e-13
25.97,1.157939445859081e-13
25.975,1.1518424316365763e-13
25.98,1.145777530374824e-13
25.985,1.13974457253612e-13
25.990000000000002,1.1337433894990152e-13
25.995,1.1277738134890764e-13
26.0,1.1218356776473941e-13
26.005,1.1159288159978104e-13
26.01,1.1100530633985281e-13
26.015,1.1042082556526686e-13
26.02,1.0983942293689487e-13
26.025000000000002,1.0926108220676394e-13
26.03,1.0868578720754096e-13
26.035,1.081135218589703e-13
26.04,1.0754427017311145e-13
26.045,1.0697801623316985e-13
26.05,1.0641474421158541e-13
26.055,1.0585443837334402e-13
26.060000000000002,1.0529708305438849e-13
26.065,1.0474266268197291e-13
26.07,1.0419116175755939e-13
26.075,1.036425648716535e-13
26.080000000000002,1.0309685669199935e-13
26.085,1.0255402197316512e-13
26.09,1.0201404554042159e-13
26.095,1.0147691230561139e-13
26.1,1.0094260725532817e-13
26.105,1.0041111546693431e-13
26.11,9.988242208891487e-14
26.115000000000002,9.935651233880345e-14
26.12,9.883337152822622e-14
26.125,9.831298504091544e-14
26.13,9.779533833200016e-14
26.135,9.728041694381387e-14
26.14,9.67682064816729e-14
26.145,9.625869264168636e-14
26.150000000000002,9.575186118647564e-14
26.155,9.524769795076529e-14
26.16,9.474618885479958e-14
26.165,9.4247319888641e-14
26.17,9.375107710521935e-14
26.175,9.325744665152276e-14
26.18,9.276641473451507e-14
26.185000000000002,9.227796763215752e-14
26.19,9.179209170193751e-14
26.195,9.130877336725018e-14
26.2,9.082799913417268e-14
26.205000000000002,9.034975556668206e-14
26.21,8.987402930850324e-14
26.215,8.940080707054613e-14
26.22,8.893007562612394e-14
26.225,8.84618218399526e-14
26.23,8.799603262346732e-14
26.235,8.753269496965981e-14
26.240000000000002,8.707179593564255e-14
26.245,8.661332264272963e-14
26.25,8.615726229814046e-14
26.255,8.570360215259022e-14
26.26,8.525232954037992e-14
26.265,8.48034318558196e-14
26.27,8.435689656576814e-14
26.275000000000002,8.391271119581531e-14
26.28,8.347086333725487e-14
26.285,8.303134065762487e-14
26.29,8.259413088004787e-14
26.295,8.215922179107556e-14
26.3,8.172660124746273e-14
26.305,8.129625717415045e-14
26.310000000000002,8.086817754158371e-14
26.315,8.044235040467051e-14
26.32,8.001876387005241e-14
26.325,7.959740610971848e-14
26.330000000000002,7.917826535390217e-14
26.335,7.876132990697577e-14
26.34,7.834658812029871e-14
26.345,7.793402841605864e-14
26.35,7.752363927412769e-14
26.355,7.711540923510915e-14
26.36,7.670932690405963e-14
26.365000000000002,7.630538093784142e-14
26.37,7.590356006314137e-14
26.375,7.550385305957469e-14
26.38,7.510624876538429e-14
26.385,7.471073608064874e-14
26.39,7.4317303970819e-14
26.395,7.392594144176712e-14
26.400000000000002,7.353663757286387e-14
26.405,7.314938149597837e-14
26.41,7.276416239817381e-14
26.415,7.238096952617778e-14
26.42,7.199979218494105e-14
26.425,7.162061973177937e-14
26.43,7.124344158366169e-14
26.435000000000002,7.08682472103123e-14
26.44,7.049502614086388e-14
26.445,7.01237679572719e-14
26.45,6.97544622961819e-14
26.455000000000002,6.938709884634026e-14
26.46,6.902166735370393e-14
26.465,6.865815762634457e-14
26.47,6.829655950917559e-14
26.475,6.793686291631056e-14
26.48,6.757905780588683e-14
26.485,6.722313419106522e-14
26.490000000000002,6.686908213708173e-14
26.495,6.65168917682642e-14
26.5,6.616655324702309e-14
26.505,6.581805680374949e-14
26.51,6.547139270705951e-14
26.515,6.512655128660579e-14
26.52,6.478352292009384e-14
26.525000000000002,6.444229803297208e-14
26.53,6.410286710159629e-14
26.535,6.376522065694972e-14
26.54,6.342934926866946e-14
26.545,6.309524357582889e-14
26.55,6.27628942495068e-14
26.555,6.243229201768387e-14
26.560000000000002,6.210342765431629e-14
26.565,6.17762919843196e-14
26.57,6.14508758803309e-14
26.575,6.112717026227677e-14
26.580000000000002,6.080516609968175e-14
26.585,6.048485440116671e-14
26.59,6.016622623976801e-14
26.595,5.984927271753104e-14
26.6,5.953398499853211e-14
26.605,5.922035428256827e-14
26.61,5.890837182157314e-14
26.615000000000002,5.859802890985871e-14
26.62,5.828931689093603e-14
26.625,5.798222714930135e-14
26.63,5.767675112778038e-14
26.635,5.737288029097182e-14
26.64,5.707060617204689e-14
26.645,5.676992033600216e-14
26.650000000000002,5.6470814396866136e-14
26.655,5.617328000698371e-14
26.66,5.587730887533716e-14
26.665,5.5582892731426617e-14
26.67,5.52900233783401e-14
26.675,5.4998692637835013e-14
26.68,5.470889238662842e-14
26.685000000000002,5.44206145450633e-14
26.69,5.4133851063881823e-14
26.695,5.38485939570071e-14
26.7,5.356483526027562e-14
26.705000000000002,5.3282567058625776e-14
26.71,5.3001781487806393e-14
26.715,5.272247070543233e-14
26.72,5.244462693049048e-14
26.725,5.216824241381692e-14
26.73,5.1893309445753993e-14
26.735,5.1619820357811996e-14
26.740000000000002,5.134776752876362e-14
26.745,5.1077143364401754e-14
26.75,5.0807940317237307e-14
26.755,5.054015089198428e-14
26.76,5.02737676145617e-14
26.765,5.0008783053546425e-14
26.77,4.974518982598047e-14
26.775000000000002,4.9482980575597845e-14
26.78,4.9222147996164655e-14
26.785,4.896268481488999e-14
26.79,4.8704583794465426e-14
26.795,4.844783774018931e-14
26.8,4.81924394914746e-14
26.805,4.793838193369037e-14
26.810000000000002,4.768565797714677e-14
26.815,4.743426057923386e-14
26.82,4.71841827292463e-14
26.825,4.6935417455743333e-14
26.830000000000002,4.66879578226617e-14
26.835,4.6441796934864664e-14
26.84,4.6196927928357564e-14
26.845,4.595334397257355e-14
26.85,4.571103828555778e-14
26.855,4.5470004101780084e-14
26.86,4.523023471157911e-14
26.865000000000002,4.499172342871225e-14
26.87,4.475446360228457e-14
26.875,4.451844861944096e-14
26.88,4.428367190457372e-14
26.885,4.4050126912636976e-14
26.89,4.381780713059824e-14
26.895,4.358670608798994e-14
26.900000000000002,4.335681733636618e-14
26.905,4.312813447800303e-14
26.91,4.290065113049849e-14
26.915,4.2674360960900785e-14
26.92,4.244925765471199e-14
26.925,4.222533494729055e-14
26.93,4.200258658824073e-14
26.935000000000002,4.17810063775865e-14
26.94,4.156058813446515e-14
26.945,4.134132572619036e-14
26.95,4.112321303023581e-14
26.955000000000002,4.090624397678077e-14
26.96,4.069041251292043e-14
26.965,4.047571263257799e-14
26.97,4.026213834785453e-14
26.975,4.004968370540304e-14
26.98,3.983834279044314e-14
26.985,3.96281097127332e-14
26.990000000000002,3.9418978607721117e-14
26.995,3.921094366057308e-14
27.0,3.900399906714189e-14
27.005,3.879813906133026e-14
27.01,3.859335790890325e-14
27.015,3.838964990462008e-14
27.02,3.81870093735023e-14
27.025000000000002,3.7985430669089606e-14
27.03,3.7784908174878526e-14
27.035,3.7585436305287746e-14
27.04,3.738700950184633e-14
27.045,3.718962224138891e-14
27.05,3.6993269020111744e-14
27.055,3.6797944368201985e-14
27.060000000000002,3.6603642848301086e-14
27.065,3.641035904765916e-14
27.07,3.621808757309068e-14
27.075,3.60268230793049e-14
27.080000000000002,3.583656023470326e-14
27.085,3.564729374018099e-14
27.09,3.5459018326836604e-14
27.095,3.527172874635114e-14
27.1,3.508541977936916e-14
27.105,3.490008624301472e-14
27.11,3.4715722974469245e-14
27.115000000000002,3.4532324833751e-14
27.12,3.434988671669359e-14
27.125,3.416840354705752e-14
27.13,3.3987870262928886e-14
27.135,3.380828183998986e-14
27.14,3.3629633278939595e-14
27.145,3.345191959601031e-14
27.150000000000002,3.3275135848874164e-14
27.155,3.3099277117448814e-14
27.16,3.2924338497628525e-14
27.165,3.2750315126028096e-14
27.17,3.2577202146756556e-14
27.175,3.2404994748296917e-14
27.18,3.2233688131047773e-14
27.185000000000002,3.2063277525222216e-14
27.19,3.189375818667015e-14
27.195,3.172512539606823e-14
27.2,3.155737445528637e-14
27.205000000000002,3.139050069790952e-14
27.21,3.1224499475969876e-14
27.215,3.1059366168281824e-14
27.22,3.089509617351574e-14
27.225,3.0731684923481204e-14
27.23,3.056912786688233e-14
27.235,3.04074204759984e-14
27.240000000000002,3.024655825211935e-14
27.245,3.008653671506207e-14
27.25,2.9927351413754675e-14
27.255,2.9768997913881014e-14
27.26,2.96114718057766e-14
27.265,2.945476871089489e-14
27.27,2.92988842576002e-14
27.275000000000002,2.914381411213148e-14
27.28,2.8989553964977885e-14
27.285,2.8836099508849756e-14
27.29,2.868344648464001e-14
27.295,2.853159063383757e-14
27.3,2.838052773581784e-14
27.305,2.823025358142132e-14
27.310000000000002,2.8080763997059635e-14
27.315,2.7932054815462346e-14
27.32,2.7784121897808953e-14
27.325,2.763696112436571e-14
27.330000000000002,2.74905684109727e-14
27.335,2.734493967240274e-14
27.34,2.720007085950321e-14
27.345,2.7055957946821945e-14
27.35,2.6912596913990942e-14
27.355,2.6769983780365223e-14
27.36,2.6628114570198423e-14
27.365000000000002,2.6486985340249917e-14
27.37,2.6346592162616312e-14
27.375,2.6206931131764696e-14
27.38,2.6067998363623797e-14
27.385,2.5929789986703774e-14
27.39,2.5792302160737145e-14
27.395,2.5655531058836747e-14
27.400000000000002,2.55194728738851e-14
27.405,2.5384123824245568e-14
27.41,2.5249480140474678e-14
27.415,2.5115538080111447e-14
27.42,2.4982293917397578e-14
27.425,2.4849743941904757e-14
27.43,2.4717884466960874e-14
27.435000000000002,2.4586711831910864e-14
27.44,2.4456222377183876e-14
27.445,2.4326412479510526e-14
27.45,2.4197278522846757e-14
27.455000000000002,2.406881692121503e-14
27.46,2.3941024098508645e-14
27.465,2.3813896500104348e-14
27.47,2.3687430592817645e-14
27.475,2.3561622853486887e-14
27.48,2.3436469790504185e-14
27.485,2.3311967917361528e-14
27.490000000000002,2.3188113775094657e-14
27.495,2.3064903913015554e-14
27.5,2.2942334913063963e-14
27.505,2.2820403362284914e-14
27.51,2.2699105866239903e-14
27.515,2.2578439062757233e-14
27.52,2.2458399584188376e-14
27.525000000000002,2.2338984100549248e-14
27.53,2.2220189287683842e-14
27.535,2.210201184058941e-14
27.54,2.1984448479898842e-14
27.545,2.1867495926622467e-14
27.55,2.1751150944146736e-14
27.555,2.1635410279429382e-14
27.560000000000002,2.1520270729280956e-14
27.565,2.1405729084139042e-14
27.57,2.1291782164294355e-14
27.575,2.1178426799062777e-14
27.580000000000002,2.106565983814115e-14
27.585,2.0953478147037116e-14
27.59,2.084187860588494e-14
27.595,2.0730858112931655e-14
27.6,2.0620413584801635e-14
27.605,2.051054194205073e-14
27.61,2.0401240142335976e-14
27.615000000000002,2.029250514252656e-14
27.62,2.0184333920982243e-14
27.625,2.007672346487707e-14
27.63,1.9969670795797228e-14
27.635,1.98631729258849e-14
27.64,1.975722690106566e-14
27.645,1.9651829780086565e-14
27.650000000000002,1.9546978627243994e-14
27.655,1.9442670530110343e-14
27.66,1.9338902595346006e-14
27.665,1.9235671933752835e-14
27.67,1.9132975677447865e-14
27.675,1.903081097618734e-14
27.68,1.8929174981333448e-14
27.685000000000002,1.882806488119944e-14
27.69,1.8727477860898228e-14
27.695,1.8627411121101216e-14
27.7,1.8527861889562557e-14
27.705000000000002,1.842882739498089e-14
27.71,1.8330304892671913e-14
27.715,1.8232291631862315e-14
27.72,1.8134784904008616e-14
27.725,1.8037781991501617e-14
27.73,1.79412802015559e-14
27.735,1.784527685714716e-14
27.740000000000002,1.7749769283623428e-14
27.745,1.7654754835344406e-14
27.75,1.7560230867273612e-14
27.755,1.746619476373795e-14
27.76,1.7372643897767426e-14
27.765,1.727957568215172e-14
27.77,1.718698752642556e-14
27.775000000000002,1.7094876860288703e-14
27.78,1.7003241130325022e-14
27.785,1.6912077786706737e-14
27.79,1.6821384296597815e-14
27.795,1.673115814224452e-14
27.8,1.6641396820753107e-14
27.805,1.6552097841666535e-14
27.810000000000002,1.646325871197795e-14
27.815,1.6374876982185182e-14
27.82,1.628695018622765e-14
27.825,1.6199475888157774e-14
27.830000000000002,1.611245165591609e-14
27.835,1.6025875076065058e-14
27.84,1.593974374417854e-14
27.845,1.585405526720876e-14
27.85,1.576880726529193e-14
27.855,1.5683997378656973e-14
27.86,1.559962324086742e-14
27.865000000000002,1.5515682524457128e-14
27.87,1.543217288388103e-14
27.875,1.534909201568973e-14
27.88,1.5266437602849184e-14
27.885,1.5184207356018977e-14
27.89,1.5102398991312676e-14
27.895,1.5021010238347065e-14
27.900000000000002,1.494003883921563e-14
27.905,1.485948254602096e-14
27.91,1.477933911876074e-14
27.915,1.469960634197481e-14
27.92,1.462028199893504e-14
27.925,1.4541363882017235e-14
27.93,1.4462849811157494e-14
27.935000000000002,1.4384737600126678e-14
27.94,1.4307025085379e-14
27.945,1.4229710114297746e-14
27.95,1.4152790535092551e-14
27.955000000000002,1.407626421559375e-14
27.96,1.4000129027670428e-14
27.965,1.392438287174339e-14
27.97,1.384902363726762e-14
27.975,1.3774049233220781e-14
27.98,1.369945758229186e-14
27.985,1.362524661410619e-14
27.990000000000002,1.3551414271029516e-14
27.995,1.3477958505102735e-14
28.0,1.3404877279297452e-14
28.005,1.3332168566286678e-14
28.01,1.3259830346451365e-14
28.015,1.318786061760409e-14
28.02,1.311625738044927e-14
28.025000000000002,1.3045018654268018e-14
28.03,1.2974142457106724e-14
28.035,1.2903626826789482e-14
28.04,1.283346981049135e-14
28.045,1.2763669458200693e-14
28.05,1.2694223835947119e-14
28.055,1.2625131021156427e-14
28.060000000000002,1.2556389092002993e-14
28.065,1.248799614815052e-14
28.07,1.2419950287768232e-14
28.075,1.235224963379355e-14
28.080000000000002,1.2284892301773249e-14
28.085,1.221787642484466e-14
28.09,1.2151200149556814e-14
28.095,1.20848616236305e-14
28.1,1.2018859010684412e-14
28.105,1.1953190479687406e-14
28.11,1.1887854210893972e-14
28.115000000000002,1.1822848394850816e-14
28.12,1.1758171232727994e-14
28.125,1.1693820922387328e-14
28.13,1.1629795689355315e-14
28.135,1.1566093756793405e-14
28.14,1.1502713359963533e-14
28.145,1.1439652742496427e-14
28.150000000000002,1.1376910157335795e-14
28.155,1.1314483864941584e-14
28.16,1.1252372134457e-14
28.165,1.1190573251402932e-14
28.17,1.1129085498706825e-14
28.175,1.1067907172766269e-14
28.18,1.1007036579673854e-14
28.185000000000002,1.0946472035688703e-14
28.19,1.0886211860232323e-14
28.195,1.0826254385423246e-14
28.2,1.0766597954178983e-14
28.205000000000002,1.070724090737756e-14
28.21,1.0648181605821856e-14
28.215,1.0589418411668245e-14
28.22,1.0530949700126785e-14
28.225,1.047277384857851e-14
28.23,1.0414889250820991e-14
28.235,1.0357294301871731e-14
28.240000000000002,1.0299987408839859e-14
28.245,1.0242966980455081e-14
28.25,1.0186231444292892e-14
28.255,1.0129779225968175e-14
28.26,1.0073608766272434e-14
28.265,1.0017718504056061e-14
28.27,9.96210689508103e-15
28.275000000000002,9.906772401950087e-15
28.28,9.851713494128631e-15
28.285,9.796928647103595e-15
28.29,9.742416340396649e-15
28.295,9.688175069962723e-15
28.3,9.634203334493624e-15
28.305,9.580499638944075e-15
28.310000000000002,9.527062501429437e-15
28.315,9.473890439571849e-15
28.32,9.420981982398535e-15
28.325,9.368335665455729e-15
28.330000000000002,9.315950037379491e-15
28.335,9.263823645989585e-15
28.34,9.211955044667129e-15
28.345,9.160342810643752e-15
28.35,9.108985505998044e-15
28.355,9.057881711020358e-15
28.36,9.00703001795876e-15
28.365000000000002,8.956429017902524e-15
28.37,8.906077309936873e-15
28.375,8.855973507613852e-15
28.38,8.806116216357187e-15
28.385,8.756504067186843e-15
28.39,8.707135680679785e-15
28.395,8.658009701247378e-15
28.400000000000002,8.609124757591504e-15
28.405,8.560479514072077e-15
28.41,8.512072615598521e-15
28.415,8.463902726695159e-15
28.42,8.415968515647198e-15
28.425,8.368268660323304e-15
28.43,8.320801841819046e-15
28.435000000000002,8.273566747920745e-15
28.44,8.22656207090818e-15
28.445,8.179786515592492e-15
28.45,8.133238789705539e-15
28.455000000000002,8.086917609049793e-15
28.46,8.040821688180358e-15
28.465,7.994949761790976e-15
28.47,7.949300553352403e-15
28.475,7.903872807955984e-15
28.48,7.858665272240768e-15
28.485,7.813676695676275e-15
28.490000000000002,7.768905836111553e-15
28.495,7.72435145572732e-15
28.5,7.680012330453232e-15
28.505,7.635887226698407e-15
28.51,7.591974933636141e-15
28.515,7.548274241161673e-15
28.52,7.504783933504071e-15
28.525000000000002,7.461502817149344e-15
28.53,7.418429697775521e-15
28.535,7.375563382867072e-15
28.54,7.332902694315296e-15
28.545,7.290446455535322e-15
28.55,7.248193481814992e-15
28.555,7.206142623427219e-15
28.560000000000002,7.164292717694323e-15
28.565,7.122642605265362e-15
28.57,7.0811911362637725e-15
28.575,7.039937177846158e-15
28.580000000000002,6.998879577707314e-15
28.585,6.958017210412796e-15
28.59,6.917348949838706e-15
28.595,6.876873679157491e-15
28.6,6.8365902719356715e-15
28.605,6.796497626104041e-15
28.61,6.7565946324430876e-15
28.615000000000002,6.716880190153517e-15
28.62,6.677353209121128e-15
28.625,6.638012598857619e-15
28.63,6.598857269937613e-15
28.635,6.559886149100437e-15
28.64,6.521098159673295e-15
28.645,6.4824922329317224e-15
28.650000000000002,6.444067308320221e-15
28.655,6.40582232201519e-15
28.66,6.367756225373448e-15
28.665,6.3298679682395465e-15
28.67,6.292156511557287e-15
28.675,6.254620807772881e-15
28.68,6.217259826348018e-15
28.685000000000002,6.180072542748172e-15
28.69,6.143057929417501e-15
28.695,6.106214970587008e-15
28.7,6.069542652130794e-15
28.705000000000002,6.033039954861727e-15
28.71,5.9967058883599175e-15
28.715,5.960539443905505e-15
28.72,5.9245396275508124e-15
28.725,5.8887054519306844e-15
28.73,5.853035928164682e-15
28.735,5.8175300778702646e-15
28.740000000000002,5.782186917547103e-15
28.745,5.7470054840611564e-15
28.75,5.71198480271736e-15
28.755,5.677123914758596e-15
28.76,5.642421864371467e-15
28.765,5.607877687299336e-15
28.77,5.573490441448415e-15
28.775000000000002,5.539259180493292e-15
28.78,5.5051829647172915e-15
28.785,5.47126085503184e-15
28.79,5.437491915977288e-15
28.795,5.403875231193192e-15
28.8,5.37040986557662e-15
28.805,5.3370949024126e-15
28.810000000000002,5.303929430014098e-15
28.815,5.27091253553455e-15
28.82,5.238043311610455e-15
28.825,5.205320853748564e-15
28.830000000000002,5.172744266610615e-15
28.835,5.140312654744616e-15
28.84,5.108025129611533e-15
28.845,5.0758808015703545e-15
28.85,5.0438787930867706e-15
28.855,5.012018219126954e-15
28.86,4.980298205434899e-15
28.865000000000002,4.948717893919321e-15
28.87,4.917276405202134e-15
28.875,4.885972879192762e-15
28.88,4.8548064631161895e-15
28.885,4.823776294871367e-15
28.89,4.792881526486776e-15
28.895,4.762121314864877e-15
28.900000000000002,4.731494812313462e-15
28.905,4.70100117750625e-15
28.91,4.6706395767688216e-15
28.915,4.64040918300053e-15
28.92,4.6103091610691455e-15
28.925,4.5803386852102946e-15
28.93,4.5504969418393245e-15
28.935000000000002,4.520783107255452e-15
28.94,4.4911963671442746e-15
28.945,4.461735917655027e-15
28.95,4.432400944865959e-15
28.955000000000002,4.403190650753821e-15
28.96,4.374104229261773e-15
28.965,4.345140891236956e-15
28.97,4.31629984241638e-15
28.975,4.2875802915801256e-15
28.98,4.258981453396081e-15
28.985,4.2305025455538955e-15
28.990000000000002,4.20214278886719e-15
28.995,4.173901409029331e-15
29.0,4.145777633098819e-15
29.005,4.117770689574475e-15
29.01,4.08987981763236e-15
29.015,4.062104248286637e-15
29.02,4.0344432289736466e-15
29.025000000000002,4.00689599775198e-15
29.03,3.979461805646029e-15
29.035,3.952139903598452e-15
29.04,3.924929546485445e-15
29.045,3.897829981963817e-15
29.05,3.8708404831190064e-15
29.055,3.8439603049012135e-15
29.060000000000002,3.817188712674428e-15
29.065,3.7905249789709166e-15
29.07,3.7639683736211845e-15
29.075,3.737518177991358e-15
29.080000000000002,3.7111736620466515e-15
29.085,3.68493411360765e-15
29.09,3.658798811996617e-15
29.095,3.632767045723465e-15
29.1,3.60683810812053e-15
29.105,3.581011287397619e-15
29.11,3.555285885419018e-15
29.115000000000002,3.5296611937096666e-15
29.12,3.504136520611899e-15
29.125,3.478711166295823e-15
29.13,3.453384440637428e-15
29.135,3.428155650775824e-15
29.14,3.403024113033643e-15
29.145,3.3779891434752187e-15
29.150000000000002,3.3530500568597387e-15
29.155,3.3282061757846863e-15
29.16,3.3034568254547823e-15
29.165,3.27880133444167e-15
29.17,3.2542390244716493e-15
29.175,3.2297692337311986e-15
29.18,3.2053912967514743e-15
29.185000000000002,3.1811045457445872e-15
29.19,3.1569083249945665e-15
29.195,3.1328019732747e-15
29.2,3.108784839811076e-15
29.205000000000002,3.084856270543402e-15
29.21,3.0610156116459683e-15
29.215,3.0372622205227016e-15
29.22,3.013595446933068e-15
29.225,2.990014655605815e-15
29.23,2.9665191989997927e-15
29.235,2.9431084417656893e-15
29.240000000000002,2.9197817480827185e-15
29.245,2.8965384882028106e-15
29.25,2.8733780300248713e-15
29.255,2.8502997422079758e-15
29.26,2.8273030022595996e-15
29.265,2.804387185206206e-15
29.27,2.7815516716580015e-15
29.275000000000002,2.758795840476758e-15
29.28,2.7361190763056257e-15
29.285,2.7135207641297056e-15
29.29,2.6910002933405783e-15
29.295,2.6685570531702946e-15
29.3,2.6461904336555456e-15
29.305,2.62389983146287e-15
29.310000000000002,2.6016846458368028e-15
29.315,2.5795442721582403e-15
29.32,2.5574781118770533e-15
29.325,2.5354855679990667e-15
29.330000000000002,2.5135660489045805e-15
29.335,2.4917189580636557e-15
29.34,2.469943704267243e-15
29.345,2.4482397034036186e-15
29.35,2.4266063668152996e-15
29.355,2.405043108747931e-15
29.36,2.3835493481779624e-15
29.365000000000002,2.3621245053298095e-15
29.37,2.340768001775702e-15
29.375,2.319479259523787e-15
29.38,2.2982577044321034e-15
29.385,2.27710276554165e-15
29.39,2.2560138711840883e-15
29.395,2.2349904540330778e-15
29.400000000000002,2.2140319451184256e-15
29.405,2.193137780300609e-15
29.41,2.1723073971539094e-15
29.415,2.1515402338371664e-15
29.42,2.1308357315783818e-15
29.425,2.110193332578246e-15
29.43,2.089612481574738e-15
29.435000000000002,2.0690926215671497e-15
29.44,2.048633203018054e-15
29.445,2.028233676352948e-15
29.45,2.0078934922942297e-15
29.455000000000002,1.987612102590563e-15
29.46,1.9673889615186866e-15
29.465,1.9472235281389224e-15
29.47,1.9271152606282407e-15
29.475,1.907063616391734e-15
29.48,1.887068056093479e-15
29.485,1.867128044151466e-15
29.490000000000002,1.847243049193577e-15
29.495,1.827412531251148e-15
29.5,1.80763596294911e-15
29.505,1.7879128102416397e-15
29.51,1.7682425464608898e-15
29.515,1.7486246434366962e-15
29.52,1.7290585745107575e-15
29.525000000000002,1.709543817147115e-15
29.53,1.690079847313943e-15
29.535,1.6706661425199336e-15
29.54,1.6513021866892682e-15
29.545,1.63198745874995e-15
29.55,1.6127214429096427e-15
29.555,1.5935036226387298e-15
29.560000000000002,1.5743334836725978e-15
29.565,1.5552105124669534e-15
29.57,1.5361342017772196e-15
29.575,1.5171040392498682e-15
29.580000000000002,1.4981195150609437e-15
29.585,1.4791801242743342e-15
29.59,1.4602853604141786e-15
29.595,1.4414347192772819e-15
29.6,1.4226276956219766e-15
29.605,1.4038637915977794e-15
29.61,1.3851425018668253e-15
29.615000000000002,1.3664633312554811e-15
29.62,1.3478257802611668e-15
29.625,1.3292293511320446e-15
29.63,1.3106735493948246e-15
29.635,1.2921578821132864e-15
29.64,1.2736818533255665e-15
29.645,1.2552449716420214e-15
29.650000000000002,1.2368467490003929e-15
29.655,1.2184866937877149e-15
29.66,1.200164316637725e-15
29.665,1.1818791328744083e-15
29.67,1.1636306555032968e-15
29.675,1.1454183978773892e-15
29.68,1.1272418773654134e-15
29.685000000000002,1.1091006115062876e-15
29.69,1.090994118299623e-15
29.695,1.0729219163377956e-15
29.7,1.0548835271585104e-15
29.705000000000002,1.0368784720035066e-15
29.71,1.018906271786363e-15
29.715,1.0009664525064172e-15
29.72,9.830585363891534e-16
29.725,9.651820507211438e-16
29.73,9.473365203369272e-16
29.735,9.295214734301752e-16
29.740000000000002,9.117364382581866e-16
29.745,8.93980944958879e-16
29.75,8.762545217336932e-16
29.755,8.585567008830613e-16
29.76,8.408870157398994e-16
29.765,8.232449968693241e-16
29.77,8.056301794456783e-16
29.775000000000002,7.8804209709804e-16
29.78,7.704802874406428e-16
29.785,7.529442834115057e-16
29.79,7.354336258936256e-16
29.795,7.179478508576197e-16
29.8,7.004864960483849e-16
29.805,6.83049103136848e-16
29.810000000000002,6.656352115249566e-16
29.815,6.482443630172056e-16
29.82,6.308760987428568e-16
29.825,6.135299608887126e-16
29.830000000000002,5.962054945165979e-16
29.835,5.789022416995671e-16
29.84,5.616197478205758e-16
29.845,5.443575593182324e-16
29.85,5.271152206894545e-16
29.855,5.098922810874736e-16
29.86,4.926882849549627e-16
29.865000000000002,4.755027823529865e-16
29.87,4.583353218247588e-16
29.875,4.4118545178350407e-16
29.88,4.2405272359037268e-16
29.885,4.069366862936546e-16
29.89,3.898368919247521e-16
29.895,3.7275289257904693e-16
29.900000000000002,3.556842397994585e-16
29.905,3.386304857688851e-16
29.91,3.2159118551501203e-16
29.915,3.045658916112748e-16
29.92,2.875541584743449e-16
29.925,2.7055554185424883e-16
29.93,2.5356959665179656e-16
29.935000000000002,2.3659587867672117e-16
29.94,2.1963394410066412e-16
29.945,2.0268334982223962e-16
29.95,1.8574365313451425e-16
29.955000000000002,1.6881441157667408e-16
29.96,1.518951833839107e-16
29.965,1.3498552686514488e-16
29.97,1.180850009589725e-16
29.975,1.011931650873782e-16
29.98,8.430957848849227e-17
29.985,6.743380145378144e-17
29.990000000000002,5.056539431261503e-17
29.995,3.370391758925357e-17
30.0,1.68489323556665e-17
