Radial Distance r (a.u.),Computed Wavefunction
0.005,1.3023281949317633
0.01,1.2893901681748992
0.015,1.2765940989001119
0.02,1.2639384335381503
0.025,1.2514216297565863
0.03,1.239042156694903
0.035,1.2267984951808901
0.04,1.2146891379293405
0.045,1.2027125897237945
0.05,1.1908673675821266
0.055,1.1791520009066572
0.06,1.1675650316196153
0.065,1.1561050142844587
0.07,1.1447705162139457
0.075,1.1335601175653107
0.08,1.1224724114234095
0.085,1.1115060038722744
0.09,1.1006595140556241
0.095,1.089931574226973
0.1,1.0793208297897432
0.105,1.0688259393279556
0.11,1.0584455746279433
0.115,1.0481784206914821
0.12,1.03802317574095
0.125,1.027978551216701
0.13,1.01804327176728
0.135,1.0082160752326388
0.14,0.998495712621024
0.145,0.9888809480795021
0.15,0.9793705588588313
0.155,0.9699633352727687
0.16,0.9606580806522335
0.165,0.9514536112945537
0.17,0.9423487564081573
0.17500000000000002,0.9333423580529481
0.18,0.9244332710765789
0.185,0.9156203630469647
0.19,0.9069025141812056
0.195,0.8982786172711769
0.2,0.8897475776060205
0.20500000000000002,0.8813083128916676
0.21,0.8729597531677266
0.215,0.8647008407218261
0.22,0.8565305300015718
0.225,0.8484477875244504
0.23,0.840451591785632
0.23500000000000001,0.8325409331640028
0.24,0.824714813826503
0.245,0.8169722476308996
0.25,0.8093122600272159
0.255,0.8017338879578074
0.26,0.7942361797564021
0.265,0.7868181950460227
0.27,0.7794790046360469
0.275,0.7722176904184586
0.28,0.7650333452634032
0.28500000000000003,0.7579250729141276
0.29,0.750891987881432
0.295,0.74393321533769
0.3,0.7370478910105459
0.305,0.730235161076334
0.31,0.7234941820533626
0.315,0.7168241206950315
0.32,0.710224153882962
0.325,0.7036934685201298
0.33,0.6972312614240818
0.335,0.6908367392202936
0.34,0.684509118235756
0.34500000000000003,0.6782476243927744
0.35000000000000003,0.6720514931030773
0.355,0.665919969162283
0.36,0.6598523066447459
0.365,0.6538477687988266
0.37,0.6479056279426295
0.375,0.6420251653602541
0.38,0.6362056711985752
0.385,0.6304464443645911
0.39,0.6247467924233635
0.395,0.6191060314965952
0.4,0.613523486161861
0.405,0.6079984893524932
0.41000000000000003,0.6025303822581787
0.41500000000000004,0.597118514226298
0.42,0.5917622426639314
0.425,0.5864609329407158
0.43,0.5812139582923899
0.435,0.5760206997251683
0.44,0.5708805459209237
0.445,0.5657928931431394
0.45,0.5607571451437185
0.455,0.5557727130706538
0.46,0.5508390153764527
0.465,0.545955477727514
0.47000000000000003,0.5411215329142922
0.47500000000000003,0.5363366207623784
0.48,0.5316001880443999
0.485,0.5269116883928449
0.49,0.5222705822137332
0.495,0.5176763366011854
0.5,0.5131284252528645
0.505,0.5086263283863125
0.51,0.504169532656194
0.515,0.49975753107237186
0.52,0.49538982291894035
0.525,0.4910659136740915
0.53,0.4867853149308922
0.535,0.4825475443189658
0.54,0.4783521254270014
0.545,0.47419858772619916
0.55,0.4700864664945752
0.555,0.4660153027421129
0.56,0.4619846431368403
0.5650000000000001,0.4579940399317259
0.5700000000000001,0.4540430508924689
0.5750000000000001,0.45013123922612963
0.58,0.44625817351062147
0.585,0.442423427625052
0.59,0.4386265806809064
0.595,0.43486721695407105
0.6,0.4311449258176984
0.605,0.42745930167585516
0.61,0.42380994389806886
0.615,0.42019645675461514
0.62,0.41661844935264936
0.625,0.4130755355731351
0.63,0.4095673340085641
0.635,0.40609346790146666
0.64,0.4026535650837048
0.645,0.39924725791651805
0.65,0.3958741832313878
0.655,0.39253398227160347
0.66,0.38922630063460906
0.665,0.38595078821510603
0.67,0.38270709914887646
0.675,0.3794948917573316
0.68,0.3763138284928046
0.685,0.3731635758845482
0.6900000000000001,0.3700438044854343
0.6950000000000001,0.3669541888193738
0.7000000000000001,0.36389440732939765
0.705,0.3608641423264652
0.71,0.35786307993890715
0.715,0.3548909100625837
0.72,0.35194732631166353
0.725,0.34903202597008703
0.73,0.346144709943668
0.735,0.3432850827128404
0.74,0.3404512710245428
0.745,0.33764301785270084
0.75,0.3348600688871782
0.755,0.3321021725087742
0.76,0.3293690797640974
0.765,0.3266605443404542
0.77,0.32397632254067127
0.775,0.3213161732579162
0.78,0.31867985795053305
0.785,0.3160671406168905
0.79,0.31347778777027974
0.795,0.310911568413844
0.8,0.3083682540155898
0.805,0.3058476184834519
0.81,0.3033494381404623
0.8150000000000001,0.3008734917000007
0.8200000000000001,0.2984195602411506
0.8250000000000001,0.29598742718417476
0.8300000000000001,0.2935768782661095
0.835,0.2911877015164816
0.84,0.28881968723316753
0.845,0.28647262795838974
0.85,0.284146318454868
0.855,0.28184055568211563
0.86,0.2795551387729054
0.865,0.2772898690098775
0.87,0.2750445498023489
0.875,0.27281898666325904
0.88,0.2706129871863109
0.885,0.2684263610232958
0.89,0.2662589198615728
0.895,0.2641104774017647
0.9,0.26198084933561194
0.905,0.2598698533240373
0.91,0.2577773089753855
0.915,0.25570303782386183
0.92,0.2536468633081653
0.925,0.2516086107503131
0.93,0.24958810733465533
0.935,0.24758518208710423
0.9400000000000001,0.24559966585453594
0.9450000000000001,0.24363139128441197
0.9500000000000001,0.24168019280458716
0.9550000000000001,0.23974590660331538
0.96,0.23782837060946005
0.965,0.2359274244728978
0.97,0.23404290954512222
0.975,0.23217466886004423
0.98,0.2303225471149905
0.985,0.22848639065190265
0.99,0.22666604743872742
0.995,0.22486136705100207
1.0,0.22307220065364378
1.0050000000000001,0.22129840098292217
1.01,0.21953982232863117
1.0150000000000001,0.21779632051645686
1.02,0.2160677528905291
1.025,0.21435397829616584
1.03,0.21265485706281084
1.035,0.2109702509871571
1.04,0.20930002331645473
1.045,0.2076440387320096
1.05,0.2060021633328627
1.055,0.20437426461965197
1.06,0.20276021147866205
1.065,0.2011598741660471
1.07,0.19957312429223747
1.075,0.19799983480651728
1.08,0.1964398799817931
1.085,0.19489313539951889
1.09,0.193359477934805
1.095,0.1918387857416971
1.1,0.19033093823862582
1.105,0.18883581609402195
1.11,0.1873533012121008
1.115,0.1858832767188116
1.12,0.18442562694795325
1.125,0.1829802374274471
1.1300000000000001,0.18154699486577683
1.135,0.18012578713858385
1.1400000000000001,0.1787165032754173
1.145,0.17731903344664915
1.1500000000000001,0.1759332689505349
1.155,0.17455910220043183
1.16,0.173196426712165
1.165,0.1718451370915499
1.17,0.17050512902205356
1.175,0.1691762992526109
1.18,0.16785854558557936
1.185,0.16655176686484183
1.19,0.1652558629640503
1.195,0.16397073477500437
1.2,0.16269628419617901
1.205,0.16143241412137987
1.21,0.16017902842853937
1.215,0.15893603196864334
1.22,0.15770333055479677
1.225,0.15648083095141144
1.23,0.15526844086353023
1.235,0.15406606892627878
1.24,0.15287362469444218
1.245,0.1516910186321613
1.25,0.1505181621027667
1.2550000000000001,0.14935496735872164
1.26,0.14820134753169206
1.2650000000000001,0.1470572166227363
1.27,0.1459224894926101
1.2750000000000001,0.1447970818521877
1.28,0.1436809102530035
1.285,0.14257389207790297
1.29,0.14147594553180298
1.295,0.14038698963257495
1.3,0.1393069442020228
1.305,0.13823572985698193
1.31,0.13717326800051913
1.315,0.13611948081323563
1.32,0.13507429124468248
1.325,0.13403762300487462
1.33,0.13300940055590704
1.335,0.131989549103672
1.34,0.1309779945896761
1.345,0.1299746636829565
1.35,0.12897948377209242
1.355,0.1279923829573139
1.36,0.12701329004270265
1.365,0.12604213452849494
1.37,0.12507884660346433
1.375,0.12412335713740602
1.3800000000000001,0.12317559767370212
1.385,0.12223550042198718
1.3900000000000001,0.12130299825089318
1.395,0.12037802468088112
1.4000000000000001,0.11946051387716536
1.405,0.11855040064271574
1.41,0.11764762041134387
1.415,0.11675210924087877
1.42,0.1158638038064106
1.425,0.11498264139363602
1.43,0.11410855989225548
1.435,0.11324149778947613
1.44,0.1123813941635724
1.445,0.11152818867753327
1.45,0.1106818215727826
1.455,0.10984223366297236
1.46,0.10900936632785284
1.465,0.10818316150721206
1.47,0.10736356169488977
1.475,0.10655050993286058
1.48,0.10574394980539004
1.485,0.10494382543325294
1.49,0.10415008146802897
1.495,0.10336266308645986
1.5,0.10258151598487396
1.5050000000000001,0.1018065863736775
1.51,0.10103782097191182
1.5150000000000001,0.10027516700187095
1.52,0.09951857218378636
1.5250000000000001,0.09876798473057108
1.53,0.09802335334262902
1.5350000000000001,0.09728462720272035
1.54,0.09655175597089202
1.545,0.09582468977946444
1.55,0.0951033792280786
1.555,0.09438777537879804
1.56,0.09367782975127203
1.565,0.0929734943179512
1.57,0.09227472149936591
1.575,0.09158146415944594
1.58,0.09089367560091113
1.585,0.09021130956070385
1.59,0.08953432020547802
1.595,0.08886266212714365
1.6,0.08819629033845541
1.605,0.08753516026866175
1.61,0.08687922775919317
1.615,0.08622844905941415
1.62,0.08558278082240757
1.625,0.08494218010082452
1.6300000000000001,0.08430660434276915
1.635,0.08367601138773591
1.6400000000000001,0.08305035946259348
1.645,0.08242960717761448
1.6500000000000001,0.08181371352255008
1.655,0.08120263786275117
1.6600000000000001,0.08059633993532991
1.665,0.07999477984537011
1.67,0.07939791806217764
1.675,0.07880571541557449
1.68,0.07821813309223404
1.685,0.07763513263206256
1.69,0.07705667592461335
1.695,0.07648272520554861
1.7,0.07591324305314004
1.705,0.07534819238480618
1.71,0.07478753645369245
1.715,0.07423123884528797
1.72,0.07367926347408017
1.725,0.07313157458024744
1.73,0.07258813672639199
1.735,0.07204891479430128
1.74,0.07151387398175794
1.745,0.070982979799373
1.75,0.07045619806746371
1.7550000000000001,0.06993349491296248
1.76,0.06941483676635933
1.7650000000000001,0.06890019035868157
1.77,0.06838952271850395
1.7750000000000001,0.06788280116899612
1.78,0.06737999332499736
1.7850000000000001,0.066881067090129
1.79,0.06638599065393656
1.795,0.06589473248906363
1.8,0.06540726134845573
1.805,0.06492354626260033
1.81,0.06444355653678786
1.815,0.0639672617484148
1.82,0.06349463174430567
1.825,0.06302563663807101
1.83,0.06256024680749223
1.835,0.0620984328919355
1.84,0.06164016578979353
1.845,0.0611854166559563
1.85,0.06073415689930797
1.855,0.06028635818025318
1.86,0.05984199240826813
1.865,0.059401031739479616
1.87,0.05896344857427119
1.875,0.058529215554912445
1.8800000000000001,0.05809830556321754
1.885,0.05767069171822679
1.8900000000000001,0.05724634737391359
1.895,0.05682524611691738
1.9000000000000001,0.05640736176430027
1.905,0.0559926683613274
1.9100000000000001,0.0555811401792719
1.915,0.05517275171324305
1.92,0.05476747768003873
1.925,0.05436529301601916
1.93,0.053966172875005665
1.935,0.053570092626199675
1.94,0.05317702785212509
1.945,0.05278695434659379
1.95,0.052399848112690016
1.955,0.052015685360778906
1.96,0.05163444250653534
1.965,0.051256096168992536
1.97,0.05088062316861302
1.975,0.050508000525379584
1.98,0.050138205456906074
1.985,0.049771215376567896
1.99,0.04940700789165336
1.995,0.049045560801534084
2.0,0.04868685209585347
2.005,0.048330859952736206
2.0100000000000002,0.047977562737015526
2.015,0.04762693899847902
2.02,0.04727896747013254
2.025,0.04693362706648379
2.0300000000000002,0.0465908968818422
2.035,0.046250756188636694
2.04,0.04591318443575302
2.045,0.045578161246885296
2.05,0.04524566641890627
2.055,0.044915679920257134
2.06,0.04458818188934801
2.065,0.04426315263298035
2.07,0.043940572624783694
2.075,0.04362042250366854
2.08,0.043302683072295
2.085,0.04298733529555805
2.09,0.04267436029908806
2.095,0.042363739367765725
2.1,0.042055453944254736
2.105,0.04174948562754669
2.11,0.04144581617152209
2.115,0.041144427483527375
2.12,0.04084530162296458
2.125,0.04054842079989556
2.13,0.04025376737366268
2.1350000000000002,0.03996132385151949
2.14,0.039671072887280466
2.145,0.03938299727997957
2.15,0.039097079972546085
2.1550000000000002,0.03881330405049171
2.16,0.038531652740611655
2.165,0.038252109409699454
2.17,0.03797465756327355
2.1750000000000003,0.037699280844317846
2.18,0.037425963032034104
2.185,0.03715468804060787
2.19,0.036885439917985964
2.195,0.036618202844666305
2.2,0.036352961132500285
2.205,0.03608969922350701
2.21,0.0358284016886988
2.215,0.03556905322692012
2.22,0.03531163866369648
2.225,0.035056142950094585
2.23,0.03480255116159539
2.235,0.034550848496976976
2.24,0.03430102027721027
2.245,0.03405305194436242
2.25,0.033806929060515065
2.255,0.033562637306690894
2.2600000000000002,0.03332016248179114
2.265,0.033079490501543685
2.27,0.03284060739746194
2.275,0.032603499315812925
2.2800000000000002,0.0323681525165979
2.285,0.03213455337253998
2.29,0.03190268836808319
2.295,0.03167254409840146
2.3000000000000003,0.03144410726841765
2.305,0.031217364691831163
2.31,0.03099230329015492
2.315,0.030768910091764072
2.32,0.03054717223095024
2.325,0.03032707694698829
2.33,0.030108611583211094
2.335,0.029891763586091732
2.34,0.02967652050433759
2.345,0.029462869987990987
2.35,0.029250799787538043
2.355,0.029040297753029336
2.36,0.02883135183320548
2.365,0.028623950074633427
2.37,0.02841808062085004
2.375,0.02821373171151369
2.38,0.02801089168156581
2.3850000000000002,0.027809548960398348
2.39,0.027609692071030065
2.395,0.027411309629291055
2.4,0.027214390343014715
2.4050000000000002,0.027018923011237695
2.41,0.026824896523406954
2.415,0.026632299858595096
2.42,0.026441122084722633
2.4250000000000003,0.026251352357787815
2.43,0.02606297992110398
2.435,0.025875994104544223
2.44,0.02569038432379286
2.445,0.025506140079603893
2.45,0.02532325095706723
2.455,0.02514170662488061
2.46,0.024961496834630285
2.465,0.024782611420076924
2.47,0.02460504029644827
2.475,0.02442877345973968
2.48,0.024253800986019612
2.485,0.024080113030743873
2.49,0.023907699828073115
2.495,0.023736551690200603
2.5,0.02356665900668231
2.505,0.023398012243777046
2.5100000000000002,0.023230601943789238
2.515,0.02306441872442113
2.52,0.02289945327812831
2.525,0.022735696371482914
2.5300000000000002,0.022573138844542078
2.535,0.022411771610222637
2.54,0.022251585653681114
2.545,0.022092572031700158
2.5500000000000003,0.021934721872080055
2.555,0.021778026373036028
2.56,0.021622476802601393
2.565,0.02146806449803605
2.57,0.02131478086524062
2.575,0.021162617378175222
2.58,0.02101156557828485
2.585,0.02086161707392873
2.59,0.020712763539816374
2.595,0.020564996716447573
2.6,0.020418308409557526
2.605,0.020272690489568746
2.61,0.02012813489104533
2.615,0.019984633612154815
2.62,0.019842178714133418
2.625,0.019700762320755905
2.63,0.019560376617812097
2.6350000000000002,0.01942101385258624
2.64,0.019282666333341827
2.645,0.019145326428811504
2.65,0.019008986567690938
2.6550000000000002,0.01887363923813809
2.66,0.018739276987275687
2.665,0.01860589242070013
2.67,0.01847347820199301
2.6750000000000003,0.018342027052238048
2.68,0.0182115317495422
2.685,0.018081985128560983
2.69,0.01795338008002821
2.695,0.017825709550289875
2.7,0.017698966540842485
2.705,0.017573144107874916
2.71,0.01744823536181511
2.715,0.017324233466880567
2.72,0.017201131640632573
2.725,0.017078923153534837
2.73,0.016957601328516203
2.735,0.01683715954053653
2.74,0.01671759121615724
2.745,0.01659888983311499
2.75,0.016481048919900414
2.755,0.01636406205533873
2.7600000000000002,0.01624792286817569
2.765,0.01613262503666649
2.77,0.016018162288168634
2.775,0.015904528398737957
2.7800000000000002,0.015791717192728365
2.785,0.015679722542396326
2.79,0.015568538367506402
2.795,0.01545815863494268
2.8000000000000003,0.015348577358322476
2.805,0.01523978859761319
2.81,0.015131786458753684
2.815,0.015024565093277438
2.82,0.014918118697940871
2.825,0.01481244151435318
2.83,0.01470752782861059
2.835,0.01460337197093312
2.84,0.014499968315305159
2.845,0.014397311279118946
2.85,0.0142953953228207
2.855,0.014194214949560687
2.86,0.014093764704845458
2.865,0.013994039176194241
2.87,0.013895032992797146
2.875,0.013796740825177225
2.88,0.013699157384854988
2.8850000000000002,0.01360227742401578
2.89,0.013506095735180842
2.895,0.013410607150880358
2.9,0.013315806543329489
2.9050000000000002,0.013221688824107711
2.91,0.01312824894384051
2.915,0.013035481891883721
2.92,0.01294338269601124
2.9250000000000003,0.012851946422104616
2.93,0.012761168173846038
2.935,0.012671043092413414
2.94,0.012581566356178592
2.945,0.012492733180407643
2.95,0.012404538816964345
2.955,0.012316978554015671
2.96,0.012230047715740091
2.965,0.012143741662038205
2.97,0.012058055788246388
2.975,0.01197298552485195
2.98,0.011888526337211672
2.985,0.011804673725272328
2.99,0.011721423223293271
2.995,0.01163877039957232
3.0,0.011556710856173049
3.005,0.01147524022865474
3.0100000000000002,0.011394354185805061
3.015,0.011314048429374357
3.02,0.01123431869381261
3.025,0.01115516074600852
3.0300000000000002,0.011076570385030756
3.035,0.01099854344187167
3.04,0.01092107577919272
3.045,0.010844163291072677
3.0500000000000003,0.0107678019027572
3.055,0.010691987570411447
3.06,0.010616716280873949
3.065,0.010541984051412878
3.0700000000000003,0.010467786929484814
3.075,0.010394120992494826
3.08,0.010320982347558799
3.085,0.010248367131268171
3.09,0.010176271509456571
3.095,0.010104691676967339
3.1,0.01003362385742486
3.105,0.00996306430300639
3.11,0.009893009294216349
3.115,0.009823455139662029
3.12,0.009754398175832475
3.125,0.009685834766877472
3.13,0.009617761304389568
3.1350000000000002,0.009550174207187874
3.14,0.009483069921102734
3.145,0.009416444918763613
3.15,0.009350295699387499
3.1550000000000002,0.009284618788569749
3.16,0.009219410738076578
3.165,0.009154668125639245
3.17,0.009090387554749729
3.1750000000000003,0.009026565654458571
3.18,0.008963199079174063
3.185,0.008900284508463118
3.19,0.00883781864685385
3.1950000000000003,0.008775798223640012
3.2,0.008714219992686737
3.205,0.008653080732237955
3.21,0.00859237724472568
3.215,0.008532106356580499
3.22,0.008472264918043839
3.225,0.008412849802981697
3.23,0.008353857908700312
3.235,0.008295286155762449
3.24,0.008237131487806349
3.245,0.008179390871365114
3.25,0.00812206129568855
3.255,0.008065139772565606
3.2600000000000002,0.008008623336148836
3.265,0.007952509042780078
3.27,0.007896793970817814
3.275,0.007841475220465603
3.2800000000000002,0.007786549913601989
3.285,0.007732015193612262
3.29,0.0076778682252209
3.295,0.007624106194326006
3.3000000000000003,0.007570726307834518
3.305,0.007517725793499582
3.31,0.0074651018997581526
3.315,0.0074128518955710095
3.3200000000000003,0.00736097307026349
3.325,0.007309462733367386
3.33,0.007258318214464887
3.335,0.007207536863032839
3.34,0.007157116048288871
3.345,0.007107053159038854
3.35,0.0070573456035250975
3.355,0.007007990809276203
3.36,0.006958986222958148
3.365,0.006910329310226198
3.37,0.0068620175555784285
3.375,0.0068140484622103165
3.38,0.0067664195518703845
3.3850000000000002,0.006719128364717059
3.39,0.006672172459177097
3.395,0.006625549411804325
3.4,0.006579256817140359
3.4050000000000002,0.00653329228757597
3.41,0.006487653453213739
3.415,0.006442337961731609
3.42,0.006397343478248232
3.4250000000000003,0.006352667685188234
3.43,0.006308308282149762
3.435,0.006264262985772177
3.44,0.006220529529605438
3.4450000000000003,0.0061771056639804535
3.45,0.00613398915587979
3.455,0.006091177788810557
3.46,0.006048669362677413
3.465,0.006006461693656833
3.47,0.0059645526140727914
3.475,0.005922939972272832
3.48,0.005881621632505355
3.485,0.005840595474798284
3.49,0.005799859394838098
3.495,0.0057594113038500466
3.5,0.005719249128479705
3.505,0.005679370810674908
3.5100000000000002,0.0056397743075688195
3.515,0.0056004575913642446
3.52,0.005561418649218572
3.525,0.005522655483129424
3.5300000000000002,0.005484166109821614
3.535,0.0054459485606352534
3.54,0.0054080008814137315
3.545,0.005370321132393736
3.5500000000000003,0.005332907388095371
3.555,0.005295757737213518
3.56,0.005258870282510042
3.565,0.00522224314070658
3.5700000000000003,0.005185874442378711
3.575,0.005149762331850297
3.58,0.005113904967089229
3.585,0.005078300519603667
3.59,0.005042947174339356
3.595,0.005007843129577494
3.6,0.004972986596833697
3.605,0.004938375800757386
3.61,0.004904008979032335
3.615,0.0048698843822777985
3.62,0.004836000273950768
3.625,0.004802354930248123
3.63,0.004768946640010884
3.6350000000000002,0.004735773704627901
3.64,0.004702834437941174
3.645,0.004670127166151691
3.65,0.004637650227725824
3.6550000000000002,0.004605401973302649
3.66,0.00457338076560199
3.665,0.004541584979333114
3.67,0.00451001300110418
3.6750000000000003,0.004478663229332492
3.68,0.004447534074155149
3.685,0.004416623957340977
3.69,0.004385931312202351
3.6950000000000003,0.004355454583508579
3.7,0.004325192227399243
3.705,0.004295142711298758
3.71,0.00426530451383112
3.715,0.004235676124735825
3.72,0.0042062560447839546
3.725,0.004177042785695249
3.73,0.004148034870055913
3.735,0.004119230831236605
3.74,0.004090629213311404
3.745,0.004062228570977759
3.75,0.0040340274694759815
3.755,0.0040060244845106655
3.7600000000000002,0.003978218202171741
3.765,0.003950607218856685
3.77,0.0039231901411931605
3.775,0.00389596558596216
3.7800000000000002,0.0038689321800219915
3.785,0.0038420885602326554
3.79,0.003815433373380841
3.795,0.0037889652761056106
3.8000000000000003,0.003762682934824593
3.805,0.00373658502566069
3.81,0.0037106702343695235
3.815,0.003684937256267255
3.8200000000000003,0.0036593847961590817
3.825,0.003634011568268261
3.83,0.0036088162961657125
3.835,0.003583797712700117
3.84,0.003558954559928569
3.845,0.003534285589047813
3.85,0.0035097895603259546
3.855,0.003485465243034746
3.86,0.003461311415382351
3.865,0.0034373268644467382
3.87,0.0034135103861093856
3.875,0.0033898607849897223
3.88,0.0033663768743799356
3.8850000000000002,0.0033430574761803412
3.89,0.003319901420835253
3.895,0.0032969075472692767
3.9,0.003274074702824212
3.9050000000000002,0.0032514017431963236
3.91,0.003228887532374278
3.915,0.003206530942577256
3.92,0.0031843308541938523
3.9250000000000003,0.003162286155721275
3.93,0.003140395743705107
3.935,0.003118658522679359
3.94,0.0030970734051072642
3.9450000000000003,0.0030756393113222256
3.95,0.003054355169469497
3.955,0.0030332199154480205
3.96,0.0030122324928530406
3.9650000000000003,0.002991391852918878
3.97,0.0029706969544622524
3.975,0.0029501467638261493
3.98,0.002929740254823866
3.985,0.002909476408683731
3.99,0.002889354213994121
3.995,0.002869372666648905
4.0,0.0028495307697933643
4.005,0.002829827533770486
4.01,0.0028102619760676222
4.015,0.0027908331212637217
4.0200000000000005,0.002771540000976733
4.025,0.002752381653811579
4.03,0.002733357125308506
4.035,0.002714465467891768
4.04,0.002695705740818763
4.045,0.0026770770101295057
4.05,0.0026585783485965323
4.055,0.0026402088356752024
4.0600000000000005,0.0026219675574542353
4.065,0.0026038536066068964
4.07,0.0025858660823422567
4.075,0.002568004090357038
4.08,0.002550266742787746
4.085,0.0025326531581631386
4.09,0.002515162461357103
4.095,0.0024977937835419144
4.1,0.0024805462621417572
4.105,0.0024634190407867265
4.11,0.002446411269267029
4.115,0.0024295221034876927
4.12,0.0024127507054234865
4.125,0.0023960962430742815
4.13,0.002379557890420667
4.135,0.0023631348273799703
4.14,0.0023468262397626106
4.1450000000000005,0.002330631319228695
4.15,0.002314549263245069
4.155,0.0022985792750425675
4.16,0.0022827205635737673
4.165,0.002266972343470792
4.17,0.0022513338350037097
4.175,0.002235804264039102
4.18,0.0022203828619989565
4.1850000000000005,0.00220506886581986
4.19,0.0021898615179126086
4.195,0.0021747600661219204
4.2,0.002159763763686744
4.205,0.00214487186920053
4.21,0.002130083646572031
4.215,0.002115398364986394
4.22,0.0021008152988664245
4.225,0.0020863337278342205
4.23,0.002071952936673082
4.235,0.0020576722152897313
4.24,0.0020434908586767927
4.245,0.0020294081668755545
4.25,0.0020154234449389755
4.255,0.0020015360028950717
4.26,0.00198774515571052
4.265,0.001974050223254506
4.2700000000000005,0.001960450530262824
4.275,0.001946945406302434
4.28,0.001933534185736025
4.285,0.0019202162076870128
4.29,0.0019069908160047433
4.295,0.0018938573592299837
4.3,0.0018808151905606598
4.305,0.0018678636678178928
4.3100000000000005,0.0018550021534121006
4.315,0.0018422300143096824
4.32,0.001829546621999684
4.325,0.0018169513524607845
4.33,0.0018044435861286087
4.335,0.0017920227078631712
4.34,0.001779688106916657
4.345,0.0017674391769013763
4.3500000000000005,0.001755275315758013
4.355,0.0017431959257240657
4.36,0.0017312004133025595
4.365,0.0017192881892309567
4.37,0.001707458668450359
4.375,0.001695711270074875
4.38,0.0016840454173612316
4.385,0.001672460537678683
4.39,0.0016609560624790136
4.3950000000000005,0.0016495314272668992
4.4,0.0016381860715704044
4.405,0.001626919438911705
4.41,0.0016157309767781197
4.415,0.0016046201365931723
4.42,0.001593586373688132
4.425,0.0015826291472734793
4.43,0.0015717479204108342
4.4350000000000005,0.0015609421599849069
4.44,0.0015502113366757985
4.445,0.0015395549249314006
4.45,0.0015289724029400621
4.455,0.0015184632526034363
4.46,0.001508026959509555
4.465,0.0014976630129060816
4.47,0.001487370905673737
4.4750000000000005,0.0014771501342999895
4.48,0.0014670001988528938
4.485,0.001456920602955114
4.49,0.0014469108537582085
4.495,0.0014369704619170006
4.5,0.0014270989415642414
4.505,0.001417295810285401
4.51,0.0014075605890936547
4.515,0.0013978928024050926
4.5200000000000005,0.0013882919780140428
4.525,0.001378757647068659
4.53,0.001369289344046616
4.535,0.0013598866067310361
4.54,0.0013505489761865865
4.545,0.0013412759967357348
4.55,0.0013320672159351631
4.555,0.0013229221845524448
4.5600000000000005,0.0013138404565427757
4.565,0.0013048215890259548
4.57,0.0012958651422635384
4.575,0.0012869706796361118
4.58,0.0012781377676207583
4.585,0.001269365975768725
4.59,0.0012606548766831856
4.595,0.0012520040459972467
4.6000000000000005,0.001243413062352038
4.605,0.0012348815073750265
4.61,0.0012264089656584564
4.615,0.001217995024737969
4.62,0.0012096392750713537
4.625,0.001201341310017506
4.63,0.0011931007258154562
4.635,0.0011849171215636695
4.64,0.0011767900991993651
4.6450000000000005,0.0011687192634781203
4.65,0.0011607042219535164
4.655,0.0011527445849569943
4.66,0.0011448399655778554
4.665,0.0011369899796433878
4.67,0.0011291942456991464
4.675,0.001121452384989405
4.68,0.0011137640214376847
4.6850000000000005,0.0011061287816275227
4.69,0.0010985462947832889
4.695,0.0010910161927512126
4.7,0.0010835381099805156
4.705,0.0010761116835046741
4.71,0.001068736552922861
4.715,0.0010614123603814747
4.72,0.0010541387505558365
4.7250000000000005,0.0010469153706320227
4.73,0.001039741870288799
4.735,0.0010326179016797396
4.74,0.0010255431194154104
4.745,0.0010185171805457657
4.75,0.0010115397445425805
4.755,0.0010046104732821027
4.76,0.0009977290310277493
4.765,0.00099089508441302
4.7700000000000005,0.0009841083024244364
4.775,0.000977368356384697
4.78,0.00097067491993588
4.785,0.0009640276690228384
4.79,0.00095742628187665
4.795,0.0009508704389982617
4.8,0.0009443598231421628
4.805,0.0009378941193002891
4.8100000000000005,0.000931473014685907
4.815,0.0009250961987177854
4.82,0.0009187633630043224
4.825,0.0009124742013278765
4.83,0.0009062284096292084
4.835,0.0009000256859919907
4.84,0.0008938657306275004
4.845,0.0008877482458593529
4.8500000000000005,0.0008816729361083857
4.855,0.0008756395078776682
4.86,0.0008696476697375663
4.865,0.0008636971323109654
4.87,0.0008577876082586059
4.875,0.0008519188122644404
4.88,0.0008460904610212548
4.885,0.0008403022732162141
4.89,0.000834553969516664
4.8950000000000005,0.0008288452725559402
4.9,0.0008231759069193044
4.905,0.0008175455991300524
4.91,0.0008119540776355904
4.915,0.0008064010727937432
4.92,0.0008008863168590701
4.925,0.000795409543969339
4.93,0.0007899704901320508
4.9350000000000005,0.0007845688932111259
4.94,0.0007792044929136138
4.945,0.0007738770307765559
4.95,0.0007685862501539077
4.955,0.0007633318962035963
4.96,0.0007581137158746156
4.965,0.0007529314578942687
4.97,0.0007477848727554803
4.9750000000000005,0.0007426737127041969
4.98,0.0007375977317268856
4.985,0.0007325566855381289
4.99,0.000727550331568291
4.995,0.0007225784289513023
5.0,0.0007176407385125098
5.005,0.0007127370227566163
5.01,0.0007078670458557265
5.015,0.0007030305736374495
5.0200000000000005,0.0006982273735731379
5.025,0.0006934572147661407
5.03,0.0006887198679402056
5.035,0.0006840151054279276
5.04,0.0006793427011593167
5.045,0.0006747024306503927
5.05,0.0006700940709919208
5.055,0.0006655174008381995
5.0600000000000005,0.0006609722003959315
5.065,0.0006564582514131796
5.07,0.0006519753371684023
5.075,0.000647523242459561
5.08,0.0006431017535933359
5.085,0.0006387106583743694
5.09,0.0006343497460946229
5.095,0.0006300188075228316
5.1000000000000005,0.0006257176348939584
5.105,0.0006214460218988095
5.11,0.0006172037636736873
5.115,0.0006129906567900915
5.12,0.0006088064992445525
5.125,0.0006046510904485111
5.13,0.0006005242312182304
5.135,0.0005964257237648586
5.14,0.0005923553716845196
5.1450000000000005,0.0005883129799484552
5.15,0.0005842983548932896
5.155,0.0005803113042113285
5.16,0.0005763516369409347
5.165,0.0005724191634569855
5.17,0.0005685136954613736
5.175,0.0005646350459736136
5.18,0.0005607830293214755
5.1850000000000005,0.0005569574611317352
5.19,0.0005531581583209204
5.195,0.0005493849390862054
5.2,0.0005456376228963071
5.205,0.0005419160304824804
5.21,0.0005382199838295793
5.215,0.0005345493061671482
5.22,0.0005309038219606149
5.2250000000000005,0.0005272833569025544
5.23,0.0005236877379039501
5.235,0.0005201167930856055
5.24,0.0005165703517695573
5.245,0.000513048244470564
5.25,0.0005095503028876774
5.255,0.000506076359895833
5.26,0.0005026262495375634
5.265,0.0004991998070146828
5.2700000000000005,0.0004957968686801307
5.275,0.0004924172720298024
5.28,0.0004890608556944609
5.285,0.00048572745943171374
5.29,0.00048241692411804245
5.295,0.0004791290917408844
5.3,0.00047586380539078264
5.305,0.00047262090925357167
5.3100000000000005,0.0004694002486026627
5.315,0.0004662016697913114
5.32,0.0004630250202450201
5.325,0.0004598701484539488
5.33,0.0004567369039653886
5.335,0.00045362513737628877
5.34,0.00045053470032585275
5.345,0.0004474654454881601
5.3500000000000005,0.0004444172265648622
5.355,0.00044138989827793363
5.36,0.00043838331636245195
5.365,0.0004353973375594534
5.37,0.000432431819608824
5.375,0.00042948662124225466
5.38,0.0004265616021762316
5.385,0.000423656623105106
5.39,0.0004207715456941554
5.3950000000000005,0.0004179062325727777
5.4,0.0004150605473276557
5.405,0.00041223435449601125
5.41,0.0004094275195589095
5.415,0.00040663990893459006
5.42,0.00040387138997187357
5.425,0.00040112183094356715
5.43,0.00039839110103999614
5.4350000000000005,0.00039567907036250203
5.44,0.00039298560991701776
5.445,0.00039031059160772705
5.45,0.00038765388823068926
5.455,0.0003850153734675842
5.46,0.0003823949218794646
5.465,0.00037979240890055794
5.47,0.0003772077108321156
5.4750000000000005,0.0003746407048363133
5.48,0.00037209126893017735
5.485,0.00036955928197956355
5.49,0.00036704462369319775
5.495,0.00036454717461671844
5.5,0.0003620668161267991
5.505,0.0003596034304253035
5.51,0.0003571569005334575
5.515,0.0003547271102860946
5.5200000000000005,0.0003523139443259496
5.525,0.0003499172880979314
5.53,0.000347537027843522
5.535,0.0003451730505951432
5.54,0.00034282524417061396
5.545,0.00034049349716760844
5.55,0.0003381776989581814
5.555,0.00033587773968333265
5.5600000000000005,0.00033359351024758613
5.565,0.0003313249023136203
5.57,0.0003290718082969499
5.575,0.0003268341213606351
5.58,0.0003246117354100176
5.585,0.0003224045450875023
5.59,0.00032021244576740807
5.595,0.00031803533355078366
5.6000000000000005,0.00031587310526032616
5.605,0.00031372565843531495
5.61,0.0003115928913265646
5.615,0.000309474702891438
5.62,0.00030737099278888475
5.625,0.00030528166137451426
5.63,0.00030320660969569284
5.635,0.000301145739486712
5.64,0.00029909895316394434
5.6450000000000005,0.000297066153821069
5.65,0.0002950472452243094
5.655,0.0002930421318077247
5.66,0.00029105071866851624
5.665,0.0002890729115623776
5.67,0.0002871086168988787
5.675,0.0002851577417368685
5.68,0.0002832201937799366
5.6850000000000005,0.000281295881371878
5.69,0.00027938471349221695
5.695,0.00027748659975173316
5.7,0.00027560145038805226
5.705,0.00027372917626124763
5.71,0.00027186968884946596
5.715,0.0002700229002446119
5.72,0.00026818872314803905
5.7250000000000005,0.0002663670708662717
5.73,0.00026455785730678314
5.735,0.0002627609969737685
5.74,0.0002609764049639734
5.745,0.00025920399696254074
5.75,0.00025744368923888845
5.755,0.00025569539864262424
5.76,0.000253959042599472
5.765,0.0002522345391072434
5.7700000000000005,0.000250521806731841
5.775,0.00024882076460326543
5.78,0.0002471313324116788
5.785,0.0002454534304034761
5.79,0.0002437869793774019
5.795,0.00024213190068067864
5.8,0.00024048811620516197
5.805,0.00023885554838354612
5.8100000000000005,0.00023723412018557253
5.815,0.0002356237551142633
5.82,0.00023402437720221488
5.825,0.0002324359110078673
5.83,0.00023085828161184554
5.835,0.0002292914146132994
5.84,0.00022773523612628244
5.845,0.000226189672776152
5.8500000000000005,0.000224654651695991
5.855,0.00022313010052305815
5.86,0.00022161594739527308
5.865,0.0002201121209477053
5.87,0.00021861855030911242
5.875,0.00021713516509848038
5.88,0.00021566189542160456
5.885,0.00021419867186768074
5.89,0.00021274542550594054
5.8950000000000005,0.00021130208788228727
5.9,0.0002098685910159787
5.905,0.0002084448673963021
5.91,0.0002070308499793127
5.915,0.00020562647218456758
5.92,0.00020423166789187392
5.925,0.00020284637143810896
5.93,0.0002014705176139988
5.9350000000000005,0.00020010404166095853
5.94,0.0001987468792679591
5.945,0.00019739896656839075
5.95,0.00019606024013696559
5.955,0.00019473063698664025
5.96,0.00019341009456555572
5.965,0.0001920985507540058
5.97,0.00019079594386141262
5.9750000000000005,0.0001895022126233483
5.98,0.0001882172961985454
5.985,0.000186941134165966
5.99,0.0001856736665218495
5.995,0.0001844148336768213
6.0,0.00018316457645299776
6.005,0.00018192283608111054
6.01,0.00018068955419766803
6.015000000000001,0.00017946467284211628
6.0200000000000005,0.0001782481344540508
6.025,0.00017703988187040096
6.03,0.00017583985832267737
6.035,0.00017464800743423087
6.04,0.00017346427321749896
6.045,0.00017228860007131017
6.05,0.0001711209327781926
6.055,0.00016996121650170005
6.0600000000000005,0.00016880939678375154
6.065,0.0001676654195420059
6.07,0.00016652923106723745
6.075,0.00016540077802074324
6.08,0.00016428000743176475
6.085,0.00016316686669491423
6.09,0.00016206130356764776
6.095,0.0001609632661677263
6.1000000000000005,0.00015987270297071815
6.105,0.0001587895628074998
6.11,0.0001577137948617865
6.115,0.00015664534866768434
6.12,0.00015558417410723577
6.125,0.0001545302214080171
6.13,0.00015348344114072185
6.135,0.00015244378421677823
6.140000000000001,0.0001514112018859866
6.1450000000000005,0.0001503856457341448
6.15,0.00014936706768073674
6.155,0.00014835541997659877
6.16,0.00014735065520161156
6.165,0.0001463527262624259
6.17,0.00014536158639017548
6.175,0.00014437718913823337
6.18,0.0001433994883799642
6.1850000000000005,0.00014242843830650776
6.19,0.00014146399342456232
6.195,0.00014050610855419313
6.2,0.00013955473882666392
6.205,0.0001386098396822574
6.21,0.0001376713668681498
6.215,0.00013673927643625662
6.22,0.0001358135247411287
6.2250000000000005,0.00013489406843785487
6.23,0.0001339808644799553
6.235,0.00013307387011733083
6.24,0.0001321730428941855
6.245,0.00013127834064700258
6.25,0.00013038972150249128
6.255,0.00012950714387559585
6.26,0.00012863056646747803
6.265000000000001,0.00012775994826353426
6.2700000000000005,0.00012689524853142534
6.275,0.0001260364268191193
6.28,0.00012518344295293338
6.285,0.00012433625703562085
6.29,0.00012349482944443908
6.295,0.00012265912082924505
6.3,0.0001218290921106167
6.305,0.00012100470447795194
6.3100000000000005,0.00012018591938763027
6.315,0.00011937269856114646
6.32,0.00011856500398326348
6.325,0.00011776279790020783
6.33,0.00011696604281783918
6.335,0.00011617470149985056
6.34,0.00011538873696599488
6.345,0.00011460811249029644
6.3500000000000005,0.0001138327915992848
6.355,0.000113062738070262
6.36,0.00011229791592954719
6.365,0.00011153828945075041
6.37,0.00011078382315307625
6.375,0.00011003448179960173
6.38,0.00010929023039559863
6.385,0.00010855103418685392
6.390000000000001,0.000107816858657984
6.3950000000000005,0.00010708766953081995
6.4,0.00010636343276271997
6.405,0.00010564411454497364
6.41,0.0001049296813011559
6.415,0.00010422009968553081
6.42,0.00010351533658145135
6.425,0.00010281535909977342
6.43,0.00010212013457728053
6.4350000000000005,0.00010142963057511305
6.44,0.00010074381487722826
6.445,0.00010006265548883817
6.45,9.938612063490102e-05
6.455,9.871417875857887e-05
6.46,9.80467985197396e-05
6.465,9.738394879345534e-05
6.47,9.672559866850785e-05
6.4750000000000005,9.607171744591528e-05
6.48,9.54222746374576e-05
6.485,9.477723996422704e-05
6.49,9.413658335516851e-05
6.495,9.350027494565193e-05
6.5,9.286828507603672e-05
6.505,9.224058429025538e-05
6.51,9.161714333441393e-05
6.515000000000001,9.099793315537515e-05
6.5200000000000005,9.038292489938771e-05
6.525,8.977208991069809e-05
6.53,8.916539973018675e-05
6.535,8.856282609399988e-05
6.54,8.796434093220957e-05
6.545,8.736991636746536e-05
6.55,8.677952471366953e-05
6.555,8.619313847463942e-05
6.5600000000000005,8.561073034281994e-05
6.565,8.503227319796247e-05
6.57,8.445774010582855e-05
6.575,8.388710431691254e-05
6.58,8.332033926516084e-05
6.585,8.275741856670971e-05
6.59,8.219831601861605e-05
6.595,8.164300559761549e-05
6.6000000000000005,8.109146145888007e-05
6.605,8.054365793478225e-05
6.61,7.999956953367406e-05
6.615,7.945917093866941e-05
6.62,7.892243700643523e-05
6.625,7.838934276600099e-05
6.63,7.785986341755864e-05
6.635,7.733397433128228e-05
6.640000000000001,7.6811651046162e-05
6.6450000000000005,7.62928692688349e-05
6.65,7.577760487241385e-05
6.655,7.52658338953598e-05
6.66,7.475753254033045e-05
6.665,7.42526771730428e-05
6.67,7.375124432115236e-05
6.675,7.325321067313516e-05
6.68,7.275855307717696e-05
6.6850000000000005,7.226724854007191e-05
6.69,7.17792742261289e-05
6.695,7.129460745608067e-05
6.7,7.081322570600535e-05
6.705,7.033510660626289e-05
6.71,6.986022794041645e-05
6.715,6.938856764418638e-05
6.72,6.892010380440208e-05
6.7250000000000005,6.845481465794617e-05
6.73,6.79926785907331e-05
6.735,6.753367413667674e-05
6.74,6.70777799766705e-05
6.745,6.662497493756758e-05
6.75,6.617523799118691e-05
6.755,6.57285482532976e-05
6.76,6.528488498264409e-05
6.765000000000001,6.484422757994692e-05
6.7700000000000005,6.440655558692611e-05
6.775,6.39718486853382e-05
6.78,6.354008669599732e-05
6.785,6.31112495778293e-05
6.79,6.268531742691269e-05
6.795,6.226227047553283e-05
6.8,6.184208909124761e-05
6.805,6.142475377595223e-05
6.8100000000000005,6.1010245164956885e-05
6.815,6.059854402606039e-05
6.82,6.018963125864617e-05
6.825,5.978348789277231e-05
6.83,5.9380095088267105e-05
6.835,5.8979434133839594e-05
6.84,5.858148644619491e-05
6.845,5.818623356914595e-05
6.8500000000000005,5.779365717273733e-05
6.855,5.7403739052386224e-05
6.86,5.701646112800902e-05
6.865,5.6631805443168135e-05
6.87,5.6249754164216906e-05
6.875,5.587028957946123e-05
6.88,5.549339409831498e-05
6.885,5.511905025046506e-05
6.890000000000001,5.4747240685048975e-05
6.8950000000000005,5.437794816982578e-05
6.9,5.4011155590360496e-05
6.905,5.3646845949222755e-05
6.91,5.32850023651749e-05
6.915,5.2925608072362345e-05
6.92,5.256864641954024e-05
6.925,5.221410086926609e-05
6.93,5.18619549971264e-05
6.9350000000000005,5.151219249096046e-05
6.94,5.116479715008137e-05
6.945,5.08197528845136e-05
6.95,5.0477043714228036e-05
6.955,5.013665376839415e-05
6.96,4.9798567284612954e-05
6.965,4.9462768608192054e-05
6.97,4.912924219138722e-05
6.9750000000000005,4.8797972592670125e-05
6.98,4.84689444760097e-05
6.985,4.814214261013449e-05
6.99,4.7817551867814515e-05
6.995,4.749515722514752e-05
7.0,4.7174943760853165e-05
7.005,4.685689665555795e-05
7.01,4.6541001191102454e-05
7.015000000000001,4.622724274984235e-05
7.0200000000000005,4.591560681395698e-05
7.025,4.560607896476468e-05
7.03,4.529864488204304e-05
7.035,4.499329034334655e-05
7.04,4.4690001223342676e-05
7.045,4.4388763493134684e-05
7.05,4.408956321960898e-05
7.055,4.37923865647724e-05
7.0600000000000005,4.3497219785096644e-05
7.065,4.3204049230871775e-05
7.07,4.291286134556238e-05
7.075,4.262364266516729e-05
7.08,4.2336379817581604e-05
7.085,4.2051059521965984e-05
7.09,4.1767668588126074e-05
7.095,4.148619391587895e-05
7.1000000000000005,4.120662249444293e-05
7.105,4.092894140182175e-05
7.11,4.0653137804199216e-05
7.115,4.037919895531605e-05
7.12,4.0107112195899687e-05
7.125,3.983686495303464e-05
7.13,3.956844473959124e-05
7.135,3.930183915362753e-05
7.140000000000001,3.9037035877811314e-05
7.1450000000000005,3.8774022678826345e-05
7.15,3.851278740681042e-05
7.155,3.82533179947748e-05
7.16,3.799560245803673e-05
7.165,3.7739628893652425e-05
7.17,3.748538547986169e-05
7.175,3.723286047552828e-05
7.18,3.6982042219585046e-05
7.1850000000000005,3.67329191304832e-05
7.19,3.648547970564834e-05
7.195,3.6239712520944023e-05
7.2,3.599560623013035e-05
7.205,3.5753149564321575e-05
7.21,3.551233133146488e-05
7.215,3.5273140415815246e-05
7.22,3.503556577739836e-05
7.2250000000000005,3.479959645151025e-05
7.23,3.4565221548186974e-05
7.235,3.4332430251689124e-05
7.24,3.410121182001389e-05
7.245,3.3871555584360874e-05
7.25,3.364345094865896e-05
7.255,3.34168873890399e-05
7.26,3.3191854453366156e-05
7.265000000000001,3.2968341760724227e-05
7.2700000000000005,3.2746339000946416e-05
7.275,3.252583593411627e-05
7.28,3.230682239009865e-05
7.285,3.208928826804787e-05
7.29,3.1873223535944764e-05
7.295,3.165861823012091e-05
7.3,3.144546245478573e-05
7.305,3.1233746381563994e-05
7.3100000000000005,3.102346024904144e-05
7.315,3.081459436229199e-05
7.32,3.0607139092436245e-05
7.325,3.0401084876177676e-05
7.33,3.019642221535975e-05
7.335,2.999314167651745e-05
7.34,2.979123389043559e-05
7.345,2.959068955170469e-05
7.3500000000000005,2.9391499418291367e-05
7.355,2.9193654311096616e-05
7.36,2.8997145113529046e-05
7.365,2.880196277107464e-05
7.37,2.8608098290873414e-05
7.375,2.8415542741301135e-05
7.38,2.822428725153326e-05
7.385,2.8034323011152557e-05
7.390000000000001,2.7845641269719064e-05
7.3950000000000005,2.7658233336364338e-05
7.4,2.7472090579382662e-05
7.405,2.7287204425827884e-05
7.41,2.7103566361108478e-05
7.415,2.6921167928591773e-05
7.42,2.6740000729201823e-05
7.425,2.6560056421032556e-05
7.43,2.6381326718948083e-05
7.4350000000000005,2.6203803394200944e-05
7.44,2.6027478274045988e-05
7.445,2.5852343241353057e-05
7.45,2.5678390234225065e-05
7.455,2.5505611245629877e-05
7.46,2.5333998323012846e-05
7.465,2.5163543567933018e-05
7.47,2.4994239135686484e-05
7.4750000000000005,2.482607723494712e-05
7.48,2.465905012738979e-05
7.485,2.449315012733714e-05
7.49,2.43283696013978e-05
7.495,2.4164700968103625e-05
7.5,2.400213669756091e-05
7.505,2.3840669311094607e-05
7.51,2.3680291380897858e-05
7.515000000000001,2.3520995529685047e-05
7.5200000000000005,2.336277443034592e-05
7.525,2.320562080560226e-05
7.53,2.304952742766766e-05
7.535,2.2894487117908565e-05
7.54,2.274049274650852e-05
7.545,2.258753723213457e-05
7.55,2.243561354160542e-05
7.555,2.2284714689562277e-05
7.5600000000000005,2.2134833738142475e-05
7.565,2.1985963796654085e-05
7.57,2.183809802125382e-05
7.575,2.169122961462685e-05
7.58,2.1545351825668948e-05
7.585,2.1400457949170218e-05
7.59,2.1256541325501617e-05
7.595,2.111359534030386e-05
7.6000000000000005,2.0971613424177627e-05
7.605,2.083058905237646e-05
7.61,2.0690515744501566e-05
7.615,2.0551387064198937e-05
7.62,2.0413196618858482e-05
7.625,2.027593805931498e-05
7.63,2.0139605079551474e-05
7.635,2.0004191416404374e-05
7.640000000000001,1.9869690849270632e-05
7.6450000000000005,1.9736097199817133e-05
7.65,1.960340433169246e-05
7.655,1.9471606150238933e-05
7.66,1.9340696602209446e-05
7.665,1.9210669675482925e-05
7.67,1.9081519398784886e-05
7.675,1.895323984140801e-05
7.68,1.8825825112934568e-05
7.6850000000000005,1.869926936296235e-05
7.69,1.8573566780830602e-05
7.695,1.844871159534886e-05
7.7,1.8324698074527958e-05
7.705,1.82015205253117e-05
7.71,1.807917329331145e-05
7.715,1.7957650762542138e-05
7.72,1.7836947355160353e-05
7.7250000000000005,1.7717057531203068e-05
7.73,1.759797578833032e-05
7.735,1.747969666156718e-05
7.74,1.736221472305024e-05
7.745,1.7245524581772655e-05
7.75,1.712962088333387e-05
7.755,1.7014498309689197e-05
7.76,1.6900151578901843e-05
7.765000000000001,1.6786575444896745e-05
7.7700000000000005,1.66737646972156e-05
7.775,1.6561714160773863e-05
7.78,1.6450418695619716e-05
7.785,1.6339873196693897e-05
7.79,1.6230072593591923e-05
7.795,1.612101185032782e-05
7.8,1.6012685965099104e-05
7.805000000000001,1.5905089970053534e-05
7.8100000000000005,1.579821893105778e-05
7.815,1.5692067947467427e-05
7.82,1.5586632151898247e-05
7.825,1.5481906709999803e-05
7.83,1.5377886820229693e-05
7.835,1.5274567713630223e-05
7.84,1.5171944653605877e-05
7.845,1.5070012935702956e-05
7.8500000000000005,1.4968767887390153e-05
7.855,1.4868204867840915e-05
7.86,1.4768319267717368e-05
7.865,1.4669106508955711e-05
7.87,1.4570562044552695e-05
7.875,1.4472681358354147e-05
7.88,1.437545996484469e-05
7.885,1.4278893408938585e-05
7.890000000000001,1.4182977265772564e-05
7.8950000000000005,1.4087707140499813e-05
7.9,1.3993078668085307e-05
7.905,1.3899087513102591e-05
7.91,1.3805729369532025e-05
7.915,1.3712999960560493e-05
7.92,1.3620895038382017e-05
7.925,1.3529410384000476e-05
7.930000000000001,1.3438541807033196e-05
7.9350000000000005,1.334828514551569e-05
7.94,1.3258636265708453e-05
7.945,1.316959106190419e-05
7.95,1.3081145456237355e-05
7.955,1.2993295398493907e-05
7.96,1.2906036865923398e-05
7.965,1.2819365863051549e-05
7.97,1.2733278421494664e-05
7.9750000000000005,1.2647770599774847e-05
7.98,1.2562838483137075e-05
7.985,1.2478478183366794e-05
7.99,1.2394685838609366e-05
7.995,1.2311457613190726e-05
8.0,1.222878969743865e-05
8.005,1.2146678307505804e-05
8.01,1.2065119685194117e-05
8.015,1.1984110097779984e-05
8.02,1.1903645837840614e-05
8.025,1.182372322308203e-05
8.03,1.1744338596167714e-05
8.035,1.1665488324548879e-05
8.040000000000001,1.1587168800295565e-05
8.045,1.1509376439929222e-05
8.05,1.1432107684255998e-05
8.055,1.1355358998201574e-05
8.06,1.1279126870646924e-05
8.065,1.1203407814265203e-05
8.07,1.1128198365359936e-05
8.075,1.105349508370397e-05
8.08,1.0979294552379962e-05
8.085,1.090559337762157e-05
8.09,1.0832388188655976e-05
8.095,1.075967563754732e-05
8.1,1.0687452399041332e-05
8.105,1.0615715170410884e-05
8.11,1.0544460671302963e-05
8.115,1.047368564358621e-05
8.120000000000001,1.0403386851199683e-05
8.125,1.0333561080002784e-05
8.13,1.026420513762626e-05
8.135,1.0195315853323639e-05
8.14,1.012689007782458e-05
8.145,1.0058924683188547e-05
8.15,9.991416562659863e-06
8.155,9.924362630523295e-06
8.16,9.857759821961262e-06
8.165000000000001,9.79160509291142e-06
8.17,9.725895419925776e-06
8.175,9.660627800030304e-06
8.18,9.595799250585625e-06
8.185,9.531406809148731e-06
8.19,9.46744753333597e-06
8.195,9.403918500686082e-06
8.2,9.340816808525238e-06
8.205,9.278139573832052e-06
8.21,9.215883933104281e-06
8.215,9.154047042225905e-06
8.22,9.09262607633533e-06
8.225,9.03161822969468e-06
8.23,8.971020715559443e-06
8.235,8.910830766049626e-06
8.24,8.851045632021305e-06
8.245000000000001,8.791662582939565e-06
8.25,8.73267890675157e-06
8.255,8.674091909761274e-06
8.26,8.615898916504475e-06
8.265,8.558097269624896e-06
8.27,8.500684329751211e-06
8.275,8.44365747537463e-06
8.28,8.387014102727881e-06
8.285,8.330751625664e-06
8.290000000000001,8.274867475537218e-06
8.295,8.21935910108373e-06
8.3,8.164223968303444e-06
8.305,8.10945956034303e-06
8.31,8.055063377379139e-06
8.315,8.001032936502696e-06
8.32,7.947365771604184e-06
8.325,7.894059433259305e-06
8.33,7.841111488615591e-06
8.335,7.788519521280119e-06
8.34,7.736281131207271e-06
8.345,7.684393934588058e-06
8.35,7.632855563739572e-06
8.355,7.581663666995525e-06
8.36,7.530815908597527e-06
8.365,7.480309968586998e-06
8.370000000000001,7.430143542697728e-06
8.375,7.3803143422493945e-06
8.38,7.330820094041774e-06
8.385,7.2816585402496605e-06
8.39,7.232827438318024e-06
8.395,7.1843245608589585e-06
8.4,7.136147695548092e-06
8.405,7.0882946450227525e-06
8.41,7.040763226780129e-06
8.415000000000001,6.993551273076308e-06
8.42,6.946656630826361e-06
8.425,6.90007716150451e-06
8.43,6.853810741045417e-06
8.435,6.80785525974607e-06
8.44,6.762208622168199e-06
8.445,6.716868747041405e-06
8.45,6.671833567167065e-06
8.455,6.6271010293227575e-06
8.46,6.582669094167393e-06
8.465,6.5385357361470815e-06
8.47,6.49469894340131e-06
8.475,6.451156717670331e-06
8.48,6.407907074202656e-06
8.485,6.364948041663372e-06
8.49,6.322277662043166e-06
8.495000000000001,6.279893990567789e-06
8.5,6.237795095608367e-06
8.505,6.1959790585921824e-06
8.51,6.1544439739139495e-06
8.515,6.113187948847903e-06
8.52,6.072209103460496e-06
8.525,6.0315055705234124e-06
8.53,5.991075495427598e-06
8.535,5.950917036097435e-06
8.540000000000001,5.911028362905839e-06
8.545,5.87140765858969e-06
8.55,5.832053118166126e-06
8.555,5.792962948849002e-06
8.56,5.754135369966456e-06
8.565,5.715568612878393e-06
8.57,5.677260920895212e-06
8.575000000000001,5.639210549196515e-06
8.58,5.601415764750658e-06
8.585,5.563874846234815e-06
8.59,5.526586083955623e-06
8.595,5.489547779770127e-06
8.6,5.452758247007692e-06
8.605,5.416215810392035e-06
8.61,5.37991880596392e-06
8.615,5.343865581004675e-06
8.620000000000001,5.308054493959682e-06
8.625,5.272483914362799e-06
8.63,5.2371522227611905e-06
8.635,5.202057810640552e-06
8.64,5.167199080351094e-06
8.645,5.132574445033893e-06
8.65,5.0981823285474594e-06
8.655,5.064021165395488e-06
8.66,5.0300894006542804e-06
8.665000000000001,4.996385489901371e-06
8.67,4.9629078991442916e-06
8.675,4.929655104749744e-06
8.68,4.89662559337348e-06
8.685,4.863817861890504e-06
8.69,4.831230417325979e-06
8.695,4.798861776786102e-06
8.700000000000001,4.7667104673901785e-06
8.705,4.734775026202352e-06
8.71,4.703054000164596e-06
8.715,4.671545946029507e-06
8.72,4.640249430293861e-06
8.725,4.609163029132731e-06
8.73,4.578285328333719e-06
8.735,4.547614923231913e-06
8.74,4.517150418645229e-06
8.745000000000001,4.486890428810068e-06
8.75,4.456833577317566e-06
8.755,4.426978497050177e-06
8.76,4.397323830118756e-06
8.765,4.367868227800006e-06
8.77,4.338610350474482e-06
8.775,4.309548867564715e-06
8.78,4.280682457474158e-06
8.785,4.252009807526275e-06
8.790000000000001,4.2235296139040985e-06
8.795,4.195240581590257e-06
8.8,4.167141424307271e-06
8.805,4.139230864458609e-06
8.81,4.111507633069532e-06
8.815,4.083970469729009e-06
8.82,4.056618122531552e-06
8.825000000000001,4.029449348019662e-06
8.83,4.002462911126633e-06
8.835,3.975657585119714e-06
8.84,3.949032151543636e-06
8.845,3.922585400164585e-06
8.85,3.896316128914676e-06
8.855,3.870223143836318e-06
8.86,3.844305259027688e-06
8.865,3.818561296587947e-06
8.870000000000001,3.792990086563072e-06
8.875,3.767590466892216e-06
8.88,3.742361283354031e-06
8.885,3.717301389513885e-06
8.89,3.692409646670804e-06
8.895,3.6676849238055174e-06
8.9,3.643126097528067e-06
8.905,3.6187320520264134e-06
8.91,3.594501679015113e-06
8.915000000000001,3.5704338776842037e-06
8.92,3.546527554648814e-06
8.925,3.522781623898857e-06
8.93,3.499195006748971e-06
8.935,3.4757666317891743e-06
8.94,3.452495434835394e-06
8.945,3.429380358880761e-06
8.950000000000001,3.406420354046993e-06
8.955,3.383614377535964e-06
8.96,3.36096139358204e-06
8.965,3.338460373404431e-06
8.97,3.316110295159857e-06
8.975,3.2939101438955908e-06
8.98,3.271858911502943e-06
8.985,3.249955596670878e-06
8.99,3.2281992048400436e-06
8.995000000000001,3.206588748157074e-06
9.0,3.185123245429207e-06
9.005,3.163801722079326e-06
9.01,3.1426232101010315e-06
9.015,3.12158674801435e-06
9.02,3.100691380821521e-06
9.025,3.079936159963078e-06
9.03,3.0593201432744298e-06
9.035,3.03884239494253e-06
9.040000000000001,3.0185019854628547e-06
9.045,2.998297991596932e-06
9.05,2.978229496329717e-06
9.055,2.95829558882765e-06
9.06,2.9384953643968163e-06
9.065,2.918827924441418e-06
9.07,2.899292376422532e-06
9.075000000000001,2.8798878338171496e-06
9.08,2.8606134160775227e-06
9.085,2.8414682485906567e-06
9.09,2.8224514626383346e-06
9.095,2.803562195357118e-06
9.1,2.7847995896988463e-06
9.105,2.7661627943912443e-06
9.11,2.74765096389899e-06
9.115,2.7292632583846976e-06
9.120000000000001,2.7109988436707176e-06
9.125,2.692856891200566e-06
9.13,2.674836578001057e-06
9.135,2.6569370866446264e-06
9.14,2.6391576052116912e-06
9.145,2.621497327253556e-06
9.15,2.603955451755225e-06
9.155,2.5865311830990036e-06
9.16,2.569223731027624e-06
9.165000000000001,2.5520323106083462e-06
9.17,2.5349561421967922e-06
9.175,2.517994451401165e-06
9.18,2.5011464690469146e-06
9.185,2.4844114311413558e-06
9.19,2.467788578838618e-06
9.195,2.4512771584049708e-06
9.200000000000001,2.434876421184184e-06
9.205,2.418585623563285e-06
9.21,2.402404026938441e-06
9.215,2.386330897681056e-06
9.22,2.370365507104261e-06
9.225,2.3545071314293972e-06
9.23,2.338755051752996e-06
9.235,2.3231085540137475e-06
9.24,2.30756692895969e-06
9.245000000000001,2.2921294721159455e-06
9.25,2.276795483752282e-06
9.255,2.261564268851051e-06
9.26,2.2464351370754152e-06
9.265,2.2314074027377398e-06
9.27,2.2164803847680745e-06
9.275,2.2016534066830747e-06
9.28,2.1869257965549673e-06
9.285,2.172296886980812e-06
9.290000000000001,2.1577660150517897e-06
9.295,2.1433325223231133e-06
9.3,2.128995754783584e-06
9.305,2.1147550628259138e-06
9.31,2.1006098012167233e-06
9.315,2.086559329067224e-06
9.32,2.0726030098037285e-06
9.325000000000001,2.0587402111385493e-06
9.33,2.0449703050410536e-06
9.335,2.0312926677089824e-06
9.34,2.0177066795397467e-06
9.345,2.0042117251021944e-06
9.35,1.990807193108405e-06
9.355,1.977492476385627e-06
9.36,1.9642669718486856e-06
9.365,1.9511300804721735e-06
9.370000000000001,1.9380812072631306e-06
9.375,1.925119761233838e-06
9.38,1.912245155374773e-06
9.385,1.8994568066276332e-06
9.39,1.886754135858831e-06
9.395,1.8741365678329012e-06
9.4,1.861603531186168e-06
9.405,1.8491544584006874e-06
9.41,1.836788785778171e-06
9.415000000000001,1.824505953414299e-06
9.42,1.8123054051730666e-06
9.425,1.8001865886613623e-06
9.43,1.7881489552036772e-06
9.435,1.7761919598170156e-06
9.44,1.7643150611859852e-06
9.445,1.7525177216380737e-06
9.450000000000001,1.7407994071189658e-06
9.455,1.729159587168231e-06
9.46,1.717597734894966e-06
9.465,1.7061133269538073e-06
9.47,1.6947058435208988e-06
9.475,1.6833747682702037e-06
9.48,1.6721195883498466e-06
9.485,1.6609397943587682e-06
9.49,1.649834880323269e-06
9.495000000000001,1.6388043436740054e-06
9.5,1.6278476852229945e-06
9.505,1.6169644091407948e-06
9.51,1.6061540229338316e-06
9.515,1.5954160374218627e-06
9.52,1.5847499667157393e-06
9.525,1.5741553281950063e-06
9.53,1.5636316424860065e-06
9.535,1.5531784334399847e-06
9.540000000000001,1.5427952281111702e-06
9.545,1.532481556735313e-06
9.55,1.5222369527081892e-06
9.555,1.5120609525642494e-06
9.56,1.5019530959554603e-06
9.565,1.4919129256303162e-06
9.57,1.481939987412835e-06
9.575000000000001,1.472033830181968e-06
9.58,1.462194005850905e-06
9.585,1.4524200693465598e-06
9.59,1.442711578589369e-06
9.595,1.433068094472989e-06
9.6,1.4234891808442802e-06
9.605,1.4139744044834212e-06
9.61,1.4045233350840876e-06
9.615,1.395135545233808e-06
9.620000000000001,1.3858106103944633e-06
9.625,1.376548108882845e-06
9.63,1.3673476218515335e-06
9.635,1.3582087332695576e-06
9.64,1.3491310299036837e-06
9.645,1.3401141012992846e-06
9.65,1.3311575397617495e-06
9.655,1.3222609403378546e-06
9.66,1.3134239007972713e-06
9.665000000000001,1.3046460216141348e-06
9.67,1.295926905948919e-06
9.675,1.2872661596302938e-06
9.68,1.2786633911370652e-06
9.685,1.2701182115804302e-06
9.69,1.2616302346860858e-06
9.695,1.253199076776716e-06
9.700000000000001,1.2448243567544529e-06
9.705,1.2365056960834408e-06
9.71,1.2282427187726377e-06
9.715,1.2200350513585998e-06
9.72,1.2118823228884857e-06
9.725,1.2037841649030925e-06
9.73,1.1957402114200954e-06
9.735,1.1877500989172921e-06
9.74,1.1798134663160837e-06
9.745000000000001,1.1719299549649458e-06
9.75,1.1640992086231046e-06
9.755,1.1563208734442962e-06
9.76,1.1485945979606127e-06
9.765,1.1409200330664513e-06
9.77,1.133296832002612e-06
9.775,1.125724650340512e-06
9.78,1.1182031459664411e-06
9.785,1.1107319790659755e-06
9.790000000000001,1.1033108121084504e-06
9.795,1.0959393098316673e-06
9.8,1.0886171392264696e-06
9.805,1.0813439695216724e-06
9.81,1.0741194721689326e-06
9.815,1.0669433208277785e-06
9.82,1.0598151913507387e-06
9.825000000000001,1.0527347617685436e-06
9.83,1.0457017122754639e-06
9.835,1.0387157252147926e-06
9.84,1.0317764850642417e-06
9.845,1.0248836784216708e-06
9.85,1.0180369939907116e-06
9.855,1.011236122566669e-06
9.86,1.0044807570224155e-06
9.865,9.977705922943254e-07
9.870000000000001,9.911053253684543e-07
9.875,9.844846552666557e-07
9.88,9.779082830329215e-07
9.885,9.713759117197867e-07
9.89,9.6488724637472e-07
9.895,9.584419940267403e-07
9.9,9.520398636730269e-07
9.905,9.456805662657402e-07
9.91,9.393638146987656e-07
9.915000000000001,9.330893237946824e-07
9.92,9.268568102918037e-07
9.925,9.206659928311483e-07
9.93,9.145165919438145e-07
9.935,9.08408330038084e-07
9.94,9.023409313868603e-07
9.945,8.963141221151075e-07
9.950000000000001,8.903276301873583e-07
9.955,8.843811853953241e-07
9.96,8.784745193456323e-07
9.965,8.726073654475278e-07
9.97,8.667794589008064e-07
9.975,8.609905366837561e-07
9.98,8.552403375411224e-07
9.985,8.495286019722462e-07
9.99,8.438550722192617e-07
9.995000000000001,8.382194922553783e-07
10.0,8.326216077731508e-07
10.005,8.270611661729802e-07
10.01,8.215379165516053e-07
10.015,8.160516096906117e-07
10.02,8.106019980451898e-07
10.025,8.051888357328078e-07
10.03,7.998118785220052e-07
10.035,7.944708838213448e-07
10.040000000000001,7.891656106682976e-07
10.045,7.838958197183248e-07
10.05,7.786612732339873e-07
10.055,7.734617350740936e-07
10.06,7.68296970682978e-07
10.065,7.631667470798508e-07
10.07,7.580708328481267e-07
10.075000000000001,7.530089981249904e-07
10.08,7.479810145908334e-07
10.085,7.429866554589958e-07
10.09,7.380256954653192e-07
10.095,7.330979108579776e-07
10.1,7.282030793872948e-07
10.105,7.233409802955645e-07
10.11,7.185113943071139e-07
10.115,7.137141036182787e-07
10.120000000000001,7.089488918874958e-07
10.125,7.042155442254316e-07
10.13,6.995138471852735e-07
10.135,6.9484358875301e-07
10.14,6.902045583377439e-07
10.145,6.85596546762129e-07
10.15,6.810193462529282e-07
10.155,6.764727504314693e-07
10.16,6.719565543043112e-07
10.165000000000001,6.674705542539473e-07
10.17,6.630145480294494e-07
10.175,6.585883347374112e-07
10.18,6.54191714832718e-07
10.185,6.498244901094889e-07
10.19,6.45486463692086e-07
10.195,6.411774400261553e-07
10.200000000000001,6.368972248697636e-07
10.205,6.326456252845112e-07
10.21,6.284224496268301e-07
10.215,6.242275075392478e-07
10.22,6.20060609941663e-07
10.225,6.159215690228684e-07
10.23,6.118101982319884e-07
10.235,6.077263122699531e-07
10.24,6.036697270810785e-07
10.245000000000001,5.996402598447756e-07
10.25,5.956377289671535e-07
10.255,5.916619540728377e-07
10.26,5.877127559967277e-07
10.265,5.837899567759054e-07
10.27,5.798933796414867e-07
10.275,5.76022849010668e-07
10.28,5.721781904786403e-07
10.285,5.683592308107964e-07
10.290000000000001,5.645657979347696e-07
10.295,5.60797720932628e-07
10.3,5.570548300331737e-07
10.305,5.533369566041257e-07
10.31,5.496439331445908e-07
10.315,5.459755932773125e-07
10.32,5.423317717412567e-07
10.325000000000001,5.387123043839909e-07
10.33,5.351170281542942e-07
10.335,5.315457810947279e-07
10.34,5.279984023342986e-07
10.345,5.244747320811255e-07
10.35,5.209746116152153e-07
10.355,5.174978832812532e-07
10.36,5.140443904814032e-07
10.365,5.106139776682474e-07
10.370000000000001,5.072064903377078e-07
10.375,5.03821775022027e-07
10.38,5.004596792827823e-07
10.385,4.971200517039903e-07
10.39,4.938027418852805e-07
10.395,4.905076004349693e-07
10.4,4.87234478963326e-07
10.405,4.839832300758371e-07
10.41,4.807537073665725e-07
10.415000000000001,4.775457654113909e-07
10.42,4.743592597615191e-07
10.425,4.7119404693684707e-07
10.43,4.680499844195365e-07
10.435,4.649269306474673e-07
10.44,4.618247450078275e-07
10.445,4.587432878308127e-07
10.450000000000001,4.556824203831366e-07
10.455,4.5264200486188707e-07
10.46,4.4962190438819223e-07
10.465,4.466219830010268e-07
10.47,4.436421056510388e-07
10.475,4.4068213819444014e-07
10.48,4.377419473868977e-07
10.485,4.3482140087754024e-07
10.49,4.319203672028281e-07
10.495000000000001,4.290387157807875e-07
10.5,4.261763169048679e-07
10.505,4.23333041738248e-07
10.51,4.2050876230786165e-07
10.515,4.177033514986683e-07
10.52,4.1491668304784995e-07
10.525,4.1214863153912054e-07
10.53,4.093990723969433e-07
10.535,4.066678818810589e-07
10.540000000000001,4.039549370806771e-07
10.545,4.01260115908997e-07
10.55,3.985832970977554e-07
10.555,3.9592436019153416e-07
10.56,3.932831855424587e-07
10.565,3.906596543047109e-07
10.57,3.8805364842911e-07
10.575000000000001,3.854650506578919e-07
10.58,3.828937445191819e-07
10.585,3.803396143219159e-07
10.59,3.7780254515045563e-07
10.595,3.752824228594969e-07
10.6,3.727791340687519e-07
10.605,3.7029256615796795e-07
10.61,3.6782260726170735e-07
10.615,3.6536914626430786e-07
10.620000000000001,3.629320727948769e-07
10.625,3.6051127722224606e-07
10.63,3.5810665065003674e-07
10.635,3.5571808491169856e-07
10.64,3.533454725656182e-07
10.645,3.509887068902728e-07
10.65,3.4864768187932533e-07
10.655,3.463222922369227e-07
10.66,3.440124333728363e-07
10.665000000000001,3.417180013977477e-07
10.67,3.3943889311858195e-07
10.675,3.371750060337778e-07
10.68,3.349262383286551e-07
10.685,3.3269248887083274e-07
10.69,3.304736572056183e-07
10.695,3.2826964355144634e-07
10.700000000000001,3.2608034879540593e-07
10.705,3.2390567448871077e-07
10.71,3.217455228422455e-07
10.715,3.195997967221493e-07
10.72,3.1746839964535373e-07
10.725,3.153512357753741e-07
10.73,3.132482099177356e-07
10.735,3.111592275159195e-07
10.74,3.0908419464679577e-07
10.745000000000001,3.070230180166765e-07
10.75,3.049756049567827e-07
10.755,3.02941863419354e-07
10.76,3.009217019732104e-07
10.765,2.9891502979974966e-07
10.77,2.969217566888766e-07
10.775,2.949417930347823e-07
10.78,2.9297504983198e-07
10.785,2.9102143867127186e-07
10.790000000000001,2.8908087173572983e-07
10.795,2.871532617967013e-07
10.8,2.8523852220986254e-07
10.805,2.833365669113596e-07
10.81,2.814473104137983e-07
10.815,2.7957066780251125e-07
10.82,2.777065547315837e-07
10.825000000000001,2.7585488742011687e-07
10.83,2.740155826484135e-07
10.835,2.72188557754207e-07
10.84,2.7037373062888796e-07
10.845,2.685710197139268e-07
10.85,2.667803439969423e-07
10.855,2.6500162300825213e-07
10.86,2.632347768171671e-07
10.865,2.614797260282524e-07
10.870000000000001,2.5973639177797303e-07
10.875,2.5800469573087534e-07
10.88,2.562845600762292e-07
10.885,2.545759075244047e-07
10.89,2.5287866130342667e-07
10.895,2.5119274515543295e-07
10.9,2.495180833333426e-07
10.905,2.4785460059726214e-07
10.91,2.462022222112721e-07
10.915000000000001,2.445608739398763e-07
10.92,2.429304820447706e-07
10.925,2.4131097328139326e-07
10.93,2.3970227489575365e-07
10.935,2.381043146209687e-07
10.94,2.3651702067413165e-07
10.945,2.3494032175299793e-07
10.950000000000001,2.333741470328335e-07
10.955,2.3181842616308661e-07
10.96,2.3027308926426347e-07
10.965,2.287380669248827e-07
10.97,2.2721329019812403e-07
10.975,2.2569869059889285e-07
10.98,2.241942001005995e-07
10.985,2.2269975113216284e-07
10.99,2.212152765748997e-07
10.995000000000001,2.1974070975957157e-07
11.0,2.1827598446320167e-07
11.005,2.1682103490632504e-07
11.01,2.1537579574979172e-07
11.015,2.1394020209189417e-07
11.02,2.1251418946550783e-07
11.025,2.1109769383506953e-07
11.03,2.096906515937119e-07
11.035,2.0829299956039794e-07
11.040000000000001,2.0690467497710568e-07
11.045,2.0552561550584034e-07
11.05,2.0415575922611049e-07
11.055,2.0279504463174206e-07
11.06,2.0144341062840714e-07
11.065,2.0010079653076305e-07
11.07,1.9876714205964344e-07
11.075000000000001,1.974423873394535e-07
11.08,1.9612647289532162e-07
11.085,1.9481933965058836e-07
11.09,1.9352092892393034e-07
11.095,1.9223118242692448e-07
11.1,1.9095004226122133e-07
11.105,1.8967745091604496e-07
11.11,1.8841335126556453e-07
11.115,1.8715768656631475e-07
11.120000000000001,1.8591040045461862e-07
11.125,1.8467143694403224e-07
11.13,1.8344074042285893e-07
11.135,1.822182556515802e-07
11.14,1.8100392776042854e-07
11.145,1.7979770224682856e-07
11.15,1.7859952497300074e-07
11.155,1.7740934216345334e-07
11.16,1.7622710040264778e-07
11.165000000000001,1.75052746632466e-07
11.17,1.7388622814993095e-07
11.175,1.7272749260468964e-07
11.18,1.7157648799683286e-07
11.185,1.7043316267430697e-07
11.19,1.6929746533086735e-07
11.195,1.6816934500346898e-07
11.200000000000001,1.6704875107021307e-07
11.205,1.6593563324785023e-07
11.21,1.6482994158969407e-07
11.215,1.637316264832502e-07
11.22,1.6264063864799452e-07
11.225,1.6155692913315774e-07
11.23,1.604804493155346e-07
11.235,1.5941115089730008e-07
11.24,1.583489859037116e-07
11.245000000000001,1.572939066811196e-07
11.25,1.5624586589464633e-07
11.255,1.5520481652620703e-07
11.26,1.5417071187224496e-07
11.265,1.5314350554170996e-07
11.27,1.5212315145394919e-07
11.275,1.5110960383658133e-07
11.28,1.501028172235159e-07
11.285,1.4910274645279926e-07
11.290000000000001,1.481093466646484e-07
11.295,1.4712257329941897e-07
11.3,1.461423820955489e-07
11.305,1.4516872908761184e-07
11.31,1.442015706042967e-07
11.315,1.4324086326646032e-07
11.32,1.422865639851481e-07
11.325000000000001,1.4133862995967694e-07
11.33,1.4039701867565653e-07
11.335,1.3946168790314098e-07
11.34,1.3853259569463536e-07
11.345,1.3760970038329755e-07
11.35,1.3669296058096688e-07
11.355,1.3578233517637128e-07
11.36,1.3487778333321657e-07
11.365,1.3397926448838916e-07
11.370000000000001,1.330867383500813e-07
11.375,1.3220016489599594e-07
11.38,1.3131950437155411e-07
11.385,1.3044471728808716e-07
11.39,1.2957576442103616e-07
11.395,1.2871260680820175e-07
11.4,1.2785520574800985e-07
11.405,1.2700352279770435e-07
11.41,1.261575197716833e-07
11.415000000000001,1.2531715873971139e-07
11.42,1.2448240202526058e-07
11.425,1.2365321220376638e-07
11.43,1.2282955210098595e-07
11.435,1.2201138479128718e-07
11.44,1.2119867359597098e-07
11.445,1.2039138208167753e-07
11.450000000000001,1.1958947405867418e-07
11.455,1.1879291357926839e-07
11.46,1.1800166493615564e-07
11.465,1.1721569266083634e-07
11.47,1.1643496152198664e-07
11.475,1.1565943652391136e-07
11.48,1.1488908290492455e-07
11.485,1.1412386613579615e-07
11.49,1.1336375191820003e-07
11.495000000000001,1.1260870618315913e-07
11.5,1.1185869508952013e-07
11.505,1.1111368502242457e-07
11.51,1.1037364259177117e-07
11.515,1.0963853463075262e-07
11.52,1.0890832819430679e-07
11.525,1.0818299055768546e-07
11.53,1.074624892149255e-07
11.535,1.0674679187745328e-07
11.540000000000001,1.0603586647254146e-07
11.545,1.0532968114194192e-07
11.55,1.046282042403885e-07
11.555,1.0393140433421856e-07
11.56,1.0323925019992296e-07
11.565,1.025517108227579e-07
11.57,1.0186875539532974e-07
11.575000000000001,1.0119035331622823e-07
11.58,1.0051647418862137e-07
11.585,9.984708781890374e-08
11.59,9.918216421532965e-08
11.595,9.85216735866686e-08
11.6,9.78655863408374e-08
11.605,9.721387308361315e-08
11.61,9.656650461724995e-08
11.615,9.592345193921623e-08
11.620000000000001,9.528468624084346e-08
11.625,9.465017890607437e-08
11.63,9.401990151011194e-08
11.635,9.339382581821009e-08
11.64,9.277192378433822e-08
11.645,9.215416754997083e-08
11.65,9.154052944277913e-08
11.655,9.093098197542811e-08
11.66,9.03254978443148e-08
11.665000000000001,8.972404992834087e-08
11.67,8.912661128768786e-08
11.675,8.85331551626473e-08
11.68,8.794365497231703e-08
11.685,8.735808431350063e-08
11.69,8.677641695948386e-08
11.695,8.619862685883524e-08
11.700000000000001,8.562468813425321e-08
11.705,8.505457508137964e-08
11.71,8.44882621676855e-08
11.715,8.392572403127128e-08
11.72,8.336693547974547e-08
11.725,8.281187148909406e-08
11.73,8.226050720254733e-08
11.735,8.171281792944692e-08
11.74,8.116877914419007e-08
11.745000000000001,8.062836648504034e-08
11.75,8.009155575308707e-08
11.755,7.955832291114869e-08
11.76,7.902864408266223e-08
11.765,7.850249555066057e-08
11.77,7.797985375664622e-08
11.775,7.746069529956454e-08
11.78,7.694499693474751e-08
11.785,7.643273557286035e-08
11.790000000000001,7.592388827884206e-08
11.795,7.541843227092928e-08
11.8,7.491634491956488e-08
11.805,7.441760374642636e-08
11.81,7.392218642338872e-08
11.815,7.343007077152318e-08
11.82,7.294123476011566e-08
11.825000000000001,7.245565650564458e-08
11.83,7.197331427081482e-08
11.835,7.149418646359898e-08
11.84,7.101825163620423e-08
11.845,7.054548848418364e-08
11.85,7.007587584540373e-08
11.855,6.960939269915525e-08
11.86,6.914601816517124e-08
11.865,6.868573150268073e-08
11.870000000000001,6.82285121095035e-08
11.875,6.777433952110079e-08
11.88,6.732319340967217e-08
11.885,6.687505358319959e-08
11.89,6.642989998460974e-08
11.895,6.598771269080545e-08
11.9,6.554847191179597e-08
11.905,6.511215798980645e-08
11.91,6.467875139840069e-08
11.915000000000001,6.424823274157254e-08
11.92,6.382058275289571e-08
11.925,6.33957822946884e-08
11.93,6.297381235706998e-08
11.935,6.255465405718563e-08
11.94,6.21382886382989e-08
11.945,6.172469746900339e-08
11.950000000000001,6.131386204232976e-08
11.955,6.090576397495032e-08
11.96,6.050038500632931e-08
11.965,6.009770699791766e-08
11.97,5.969771193232944e-08
11.975,5.930038191253234e-08
11.98,5.890569916103111e-08
11.985,5.851364601909678e-08
11.99,5.812420494593422e-08
11.995000000000001,5.773735851794472e-08
12.0,5.735308942786324e-08
12.005,5.697138048407282e-08
12.01,5.659221460974351e-08
12.015,5.621557484215523e-08
12.02,5.584144433183469e-08
12.025,5.5469806341882566e-08
12.030000000000001,5.5100644247173376e-08
12.035,5.473394153362212e-08
12.040000000000001,5.436968179742672e-08
12.045,5.4007848744383063e-08
12.05,5.364842618907102e-08
12.055,5.3291398054176973e-08
12.06,5.293674836977665e-08
12.065,5.258446127260747e-08
12.07,5.2234521005306834e-08
12.075000000000001,5.188691191579793e-08
12.08,5.1541618456511745e-08
12.085,5.119862518369023e-08
12.09,5.0857916756762414e-08
12.095,5.05194779375559e-08
12.1,5.018329358967696e-08
12.105,4.984934867782552e-08
12.11,4.951762826709084e-08
12.115,4.918811752229741e-08
12.120000000000001,4.8860801707344683e-08
12.125,4.853566618453902e-08
12.13,4.82126964139044e-08
12.135,4.7891877952588526e-08
12.14,4.7573196454165396e-08
12.145,4.7256637668024066e-08
12.15,4.6942187438688536e-08
12.155000000000001,4.662983170519988e-08
12.16,4.6319556500541485e-08
12.165000000000001,4.601134795087895e-08
12.17,4.5705192275065466e-08
12.175,4.540107578396723e-08
12.18,4.509898487984637e-08
12.185,4.479890605574152e-08
12.19,4.4500825894899715e-08
12.195,4.420473107013924e-08
12.200000000000001,4.391060834325819e-08
12.205,4.3618444564444336e-08
12.21,4.332822667167108e-08
12.215,4.30399416901418e-08
12.22,4.2753576731669294e-08
12.225,4.2469118994115235e-08
12.23,4.2186555760817546e-08
12.235,4.190587440000999e-08
12.24,4.162706236425737e-08
12.245000000000001,4.135010718990026e-08
12.25,4.1074996496476174e-08
12.255,4.080171798618705e-08
12.26,4.0530259443306875e-08
12.265,4.0260608733706636e-08
12.27,3.99927538042294e-08
12.275,3.972668268217725e-08
12.280000000000001,3.9462383474788846e-08
12.285,3.91998443687156e-08
12.290000000000001,3.893905362942537e-08
12.295,3.867999960075106e-08
12.3,3.842267070432423e-08
12.305,3.816705543906559e-08
12.31,3.7913142380678116e-08
12.315,3.766092018111518e-08
12.32,3.741037756806545e-08
12.325000000000001,3.7161503344503833e-08
12.33,3.691428638810388e-08
12.335,3.6668715650789966e-08
12.34,3.6424780158240643e-08
12.345,3.61824690093931e-08
12.35,3.594177137591676e-08
12.355,3.57026765017791e-08
12.36,3.546517370273762e-08
12.365,3.522925236586819e-08
12.370000000000001,3.4994901949057286e-08
12.375,3.4762111980584046e-08
12.38,3.4530872058589294e-08
12.385,3.430117185067396e-08
12.39,3.407300109336975e-08
12.395,3.384634959174481e-08
12.4,3.36212072188474e-08
12.405000000000001,3.339756391536613e-08
12.41,3.317540968911485e-08
12.415000000000001,3.2954734614586024e-08
12.42,3.2735528832514516e-08
12.425,3.251778254943756e-08
12.43,3.230148603724797e-08
12.435,3.208662963275842e-08
12.44,3.187320373727396e-08
12.445,3.1661198816153486e-08
12.450000000000001,3.145060539839991e-08
12.455,3.124141407618265e-08
12.46,3.1033615504505825e-08
12.465,3.0827200400688406e-08
12.47,3.062215954401424e-08
12.475,3.0418483775291606e-08
12.48,3.021616399646614e-08
12.485,3.001519117016715e-08
12.49,2.9815556319359166e-08
12.495000000000001,2.961725052688567e-08
12.5,2.9420264935109646e-08
12.505,2.9224590745479663e-08
12.51,2.903021921818379e-08
12.515,2.8837141671692754e-08
12.52,2.8645349482441483e-08
12.525,2.8454834084361718e-08
12.530000000000001,2.82655869685803e-08
12.535,2.8077599682993774e-08
12.540000000000001,2.789086383186926e-08
12.545,2.7705371075525274e-08
12.55,2.7521113129894658e-08
12.555,2.7338081766194845e-08
12.56,2.715626881055525e-08
12.565,2.6975666143626386e-08
12.57,2.6796265700243662e-08
12.575000000000001,2.6618059469037562e-08
12.58,2.6441039492104716e-08
12.585,2.6265197864618348e-08
12.59,2.6090526734514976e-08
12.595,2.5917018302090624e-08
12.6,2.574466481969386e-08
12.605,2.5573458591345723e-08
12.61,2.540339197242137e-08
12.615,2.5234457369323094e-08
12.620000000000001,2.506664723905231e-08
12.625,2.4899954088994218e-08
12.63,2.473437047646675e-08
12.635,2.4569889008475354e-08
12.64,2.4406502341325096e-08
12.645,2.424420318032255e-08
12.65,2.4082984279428572e-08
12.655000000000001,2.39228384409556e-08
12.66,2.3763758515198217e-08
12.665000000000001,2.3605737400181992e-08
12.67,2.3448768041294056e-08
12.675,2.3292843430978614e-08
12.68,2.313795660841584e-08
12.685,2.2984100659233674e-08
12.69,2.2831268715175428e-08
12.695,2.267945395380022e-08
12.700000000000001,2.2528649598170214e-08
12.705,2.2378848916560375e-08
12.71,2.2230045222142936e-08
12.715,2.2082231872696275e-08
12.72,2.1935402270286476e-08
12.725,2.178954986100776e-08
12.73,2.164466813466447e-08
12.735,2.1500750624478337e-08
12.74,2.1357790906812113e-08
12.745000000000001,2.1215782600859966e-08
12.75,2.1074719368384646e-08
12.755,2.093459491342392e-08
12.76,2.0795402982005e-08
12.765,2.065713736185423e-08
12.77,2.0519791882149875e-08
12.775,2.0383360413215663e-08
12.780000000000001,2.024783686626849e-08
12.785,2.0113215193111017e-08
12.790000000000001,1.9979489385902884e-08
12.795,1.9846653476859066e-08
12.8,1.971470153800288e-08
12.805,1.9583627680895566e-08
12.81,1.9453426056346067e-08
12.815,1.932409085419768e-08
12.82,1.9195616303041193e-08
12.825000000000001,1.9067996669925675e-08
12.83,1.894122626017104e-08
12.835,1.8815299417033706e-08
12.84,1.8690210521535065e-08
12.845,1.8565953992132574e-08
12.85,1.8442524284522217e-08
12.855,1.8319915891377495e-08
12.86,1.8198123342080262e-08
12.865,1.8077141202492076e-08
12.870000000000001,1.7956964074747106e-08
12.875,1.7837586596911792e-08
12.88,1.7719003442865167e-08
12.885,1.760120932197845e-08
12.89,1.748419897888448e-08
12.895,1.7367967193300174e-08
12.9,1.7252508779713695e-08
12.905000000000001,1.7137818587198436e-08
12.91,1.7023891499190754e-08
12.915000000000001,1.6910722433219937e-08
12.92,1.679830634072177e-08
12.925,1.668663820678086e-08
12.93,1.657571304994077e-08
12.935,1.6465525921921775e-08
12.94,1.6356071907488197e-08
12.945,1.6247346124129007e-08
12.950000000000001,1.6139343721905538e-08
12.955,1.6032059883222972e-08
12.96,1.592548982260442e-08
12.965,1.5819628786463854e-08
12.97,1.571447205292202e-08
12.975,1.5610014931576414e-08
12.98,1.550625276330523e-08
12.985,1.540318092003493e-08
12.99,1.5300794804553156e-08
12.995000000000001,1.5199089850296662e-08
13.0,1.5098061521147367e-08
13.005,1.4997705311229013e-08
13.01,1.4898016744700975e-08
13.015,1.479899137557038e-08
13.02,1.4700624787470407e-08
13.025,1.4602912593496505e-08
13.030000000000001,1.4505850435957192e-08
13.035,1.4409433986254556e-08
13.040000000000001,1.4313658944593683e-08
13.045,1.4218521039907381e-08
13.05,1.412401602954033e-08
13.055,1.4030139699155982e-08
13.06,1.3936887862501734e-08
13.065,1.3844256361226032e-08
13.07,1.3752241064705443e-08
13.075000000000001,1.3660837869841194e-08
13.08,1.3570042700897511e-08
13.085,1.3479851509299645e-08
13.09,1.3390260273454548e-08
13.095,1.3301264998587964e-08
13.1,1.3212861716553277e-08
13.105,1.3125046485649358e-08
13.11,1.30378153904356e-08
13.115,1.2951164541594156e-08
13.120000000000001,1.286509007572342e-08
13.125,1.2779588155161757e-08
13.13,1.2694654967840758e-08
13.135,1.2610286727098153e-08
13.14,1.2526479671505153e-08
13.145,1.2443230064707633e-08
13.15,1.2360534195249887e-08
13.155000000000001,1.2278388376424405e-08
13.16,1.2196788946076151e-08
13.165000000000001,1.2115732266489083e-08
13.17,1.2035214724167348e-08
13.175,1.1955232729703713e-08
13.18,1.1875782717612262e-08
13.185,1.1796861146181719e-08
13.19,1.1718464497291333e-08
13.195,1.164058927627566e-08
13.200000000000001,1.1563232011763043e-08
13.205,1.148638925550404e-08
13.21,1.1410057582240629e-08
13.215,1.133423358954508e-08
13.22,1.125891389764876e-08
13.225,1.1184095149321862e-08
13.23,1.1109774009709174e-08
13.235,1.1035947166165908e-08
13.24,1.0962611328137561e-08
13.245000000000001,1.0889763226987194e-08
13.25,1.0817399615874511e-08
13.255,1.074551726958292e-08
13.26,1.0674112984383545e-08
13.265,1.0603183577916633e-08
13.27,1.0532725889019458e-08
13.275,1.0462736777590186e-08
13.280000000000001,1.0393213124463945e-08
13.285,1.0324151831239603e-08
13.290000000000001,1.0255549820191161e-08
13.295,1.0187404034070245e-08
13.3,1.0119711436028482e-08
13.305,1.0052469009428494e-08
13.31,9.985673757757843e-09
13.315,9.919322704463872e-09
13.32,9.85341289281399e-09
13.325000000000001,9.787941385789629e-09
13.33,9.722905265937396e-09
13.335,9.658301635263358e-09
13.34,9.59412761504145e-09
13.345,9.530380345757671e-09
13.35,9.467056986952777e-09
13.355,9.4041547170907e-09
13.36,9.341670733407073e-09
13.365,9.279602251838876e-09
13.370000000000001,9.217946506882132e-09
13.375,9.156700751436085e-09
13.38,9.095862256710174e-09
13.385,9.03542831209886e-09
13.39,8.975396225053512e-09
13.395,8.915763320963269e-09
13.4,8.85652694303119e-09
13.405000000000001,8.797684452184263e-09
13.41,8.739233226898039e-09
13.415000000000001,8.681170663142293e-09
13.42,8.623494174222049e-09
13.425,8.566201190673519e-09
13.43,8.509289160161373e-09
13.435,8.45275554734556e-09
13.44,8.396597833776631e-09
13.445,8.340813517797797e-09
13.450000000000001,8.285400114394615e-09
13.455,8.230355155116337e-09
13.46,8.175676187968247e-09
13.465,8.1213607772788e-09
13.47,8.06740650360567e-09
13.475,8.013810963626345e-09
13.48,7.960571770015298e-09
13.485,7.907686551364488e-09
13.49,7.85515295208048e-09
13.495000000000001,7.802968632202964e-09
13.5,7.751131267423884e-09
13.505,7.69963854888395e-09
13.51,7.648488183114967e-09
13.515,7.597677891910016e-09
13.52,7.547205412260351e-09
13.525,7.4970684962278e-09
13.530000000000001,7.447264910825209e-09
13.535,7.397792437968922e-09
13.540000000000001,7.3486488743280815e-09
13.545,7.299832031269059e-09
13.55,7.251339734710737e-09
13.555,7.203169825087842e-09
13.56,7.155320157169528e-09
13.565,7.107788600063624e-09
13.57,7.060573037043236e-09
13.575000000000001,7.013671365501737e-09
13.58,6.9670814968075915e-09
13.585,6.920801356257303e-09
13.59,6.8748288829744736e-09
13.595,6.82916202980212e-09
13.6,6.78379876319909e-09
13.605,6.738737063208956e-09
13.61,6.6939749232844424e-09
13.615,6.6495103502810795e-09
13.620000000000001,6.6053413642870775e-09
13.625,6.56146599862497e-09
13.63,6.517882299676149e-09
13.635,6.474588326873915e-09
13.64,6.431582152523431e-09
13.645,6.388861861805275e-09
13.65,6.346425552650435e-09
13.655000000000001,6.304271335645244e-09
13.66,6.262397333962863e-09
13.665000000000001,6.220801683276831e-09
13.67,6.179482531681697e-09
13.675,6.138438039598508e-09
13.68,6.09766637969514e-09
13.685,6.0571657368192665e-09
13.69,6.0169343079019554e-09
13.695,5.9769703018883565e-09
13.700000000000001,5.937271939638004e-09
13.705,5.897837453857912e-09
13.71,5.858665089040901e-09
13.715,5.819753101361409e-09
13.72,5.781099758596572e-09
13.725,5.742703340073462e-09
13.73,5.704562136572212e-09
13.735,5.6666744502514455e-09
13.74,5.629038594582522e-09
13.745000000000001,5.591652894259101e-09
13.75,5.554515685132166e-09
13.755,5.517625314141814e-09
13.76,5.48098013923026e-09
13.765,5.4445785292668674e-09
13.77,5.408418863998933e-09
13.775,5.372499533951852e-09
13.780000000000001,5.336818940355642e-09
13.785,5.301375495117344e-09
13.790000000000001,5.266167620700231e-09
13.795,5.231193750049635e-09
13.8,5.1964523265891534e-09
13.805,5.16194180408198e-09
13.81,5.127660646576775e-09
13.815,5.093607328374036e-09
13.82,5.0597803339098306e-09
13.825000000000001,5.0261781577396895e-09
13.83,4.9927993044045285e-09
13.835,4.9596422884301945e-09
13.84,4.926705634227559e-09
13.845,4.8939878760308115e-09
13.85,4.861487557830911e-09
13.855,4.829203233307939e-09
13.86,4.797133465777556e-09
13.865,4.765276828123391e-09
13.870000000000001,4.733631902732184e-09
13.875,4.70219728141701e-09
13.88,4.67097156537499e-09
13.885,4.639953365127274e-09
13.89,4.609141300406207e-09
13.895,4.578534000180339e-09
13.9,4.548130102518874e-09
13.905000000000001,4.5179282545613955e-09
13.91,4.487927112454103e-09
13.915000000000001,4.458125341306316e-09
13.92,4.428521615084701e-09
13.925,4.399114616610415e-09
13.93,4.369903037460518e-09
13.935,4.3408855779067384e-09
13.94,4.3120609469143975e-09
13.945,4.283427862013055e-09
13.950000000000001,4.2549850492687526e-09
13.955,4.226731243240315e-09
13.96,4.1986651869076715e-09
13.965,4.170785631612118e-09
13.97,4.143091337013363e-09
13.975,4.115581071035737e-09
13.98,4.088253609766565e-09
13.985,4.061107737502457e-09
13.99,4.034142246583014e-09
13.995000000000001,4.00735593740756e-09
14.0,3.9807476183479024e-09
14.005,3.954316105720699e-09
14.01,3.9280602237272265e-09
14.015,3.901978804369857e-09
14.02,3.876070687451307e-09
14.025,3.850334720478976e-09
14.030000000000001,3.824769758650003e-09
14.035,3.799374664756561e-09
14.040000000000001,3.7741483091855286e-09
14.045,3.74908956982045e-09
14.05,3.7241973320434086e-09
14.055,3.699470488620197e-09
14.06,3.6749079397075172e-09
14.065,3.6505085927807895e-09
14.07,3.6262713625885153e-09
14.075000000000001,3.602195171089743e-09
14.08,3.578278947429234e-09
14.085,3.5545216278810568e-09
14.09,3.530922155788236e-09
14.095,3.5074794815404664e-09
14.1,3.4841925625124366e-09
14.105,3.4610603629991348e-09
14.11,3.4380818542149682e-09
14.115,3.4152560141926583e-09
14.120000000000001,3.3925818278008555e-09
14.125,3.370058286625598e-09
14.13,3.3476843890015695e-09
14.135,3.325459139905058e-09
14.14,3.303381550936613e-09
14.145,3.28145064028995e-09
14.15,3.2596654326670754e-09
14.155000000000001,3.2380249593039855e-09
14.16,3.2165282578347257e-09
14.165000000000001,3.195174372326495e-09
14.17,3.1739623532059883e-09
14.175,3.15289125720995e-09
14.18,3.131960147356156e-09
14.185,3.111168092909278e-09
14.19,3.090514169296902e-09
14.195,3.069997458138663e-09
14.200000000000001,3.049617047137192e-09
14.205,3.0293720300831598e-09
14.21,3.009261506792665e-09
14.215,2.98928458306407e-09
14.22,2.969440370642725e-09
14.225,2.949727987212554e-09
14.23,2.9301465563023602e-09
14.235,2.9106952072864702e-09
14.24,2.8913730753257614e-09
14.245000000000001,2.8721793013304494e-09
14.25,2.853113031952963e-09
14.255,2.834173419482872e-09
14.26,2.815359621895741e-09
14.265,2.7966708027278538e-09
14.27,2.7781061311329694e-09
14.275,2.7596647817200217e-09
14.280000000000001,2.741345934667289e-09
14.285,2.723148775556283e-09
14.290000000000001,2.7050724954188227e-09
14.295,2.6871162906336385e-09
14.3,2.669279362961711e-09
14.305,2.651560919464726e-09
14.31,2.6339601724669272e-09
14.315,2.616476339552016e-09
14.32,2.599108643498546e-09
14.325000000000001,2.581856312263812e-09
14.33,2.5647185789305288e-09
14.335,2.547694681689845e-09
14.34,2.5307838638108153e-09
14.345,2.5139853735773657e-09
14.35,2.4972984643048702e-09
14.355,2.4807223942495934e-09
14.36,2.4642564266075536e-09
14.365,2.4478998294787613e-09
14.370000000000001,2.431651875851702e-09
14.375,2.415511843526468e-09
14.38,2.399479015107378e-09
14.385,2.3835526779931044e-09
14.39,2.3677321243038038e-09
14.395,2.352016650885952e-09
14.4,2.336405559251055e-09
14.405000000000001,2.320898155552395e-09
14.41,2.3054937505713022e-09
14.415000000000001,2.290191659688772e-09
14.42,2.2749912028113394e-09
14.425,2.259891704365249e-09
14.43,2.2448924933104267e-09
14.435,2.229992903043484e-09
14.44,2.2151922713881154e-09
14.445,2.2004899405969414e-09
14.450000000000001,2.1858852572831064e-09
14.455,2.171377572411328e-09
14.46,2.156966241269442e-09
14.465,2.142650623418682e-09
14.47,2.1284300826793503e-09
14.475,2.1143039871261717e-09
14.48,2.100271709035017e-09
14.485,2.086332624833461e-09
14.49,2.0724861151061383e-09
14.495000000000001,2.0587315645778924e-09
14.5,2.0450683620434976e-09
14.505,2.0314959003863494e-09
14.51,2.0180135764896167e-09
14.515,2.0046207912887106e-09
14.52,1.9913169496899214e-09
14.525,1.978101460546182e-09
14.530000000000001,1.9649737366584176e-09
14.535,1.9519331947276824e-09
14.540000000000001,1.9389792553367605e-09
14.545,1.9261113429112744e-09
14.55,1.9133288857290674e-09
14.555,1.9006313158524254e-09
14.56,1.888018069103695e-09
14.565,1.8754885851180353e-09
14.57,1.8630423071949825e-09
14.575000000000001,1.8506786823656102e-09
14.58,1.8383971613372714e-09
14.585,1.826197198468797e-09
14.59,1.8140782517425255e-09
14.595,1.8020397827590888e-09
14.6,1.7900812566828353e-09
14.605,1.7782021422600968e-09
14.61,1.7664019117424856e-09
14.615,1.7546800409055193e-09
14.620000000000001,1.7430360090192895e-09
14.625,1.7314692987993004e-09
14.63,1.719979396416272e-09
14.635,1.7085657914539266e-09
14.64,1.6972279768785236e-09
14.645,1.6859654490596302e-09
14.65,1.6747777076797878e-09
14.655000000000001,1.6636642557760375e-09
14.66,1.652624599672143e-09
14.665000000000001,1.6416582489921017e-09
14.67,1.6307647166073419e-09
14.675,1.6199435186285298e-09
14.68,1.6091941743960148e-09
14.685,1.5985162064432008e-09
14.69,1.5879091404808532e-09
14.695,1.5773725053591558e-09
14.700000000000001,1.5669058330771135e-09
14.705,1.55650865873453e-09
14.71,1.5461805205425322e-09
14.715,1.5359209597531895e-09
14.72,1.5257295207080436e-09
14.725,1.5156057507392612e-09
14.73,1.5055492002221344e-09
14.735,1.4955594224825808e-09
14.74,1.4856359738732615e-09
14.745000000000001,1.4757784136459865e-09
14.75,1.4659863040069906e-09
14.755,1.4562592100655372e-09
14.76,1.4465966998311924e-09
14.765,1.436998344191344e-09
14.77,1.4274637168761706e-09
14.775,1.4179923944280772e-09
14.780000000000001,1.4085839562556941e-09
14.785,1.3992379845276406e-09
14.790000000000001,1.3899540642015684e-09
14.795,1.3807317829926424e-09
14.8,1.371570731374086e-09
14.805,1.3624705025052525e-09
14.81,1.3534306922974236e-09
14.815,1.3444508993070939e-09
14.82,1.3355307247897508e-09
14.825000000000001,1.3266697726225434e-09
14.83,1.3178676493536793e-09
14.835,1.3091239641277681e-09
14.84,1.3004383286838213e-09
14.845,1.2918103573390403e-09
14.85,1.2832396669902713e-09
14.855,1.2747258770936822e-09
14.86,1.2662686095887242e-09
14.865,1.2578674889695767e-09
14.870000000000001,1.2495221422095165e-09
14.875,1.2412321987714587e-09
14.88,1.2329972905834451e-09
14.885,1.2248170520124707e-09
14.89,1.216691119860441e-09
14.895,1.2086191333298083e-09
14.9,1.2006007340480713e-09
14.905000000000001,1.192635566013111e-09
14.91,1.184723275577135e-09
14.915000000000001,1.1768635114683497e-09
14.92,1.1690559247265364e-09
14.925,1.1613001687372849e-09
14.93,1.1535958991576226e-09
14.935,1.1459427739751041e-09
14.94,1.1383404534108215e-09
14.945,1.1307885999656792e-09
14.950000000000001,1.1232868783820127e-09
14.955,1.115834955627197e-09
14.96,1.108432500895348e-09
14.965,1.1010791855632846e-09
14.97,1.0937746831981344e-09
14.975,1.0865186695423677e-09
14.98,1.079310822497246e-09
14.985,1.0721508220956908e-09
14.99,1.065038350490014e-09
14.995000000000001,1.0579730919547276e-09
15.0,1.0509547328739716e-09
15.005,1.0439829617128502e-09
15.01,1.0370574689964546e-09
15.015,1.0301779473131962e-09
15.02,1.0233440912951203e-09
15.025,1.0165555976043012e-09
15.030000000000001,1.0098121649193363e-09
15.035,1.003113493921917e-09
15.040000000000001,9.964592872835302e-10
15.045,9.898492496521927e-10
15.05,9.832830876393122e-10
15.055,9.767605098066085e-10
15.06,9.70281226653167e-10
15.065,9.63844950602524e-10
15.07,9.574513959898667e-10
15.075000000000001,9.511002790493252e-10
15.08,9.447913179013281e-10
15.085,9.38524232540051e-10
15.09,9.322987448209614e-10
15.095,9.261145784484325e-10
15.1,9.19971458963435e-10
15.105,9.13869113731315e-10
15.11,9.078072719296757e-10
15.115,9.017856645363019e-10
15.120000000000001,8.958040243171957e-10
15.125,8.898620858146691e-10
15.13,8.839595853355363e-10
15.135,8.780962609393716e-10
15.14,8.722718524268509e-10
15.145,8.664861013281531e-10
15.15,8.607387508914875e-10
15.155000000000001,8.550295460716238e-10
15.16,8.493582335185823e-10
15.165000000000001,8.437245615663154e-10
15.17,8.381282802215325e-10
15.175,8.325691411525617e-10
15.18,8.270468976783004e-10
15.185,8.215613047572309e-10
15.19,8.16112118976508e-10
15.195,8.106990985411566e-10
15.200000000000001,8.05322003263259e-10
15.205,7.999805945513074e-10
15.21,7.94674635399554e-10
15.215,7.894038903774832e-10
15.22,7.841681256193329e-10
15.225,7.789671088136658e-10
15.23,7.738006091930523e-10
15.235,7.686683975237918e-10
15.24,7.63570246095708e-10
15.245000000000001,7.585059287120137e-10
15.25,7.534752206792482e-10
15.255,7.484778987972834e-10
15.26,7.435137413493748e-10
15.265,7.385825280923086e-10
15.27,7.336840402465952e-10
15.275,7.288180604867353e-10
15.280000000000001,7.239843729315376e-10
15.285,7.191827631345378e-10
15.290000000000001,7.14413018074425e-10
15.295,7.096749261455828e-10
15.3,7.049682771486652e-10
15.305,7.002928622812455e-10
15.31,6.956484741285292e-10
15.315,6.910349066541115e-10
15.32,6.864519551908261e-10
15.325000000000001,6.818994164316185e-10
15.33,6.773770884205258e-10
15.335,6.728847705436716e-10
15.34,6.684222635203328e-10
15.345,6.639893693940981e-10
15.35,6.595858915240423e-10
15.355,6.552116345759743e-10
15.36,6.508664045137655e-10
15.365,6.465500085906953e-10
15.370000000000001,6.42262255340887e-10
15.375,6.380029545707885e-10
15.38,6.33771917350709e-10
15.385,6.295689560064095e-10
15.39,6.253938841107613e-10
15.395,6.212465164754513e-10
15.4,6.171266691427277e-10
15.405000000000001,6.130341593772455e-10
15.41,6.089688056579027e-10
15.415000000000001,6.049304276697971e-10
15.42,6.009188462961854e-10
15.425,5.96933883610515e-10
15.43,5.929753628685164e-10
15.435,5.890431085003397e-10
15.44,5.851369461027468e-10
15.445,5.812567024313412e-10
15.450000000000001,5.774022053928747e-10
15.455,5.735732840375828e-10
15.46,5.697697685515974e-10
15.465,5.659914902493624e-10
15.47,5.622382815661639e-10
15.475,5.585099760506557e-10
15.48,5.548064083574603e-10
15.485000000000001,5.511274142398229e-10
15.49,5.474728305422878e-10
15.495000000000001,5.438424951934642e-10
15.5,5.402362471988002e-10
15.505,5.366539266334244e-10
15.51,5.330953746350415e-10
15.515,5.295604333968597e-10
15.52,5.260489461605726e-10
15.525,5.225607572093949e-10
15.530000000000001,5.190957118611219e-10
15.535,5.156536564612698e-10
15.540000000000001,5.122344383762178e-10
15.545,5.088379059864428e-10
15.55,5.05463908679762e-10
15.555,5.021122968446471e-10
15.56,4.987829218635524e-10
15.565,4.954756361063287e-10
15.57,4.921902929236378e-10
15.575000000000001,4.889267466404436e-10
15.58,4.856848525495252e-10
15.585,4.824644669050505e-10
15.59,4.792654469161822e-10
15.595,4.760876507407185e-10
15.6,4.729309374787966e-10
15.605,4.697951671666247e-10
15.610000000000001,4.666802007702556e-10
15.615,4.63585900179407e-10
15.620000000000001,4.605121282013153e-10
15.625,4.574587485546444e-10
15.63,4.5442562586341976e-10
15.635,4.514126256510078e-10
15.64,4.484196143341406e-10
15.645,4.454464592169764e-10
15.65,4.42493028485192e-10
15.655000000000001,4.3955919120013375e-10
15.66,4.3664481729298627e-10
15.665000000000001,4.337497775589946e-10
15.67,4.308739436517174e-10
15.675,4.2801718807732127e-10
15.68,4.2517938418891216e-10
15.685,4.223604061809078e-10
15.69,4.195601290834348e-10
15.695,4.167784287567876e-10
15.700000000000001,4.14015181885898e-10
15.705,4.1127026597485397e-10
15.71,4.0854355934145903e-10
15.715,4.0583494111182175e-10
15.72,4.0314429121497575e-10
15.725,4.00471490377553e-10
15.73,3.9781642011846726e-10
15.735000000000001,3.9517896274366027e-10
15.74,3.9255900134086363e-10
15.745000000000001,3.899564197744024e-10
15.75,3.873711026800339e-10
15.755,3.8480293545981466e-10
15.76,3.8225180427701465e-10
15.765,3.7971759605104686e-10
15.77,3.772001984524508e-10
15.775,3.7469949989789293e-10
15.780000000000001,3.7221538954521173e-10
15.785,3.697477572884815e-10
15.790000000000001,3.6729649375313045e-10
15.795,3.648614902910711e-10
15.8,3.624426389758735e-10
15.805,3.60039832597967e-10
15.81,3.576529646598776e-10
15.815,3.552819293714945e-10
15.82,3.529266216453629e-10
15.825000000000001,3.505869370920176e-10
15.83,3.482627720153442e-10
15.835,3.4595402340797414e-10
15.84,3.4366058894668927e-10
15.845,3.4138236698789565e-10
15.85,3.391192565630987e-10
15.855,3.368711573744076e-10
15.860000000000001,3.346379697900895e-10
15.865,3.324195948401342e-10
15.870000000000001,3.3021593421185917e-10
15.875,3.280268902455381e-10
15.88,3.2585236593006746e-10
15.885,3.236922648986451e-10
15.89,3.215464914244922e-10
15.895,3.1941495041660767e-10
15.9,3.172975474155258e-10
15.905000000000001,3.1519418858913275e-10
15.91,3.131047807284919e-10
15.915000000000001,3.11029231243701e-10
15.92,3.089674481597787e-10
15.925,3.069193401125751e-10
15.93,3.048848163447206e-10
15.935,3.028637867015813e-10
15.94,3.008561616272654e-10
15.945,2.9886185216062576e-10
15.950000000000001,2.9688076993133034e-10
15.955,2.9491282715591846e-10
15.96,2.929579366339045e-10
15.965,2.910160117439057e-10
15.97,2.8908696643979487e-10
15.975,2.8717071524687447e-10
15.98,2.852671732580704e-10
15.985000000000001,2.8337625613018057e-10
15.99,2.814978800801079e-10
15.995000000000001,2.7963196188115056e-10
16.0,2.7777841885929187e-10
16.005,2.759371688895388e-10
16.01,2.741081303922698e-10
16.015,2.7229122232960427e-10
16.02,2.7048636420181765e-10
16.025,2.6869347604374565e-10
16.03,2.6691247842124267e-10
16.035,2.6514329242765717e-10
16.04,2.6338583968031313e-10
16.045,2.616400423170369e-10
16.05,2.599058229927015e-10
16.055,2.5818310487578126e-10
16.06,2.564718116449431e-10
16.065,2.5477186748565797e-10
16.07,2.5308319708682876e-10
16.075,2.514057256374525e-10
16.080000000000002,2.497393788232865e-10
16.085,2.480840828235537e-10
16.09,2.464397643076679e-10
16.095,2.448063504319608e-10
16.1,2.43183768836468e-10
16.105,2.415719476416956e-10
16.11,2.399708154454409e-10
16.115000000000002,2.3838030131960883e-10
16.12,2.3680033480707387e-10
16.125,2.3523084591854076e-10
16.13,2.336717651294433e-10
16.135,2.321230233768485e-10
16.14,2.305845520563953e-10
16.145,2.2905628301924696e-10
16.15,2.2753814856905985e-10
16.155,2.2603008145898322e-10
16.16,2.2453201488866349e-10
16.165,2.2304388250128744e-10
16.17,2.2156561838063236e-10
16.175,2.200971570481304e-10
16.18,2.1863843345997048e-10
16.185,2.1718938300420858e-10
16.19,2.1574994149789212e-10
16.195,2.1432004518421062e-10
16.2,2.1289963072967247e-10
16.205000000000002,2.1148863522128367e-10
16.21,2.1008699616375826e-10
16.215,2.086946514767382e-10
16.22,2.073115394920419e-10
16.225,2.0593759895092684e-10
16.23,2.0457276900135897e-10
16.235,2.0321698919532566e-10
16.240000000000002,2.018701994861327e-10
16.245,2.0053234022575854e-10
16.25,1.9920335216219103e-10
16.255,1.978831764368016e-10
16.26,1.965717545817254e-10
16.265,1.9526902851727817e-10
16.27,1.939749405493672e-10
16.275,1.9268943336692958e-10
16.28,1.9141245003939013e-10
16.285,1.9014393401413508e-10
16.29,1.888838291139986e-10
16.295,1.8763207953476722e-10
16.3,1.8638862984270324e-10
16.305,1.8515342497208773e-10
16.31,1.8392641022276756e-10
16.315,1.8270753125773463e-10
16.32,1.8149673410070604e-10
16.325,1.8029396513373364e-10
16.330000000000002,1.7909917109482026e-10
16.335,1.779122990755552e-10
16.34,1.7673329651876566e-10
16.345,1.755621112161869e-10
16.35,1.7439869130613493e-10
16.355,1.732429852712158e-10
16.36,1.7209494193602742e-10
16.365000000000002,1.709545104649002e-10
16.37,1.698216403596259e-10
16.375,1.6869628145722343e-10
16.38,1.6757838392771667e-10
16.385,1.6646789827191108e-10
16.39,1.6536477531920606e-10
16.395,1.6426896622540574e-10
16.4,1.631804224705559e-10
16.405,1.6209909585678304e-10
16.41,1.610249385061634e-10
16.415,1.599579028585912e-10
16.42,1.5889794166966902e-10
16.425,1.5784500800861487e-10
16.43,1.5679905525616974e-10
16.435,1.5576003710253824e-10
16.44,1.547279075453256e-10
16.445,1.5370262088750057e-10
16.45,1.5268413173536196e-10
16.455000000000002,1.5167239499653248e-10
16.46,1.506673658779451e-10
16.465,1.496689998838659e-10
16.47,1.486772528139101e-10
16.475,1.4769208076109066e-10
16.48,1.4671344010985858e-10
16.485,1.4574128753417202e-10
16.490000000000002,1.4477557999557474e-10
16.495,1.4381627474128469e-10
16.5,1.428633293022944e-10
16.505,1.4191670149148734e-10
16.51,1.4097634940176648e-10
16.515,1.4004223140419913e-10
16.52,1.3911430614615458e-10
16.525,1.381925325494834e-10
16.53,1.3727686980869068e-10
16.535,1.3636727738911994e-10
16.54,1.3546371502515957e-10
16.545,1.3456614271845702e-10
16.55,1.3367452073613492e-10
16.555,1.327888096090389e-10
16.56,1.3190897012997908e-10
16.565,1.3103496335199152e-10
16.57,1.30166750586612e-10
16.575,1.2930429340215283e-10
16.580000000000002,1.284475536220083e-10
16.585,1.2759649332295053e-10
16.59,1.2675107483345063e-10
16.595,1.2591126073200538e-10
16.6,1.2507701384548273e-10
16.605,1.2424829724746416e-10
16.61,1.234250742566066e-10
16.615000000000002,1.2260730843502165e-10
16.62,1.2179496358665653e-10
16.625,1.2098800375568127e-10
16.63,1.201863932248988e-10
16.635,1.193900965141637e-10
16.64,1.1859907837879946e-10
16.645,1.178133038080384e-10
16.65,1.1703273802347215e-10
16.655,1.1625734647750242e-10
16.66,1.1548709485181225e-10
16.665,1.1472194905584003e-10
16.67,1.139618752252701e-10
16.675,1.132068397205283e-10
16.68,1.124568091252904e-10
16.685,1.1171175024499841e-10
16.69,1.1097163010538943e-10
16.695,1.1023641595103078e-10
16.7,1.0950607524387005e-10
16.705000000000002,1.087805756617862e-10
16.71,1.0805988509715939e-10
16.715,1.0734397165544855e-10
16.72,1.066328036537702e-10
16.725,1.0592634961949643e-10
16.73,1.0522457828886072e-10
16.735,1.0452745860556805e-10
16.740000000000002,1.0383495971941677e-10
16.745,1.031470509849324e-10
16.75,1.0246370196000688e-10
16.755,1.0178488240454454e-10
16.76,1.0111056227912997e-10
16.765,1.004407117436853e-10
16.77,9.977530115615337e-11
16.775,9.911430107117712e-11
16.78,9.845768223880005e-11
16.785,9.78054156031626e-11
16.79,9.715747230121655e-11
16.795,9.651382366144543e-11
16.8,9.587444120258946e-11
16.805,9.523929663238544e-11
16.81,9.460836184630827e-11
16.815,9.398160892632934e-11
16.82,9.335901013967286e-11
16.825,9.274053793759105e-11
16.830000000000002,9.2126164954134e-11
16.835,9.151586400494637e-11
16.84,9.09096080860564e-11
16.845,9.030737037267354e-11
16.85,8.970912421800874e-11
16.855,8.911484315208246e-11
16.86,8.852450088055967e-11
16.865000000000002,8.793807128357716e-11
16.87,8.735552841458633e-11
16.875,8.677684649920721e-11
16.88,8.620199993407605e-11
16.885,8.563096328571865e-11
16.89,8.50637112894192e-11
16.895,8.450021884809784e-11
16.9,8.394046103120016e-11
16.905,8.338441307359171e-11
16.91,8.28320503744558e-11
16.915,8.228334849620726e-11
16.92,8.173828316340833e-11
16.925,8.119683026168813e-11
16.93,8.065896583667639e-11
16.935,8.012466609293986e-11
16.94,7.959390739292905e-11
16.945,7.906666625592852e-11
16.95,7.854291935701444e-11
16.955000000000002,7.802264352602214e-11
16.96,7.750581574651805e-11
16.965,7.699241315477822e-11
16.97,7.648241303877823e-11
16.975,7.597579283718017e-11
16.98,7.547253013833511e-11
16.985,7.49726026792901e-11
16.990000000000002,7.447598834480033e-11
16.995,7.398266516634824e-11
17.0,7.349261132116965e-11
17.005,7.300580513128507e-11
17.01,7.252222506254077e-11
17.015,7.204184972365215e-11
17.02,7.156465786525408e-11
17.025,7.109062837896323e-11
17.03,7.061974029643718e-11
17.035,7.015197278844647e-11
17.04,6.968730516395376e-11
17.045,6.922571686919107e-11
17.05,6.87671874867529e-11
17.055,6.831169673469067e-11
17.06,6.785922446561002e-11
17.065,6.740975066578144e-11
17.07,6.696325545425138e-11
17.075,6.651971908195862e-11
17.080000000000002,6.607912193086496e-11
17.085,6.564144451307688e-11
17.09,6.520666746998969e-11
17.095,6.47747715714243e-11
17.1,6.434573771477512e-11
17.105,6.391954692416673e-11
17.11,6.349618034960695e-11
17.115000000000002,6.307561926615498e-11
17.12,6.265784507309236e-11
17.125,6.22428392930952e-11
17.13,6.183058357141586e-11
17.135,6.142105967507183e-11
17.14,6.101424949203314e-11
17.145,6.061013503042407e-11
17.150000000000002,6.020869841772091e-11
17.155,5.980992189996308e-11
17.16,5.941378784096643e-11
17.165,5.902027872153737e-11
17.17,5.862937713870378e-11
17.175,5.824106580493196e-11
17.18,5.7855327547373036e-11
17.185,5.7472145307093814e-11
17.19,5.7091502138322164e-11
17.195,5.671338120769738e-11
17.2,5.6337765793523466e-11
17.205000000000002,5.596463928502543e-11
17.21,5.559398518161761e-11
17.215,5.5225787092168713e-11
17.22,5.4860028734275837e-11
17.225,5.4496693933545735e-11
17.23,5.413576662287178e-11
17.235,5.3777230841729716e-11
17.240000000000002,5.342107073546301e-11
17.245,5.3067270554584526e-11
17.25,5.2715814654077515e-11
17.255,5.236668749270098e-11
17.26,5.201987363230255e-11
17.265,5.16753577371338e-11
17.27,5.133312457316879e-11
17.275000000000002,5.099315900743169e-11
17.28,5.065544600732378e-11
17.285,5.0319970639961144e-11
17.29,4.998671807150518e-11
17.295,4.965567356651398e-11
17.3,4.932682248728362e-11
17.305,4.900015029320043e-11
17.31,4.8675642540098526e-11
17.315,4.835328487961794e-11
17.32,4.803306305857102e-11
17.325,4.771496291830618e-11
17.330000000000002,4.7398970394083894e-11
17.335,4.708507151445397e-11
17.34,4.677325240063411e-11
17.345,4.646349926589882e-11
17.35,4.6155798414961025e-11
17.355,4.585013624337467e-11
17.36,4.554649923692263e-11
17.365000000000002,4.524487397102443e-11
17.37,4.494524711014116e-11
17.375,4.4647605407179304e-11
17.38,4.43519357029087e-11
17.385,4.405822492537658e-11
17.39,4.376646008933178e-11
17.395,4.347662829564405e-11
17.400000000000002,4.3188716730738026e-11
17.405,4.290271266602285e-11
17.41,4.2618603457326426e-11
17.415,4.233637654433867e-11
17.42,4.2056019450053213e-11
17.425,4.177751978021406e-11
17.43,4.150086522276793e-11
17.435,4.122604354731787e-11
17.44,4.095304260458008e-11
17.445,4.068185032584779e-11
17.45,4.0412454722457234e-11
17.455000000000002,4.014484388525212e-11
17.46,3.9879005984060976e-11
17.465,3.961492926716893e-11
17.47,3.935260206080109e-11
17.475,3.909201276860202e-11
17.48,3.8833149871123276e-11
17.485,3.857600192531338e-11
17.490000000000002,3.83205575640089e-11
17.495,3.806680549543607e-11
17.5,3.781473450270093e-11
17.505,3.756433344330327e-11
17.51,3.7315591248637905e-11
17.515,3.706849692350092e-11
17.52,3.682303954560886e-11
17.525000000000002,3.657920826511298e-11
17.53,3.633699230411387e-11
17.535,3.6096380956190914e-11
17.54,3.585736358592483e-11
17.545,3.5619929628426534e-11
17.55,3.5384068588866706e-11
17.555,3.514977004201645e-11
17.56,3.4917023631782284e-11
17.565,3.4685819070745063e-11
17.57,3.4456146139709404e-11
17.575,3.422799468724828e-11
17.580000000000002,3.400135462924944e-11
17.585,3.3776215948478556e-11
17.59,3.3552568694125385e-11
17.595,3.3330402981369084e-11
17.6,3.310970899093829e-11
17.605,3.2890476968676214e-11
17.61,3.267269722510842e-11
17.615000000000002,3.2456360135015e-11
17.62,3.2241456137003234e-11
17.625,3.2027975733082225e-11
17.63,3.181590948824694e-11
17.635,3.160524803005501e-11
17.64,3.1395982048215004e-11
17.645,3.118810229417393e-11
17.650000000000002,3.098159958070656e-11
17.655,3.077646478150536e-11
17.66,3.057268883078521e-11
17.665,3.037026272287237e-11
17.67,3.0169177511811407e-11
17.675,2.996942431096738e-11
17.68,2.9770994292630506e-11
17.685,2.957387868762633e-11
17.69,2.937806878493048e-11
17.695,2.918355593127833e-11
17.7,2.8990331530784117e-11
17.705000000000002,2.8798387044558122e-11
17.71,2.8607713990332718e-11
17.715,2.841830394208191e-11
17.72,2.823014852965216e-11
17.725,2.8043239438388253e-11
17.73,2.7857568408766857e-11
17.735,2.7673127236033427e-11
17.740000000000002,2.7489907769831048e-11
17.745,2.730790191384982e-11
17.75,2.7127101625460017e-11
17.755,2.6947498915358768e-11
17.76,2.676908584721713e-11
17.765,2.659185453732995e-11
17.77,2.6415797154259324e-11
17.775000000000002,2.6240905918499168e-11
17.78,2.6067173102121938e-11
17.785,2.58945910284388e-11
17.79,2.5723152071661826e-11
17.795,2.5552848656563474e-11
17.8,2.5383673258142258e-11
17.805,2.5215618401291324e-11
17.81,2.5048676660463473e-11
17.815,2.4882840659345673e-11
17.82,2.4718103070531946e-11
17.825,2.455445661519705e-11
17.830000000000002,2.4391894062778405e-11
17.835,2.4230408230648282e-11
17.84,2.4069991983805257e-11
17.845,2.391063823454947e-11
17.85,2.3752339942176962e-11
17.855,2.359509011266115e-11
17.86,2.3438881798348223e-11
17.865000000000002,2.328370809764245e-11
17.87,2.312956215471116e-11
17.875,2.2976437159173786e-11
17.88,2.2824326345798388e-11
17.885,2.267322299420989e-11
17.89,2.2523120428586543e-11
17.895,2.2374012017366177e-11
17.900000000000002,2.222589117295459e-11
17.905,2.207875135142752e-11
17.91,2.1932586052249728e-11
17.915,2.1787388817980242e-11
17.92,2.1643153233990722e-11
17.925,2.1499872928178216e-11
17.93,2.1357541570684997e-11
17.935,2.1216152873618633e-11
17.94,2.1075700590773362e-11
17.945,2.093617851735011e-11
17.95,2.079758048968894e-11
17.955000000000002,2.0659900384989926e-11
17.96,2.0523132121044214e-11
17.965,2.03872696559655e-11
17.97,2.0252306987920667e-11
17.975,2.011823815486737e-11
17.98,1.998505723428557e-11
17.985,1.985275834292099e-11
17.990000000000002,1.9721335636519542e-11
17.995,1.959078330956893e-11
18.0,1.946109559504592e-11
18.005,1.933226676415933e-11
18.01,1.920429112609301e-11
18.015,1.90771630277574e-11
18.02,1.895087685354034e-11
18.025000000000002,1.88254270250534e-11
18.03,1.870080800088913e-11
18.035,1.8577014276376627e-11
18.04,1.8454040383334864e-11
18.045,1.8331880889830428e-11
18.05,1.821053039994086e-11
18.055,1.8089983553513176e-11
18.06,1.7970235025924206e-11
18.065,1.785127952784945e-11
18.07,1.773311180502916e-11
18.075,1.7615726638030137e-11
18.080000000000002,1.7499118842020952e-11
18.085,1.738328326653897e-11
18.09,1.7268214795260296e-11
18.095,1.7153908345783094e-11
18.1,1.704035886938854e-11
18.105,1.6927561350830372e-11
18.11,1.6815510808103565e-11
18.115000000000002,1.6704202292228422e-11
18.12,1.6593630887031608e-11
18.125,1.648379170892684e-11
18.13,1.6374679906698807e-11
18.135,1.6266290661290742e-11
18.14,1.6158619185589105e-11
18.145,1.6051660724208767e-11
18.150000000000002,1.5945410553291797e-11
18.155,1.5839863980289452e-11
18.16,1.573501634375628e-11
18.165,1.5630863013149046e-11
18.17,1.5527399388613243e-11
18.175,1.542462090078809e-11
18.18,1.5322523010597797e-11
18.185,1.5221101209055872e-11
18.19,1.5120351017061884e-11
18.195,1.5020267985202485e-11
18.2,1.4920847693559992e-11
18.205000000000002,1.4822085751511744e-11
18.21,1.4723977797534114e-11
18.215,1.462651949901985e-11
18.22,1.452970655207195e-11
18.225,1.443353468132552e-11
18.23,1.4337999639751225e-11
18.235,1.4243097208468449e-11
18.240000000000002,1.4148823196564021e-11
18.245,1.4055173440898973e-11
18.25,1.3962143805928676e-11
18.255,1.3869730183520658e-11
18.26,1.3777928492769583e-11
18.265,1.3686734679818632e-11
18.27,1.359614471768088e-11
18.275000000000002,1.3506154606058024e-11
18.28,1.341676037116926e-11
18.285,1.3327958065567786e-11
18.29,1.3239743767970853e-11
18.295,1.3152113583087058e-11
18.3,1.3065063641442183e-11
18.305,1.2978590099206792e-11
18.31,1.2892689138026703e-11
18.315,1.2807356964858513e-11
18.32,1.2722589811795952e-11
18.325,1.2638383935903659e-11
18.330000000000002,1.2554735619057157e-11
18.335,1.2471641167771585e-11
18.34,1.2389096913040621e-11
18.345,1.2307099210177976e-11
18.35,1.2225644438651559e-11
18.355,1.2144729001922498e-11
18.36,1.2064349327290388e-11
18.365000000000002,1.1984501865733571e-11
18.37,1.190518309174924e-11
18.375,1.1826389503201122e-11
18.38,1.1748117621163076e-11
18.385,1.1670363989765064e-11
18.39,1.1593125176041726e-11
18.395,1.1516397769778873e-11
18.400000000000002,1.1440178383360683e-11
18.405,1.1364463651625358e-11
18.41,1.128925023171045e-11
18.415,1.1214534802911222e-11
18.42,1.11403140665253e-11
18.425,1.1066584745716552e-11
18.43,1.0993343585361878e-11
18.435,1.0920587351910759e-11
18.44,1.0848312833244512e-11
18.445,1.0776516838528993e-11
18.45,1.0705196198076314e-11
18.455000000000002,1.0634347763205855e-11
18.46,1.0563968406102976e-11
18.465,1.0494055019680786e-11
18.47,1.0424604517443645e-11
18.475,1.0355613833350093e-11
18.48,1.0287079921677213e-11
18.485,1.0218999756885607e-11
18.490000000000002,1.0151370333486867e-11
18.495,1.0084188665909564e-11
18.5,1.0017451788365873e-11
18.505,9.951156754723706e-12
18.51,9.88530063837269e-12
18.515,9.81988053209974e-12
18.52,9.754893547953713e-12
18.525000000000002,9.69033681712296e-12
18.53,9.626207489806737e-12
18.535,9.562502735089461e-12
18.54,9.499219740813422e-12
18.545,9.436355713458778e-12
18.55,9.373907878016224e-12
18.555,9.311873477864436e-12
18.56,9.250249774651497e-12
18.565,9.189034048169079e-12
18.57,9.128223596235695e-12
18.575,9.067815734575447e-12
18.580000000000002,9.007807796699848e-12
18.585,8.948197133791003e-12
18.59,8.888981114581266e-12
18.595,8.830157125243645e-12
18.6,8.77172256926417e-12
18.605,8.713674867339887e-12
18.61,8.656011457258447e-12
18.615000000000002,8.598729793783793e-12
18.62,8.541827348548557e-12
18.625,8.485301609934777e-12
18.63,8.429150082971381e-12
18.635,8.373370289217702e-12
18.64,8.317959766655364e-12
18.645,8.262916069580115e-12
18.650000000000002,8.20823676849557e-12
18.655,8.153919450000833e-12
18.66,8.099961716688595e-12
18.665,8.046361187035046e-12
18.67,7.993115495298462e-12
18.675,7.940222291411958e-12
18.68,7.887679240880653e-12
18.685,7.83548402467715e-12
18.69,7.783634339141903e-12
18.695,7.73212789587664e-12
18.7,7.68096242164868e-12
18.705000000000002,7.63013565828655e-12
18.71,7.579645362580332e-12
18.715,7.529489306185655e-12
18.72,7.47966527552016e-12
18.725,7.4301710716708e-12
18.73,7.381004510292435e-12
18.735,7.332163421513837e-12
18.740000000000002,7.283645649841437e-12
18.745,7.235449054060618e-12
18.75,7.187571507149779e-12
18.755,7.140010896173887e-12
18.76,7.092765122200821e-12
18.765,7.045832100205398e-12
18.77,6.999209758975955e-12
18.775000000000002,6.952896041024362e-12
18.78,6.906888902496074e-12
18.785,6.861186313075824e-12
18.79,6.815786255901848e-12
18.795,6.7706867274744206e-12
18.8,6.725885737569297e-12
18.805,6.6813813091470746e-12
18.81,6.637171478268111e-12
18.815,6.59325429400365e-12
18.82,6.549627818352088e-12
18.825,6.506290126150604e-12
18.830000000000002,6.4632393049929755e-12
18.835,6.420473455140955e-12
18.84,6.377990689445148e-12
18.845,6.335789133257708e-12
18.85,6.293866924350665e-12
18.855,6.25222221283498e-12
18.86,6.210853161076815e-12
18.865000000000002,6.169757943617393e-12
18.87,6.1289347470921295e-12
18.875,6.088381770149971e-12
18.88,6.048097223373748e-12
18.885,6.008079329201518e-12
18.89,5.968326321849702e-12
18.895,5.928836447230293e-12
18.900000000000002,5.889607962878809e-12
18.905,5.850639137872755e-12
18.91,5.811928252758876e-12
18.915,5.773473599473173e-12
18.92,5.73527348126909e-12
18.925,5.697326212641477e-12
18.93,5.659630119250557e-12
18.935,5.622183537847332e-12
18.94,5.584984816204319e-12
18.945,5.548032313039511e-12
18.95,5.5113243979432325e-12
18.955000000000002,5.474859451306453e-12
18.96,5.438635864251945e-12
18.965,5.402652038558198e-12
18.97,5.366906386593844e-12
18.975,5.3313973312437626e-12
18.98,5.296123305841626e-12
18.985,5.261082754099138e-12
18.990000000000002,5.226274130038907e-12
18.995,5.191695897923386e-12
19.0,5.157346532190268e-12
19.005,5.123224517383519e-12
19.01,5.089328348084954e-12
19.015,5.0556565288504465e-12
19.02,5.022207574142528e-12
19.025000000000002,4.988980008263792e-12
19.03,4.955972365293347e-12
19.035,4.923183189021325e-12
19.04,4.890611032882901e-12
19.045,4.858254459897794e-12
19.05,4.826112042605628e-12
19.055,4.794182362998788e-12
19.06,4.762464012466556e-12
19.065,4.730955591726845e-12
19.07,4.699655710767922e-12
19.075,4.6685629887858036e-12
19.080000000000002,4.637676054124182e-12
19.085,4.606993544211285e-12
19.09,4.5765141055025785e-12
19.095,4.546236393419059e-12
19.1,4.51615907228894e-12
19.105,4.486280815288011e-12
19.11,4.456600304381292e-12
19.115000000000002,4.427116230265e-12
19.12,4.397827292306199e-12
19.125,4.3687321984902316e-12
19.13,4.339829665359913e-12
19.135,4.3111184179589225e-12
19.14,4.282597189777148e-12
19.145,4.254264722693111e-12
19.150000000000002,4.2261197669208175e-12
19.155,4.198161080949657e-12
19.16,4.170387431496392e-12
19.165,4.1427975934441105e-12
19.17,4.115390349792931e-12
19.175,4.088164491601927e-12
19.18,4.061118817940977e-12
19.185,4.034252135832022e-12
19.19,4.007563260200098e-12
19.195,3.981051013821964e-12
19.2,3.954714227267502e-12
19.205000000000002,3.928551738857113e-12
19.21,3.902562394603193e-12
19.215,3.87674504816212e-12
19.22,3.851098560784833e-12
19.225,3.825621801262941e-12
19.23,3.800313645881375e-12
19.235,3.775172978369797e-12
19.240000000000002,3.7501986898493734e-12
19.245,3.725389678786417e-12
19.25,3.700744850945109e-12
19.255,3.676263119335237e-12
19.26,3.651943404166992e-12
19.265,3.6277846328023346e-12
19.27,3.6037857397091166e-12
19.275000000000002,3.5799456664104893e-12
19.28,3.5562633614428332e-12
19.285,3.5327377803038083e-12
19.29,3.5093678854120717e-12
19.295,3.4861526460570513e-12
19.3,3.4630910383555367e-12
19.305,3.4401820452051966e-12
19.31,3.4174246562408116e-12
19.315,3.394817867788745e-12
19.32,3.3723606828238506e-12
19.325,3.3500521109225975e-12
19.330000000000002,3.32789116822318e-12
19.335,3.305876877379592e-12
19.34,3.2840082675184426e-12
19.345,3.2622843741963026e-12
19.35,3.2407042393592126e-12
19.355,3.2192669112961474e-12
19.36,3.1979714446007756e-12
19.365000000000002,3.176816900128191e-12
19.37,3.1558023449529947e-12
19.375,3.134926852329288e-12
19.38,3.1141895016479395e-12
19.385,3.0935893783982833e-12
19.39,3.0731255741249727e-12
19.395,3.0527971863908458e-12
19.400000000000002,3.032603318733937e-12
19.405,3.0125430806316833e-12
19.41,2.9926155874567096e-12
19.415,2.9728199604419737e-12
19.42,2.9531553266403634e-12
19.425,2.9336208188857223e-12
19.43,2.9142155757551274e-12
19.435,2.8949387415301627e-12
19.44,2.875789466160827e-12
19.445,2.8567669052251747e-12
19.45,2.8378702198953986e-12
19.455000000000002,2.8190985768977542e-12
19.46,2.8004511484767583e-12
19.465,2.78192711236019e-12
19.47,2.7635256517201022e-12
19.475,2.7452459551396467e-12
19.48,2.7270872165736043e-12
19.485,2.7090486353163386e-12
19.490000000000002,2.691129415964553e-12
19.495,2.6733287683824674e-12
19.5,2.6556459076670563e-12
19.505,2.6380800541130575e-12
19.51,2.620630433179581e-12
19.515,2.6032962754537804e-12
19.52,2.5860768166195323e-12
19.525000000000002,2.5689712974207217e-12
19.53,2.551978963631353e-12
19.535,2.535099066018716e-12
19.54,2.5183308603125676e-12
19.545,2.5016736071702914e-12
19.55,2.485126572146923e-12
19.555,2.468689025660482e-12
19.56,2.452360242960673e-12
19.565,2.436139504095609e-12
19.57,2.4200260938822755e-12
19.575,2.4040193018748336e-12
19.580000000000002,2.3881184223290173e-12
19.585,2.372322754176759e-12
19.59,2.356631600991478e-12
19.595,2.3410442709583155e-12
19.6,2.325560076844172e-12
19.605,2.310178335967293e-12
19.61,2.2948983701649267e-12
19.615000000000002,2.2797195057669756e-12
19.62,2.2646410735634294e-12
19.625,2.2496624087766364e-12
19.63,2.234782851028987e-12
19.635,2.2200017443194785e-12
19.64,2.205318436987478e-12
19.645,2.1907322816896217e-12
19.650000000000002,2.176242635368472e-12
19.655,2.161848859225899e-12
19.66,2.1475503186917606e-12
19.665,2.133346383399189e-12
19.67,2.1192364271566575e-12
19.675,2.10521982791644e-12
19.68,2.0912959677528435e-12
19.685,2.0774642328296392e-12
19.69,2.063724013376094e-12
19.695,2.0500747036588746e-12
19.7,2.036515701956199e-12
19.705000000000002,2.023046410531375e-12
19.71,2.00966623560324e-12
19.715,1.9963745873248705e-12
19.72,1.9831708797534552e-12
19.725,1.970054530827751e-12
19.73,1.9570249623389414e-12
19.735,1.9440815999084504e-12
19.740000000000002,1.93122387295838e-12
19.745,1.9184512146929043e-12
19.75,1.905763062065847e-12
19.755,1.893158855760684e-12
19.76,1.8806380401636403e-12
19.765,1.868200063340467e-12
19.77,1.855844377012053e-12
19.775000000000002,1.8435704365276482e-12
19.78,1.83137770084576e-12
19.785,1.8192656325047052e-12
19.79,1.8072336976032166e-12
19.795,1.7952813657737678e-12
19.8,1.7834081101618618e-12
19.805,1.7716134074008505e-12
19.81,1.7598967375889782e-12
19.815,1.7482575842676808e-12
19.82,1.7366954343978526e-12
19.825,1.725209778336813e-12
19.830000000000002,1.7138001098161948e-12
19.835,1.7024659259210109e-12
19.84,1.6912067270644854e-12
19.845,1.680022016969566e-12
19.85,1.6689113026432568e-12
19.855,1.6578740943570084e-12
19.86,1.6469099056264624e-12
19.865000000000002,1.6360182531856047e-12
19.87,1.6251986569702861e-12
19.875,1.6144506400938882e-12
19.88,1.603773728828423e-12
19.885,1.5931674525808046e-12
19.89,1.5826313438745998e-12
19.895,1.5721649383277641e-12
19.900000000000002,1.5617677746341122e-12
19.905,1.551439394541074e-12
19.91,1.5411793428298162e-12
19.915,1.5309871672963616e-12
19.92,1.5208624187284214e-12
19.925,1.5108046508918211e-12
19.93,1.5008134205024723e-12
19.935,1.4908882872138484e-12
19.94,1.4810288135942181e-12
19.945,1.471234565108114e-12
19.95,1.4615051100968579e-12
19.955000000000002,1.451840019758639e-12
19.96,1.4422388681321735e-12
19.965,1.4327012320763575e-12
19.97,1.4232266912498843e-12
19.975,1.4138148280957008e-12
19.98,1.404465227820123e-12
19.985,1.3951774783781035e-12
19.990000000000002,1.3859511704498465e-12
19.995,1.3767858974259485e-12
20.0,1.3676812553898479e-12
20.005,1.3586368430994097e-12
20.01,1.349652261968031e-12
20.015,1.3407271160470014e-12
20.02,1.3318610120118745e-12
20.025000000000002,1.3230535591387507e-12
20.03,1.3143043692935514e-12
20.035,1.3056130569095502e-12
20.04,1.2969792389738906e-12
20.045,1.288402535007828e-12
20.05,1.2798825670544034e-12
20.055,1.2714189596558134e-12
20.06,1.263011339841166e-12
20.065,1.2546593371099476e-12
20.07,1.2463625834108204e-12
20.075,1.2381207131337564e-12
20.080000000000002,1.22993336308567e-12
20.085,1.2218001724791503e-12
20.09,1.2137207829151566e-12
20.095,1.2056948383669665e-12
20.1,1.1977219851655438e-12
20.105,1.1898018719823945e-12
20.11,1.18193414981573e-12
20.115000000000002,1.1741184719732405e-12
20.12,1.1663544940578953e-12
20.125,1.1586418739529463e-12
20.13,1.150980271805895e-12
20.135,1.1433693500160475e-12
20.14,1.1358087732138427e-12
20.145,1.1282982082541364e-12
20.150000000000002,1.1208373241937327e-12
20.155,1.1134257922820883e-12
20.16,1.1060632859446465e-12
20.165,1.0987494807682732e-12
20.17,1.091484054487593e-12
20.175,1.0842666869705952e-12
20.18,1.077097060205669e-12
20.185,1.0699748582846156e-12
20.19,1.0628997673909412e-12
20.195,1.0558714757859083e-12
20.2,1.048889673793688e-12
20.205000000000002,1.0419540537899319e-12
20.21,1.03506431018553e-12
20.215,1.0282201394141379e-12
20.22,1.0214212399190915e-12
20.225,1.014667312140531e-12
20.23,1.0079580585010783e-12
20.235,1.0012931833938513e-12
20.240000000000002,9.946723931666798e-13
20.245,9.88095396113446e-13
20.25,9.815619024587336e-13
20.255,9.75071624344754e-13
20.26,9.68624275818468e-13
20.265,9.622195728215042e-13
20.27,9.55857233174306e-13
20.275000000000002,9.49536976565877e-13
20.28,9.432585245408186e-13
20.285,9.370216004855446e-13
20.29,9.30825929620444e-13
20.295,9.246712389815088e-13
20.3,9.185572574139591e-13
20.305,9.12483715556491e-13
20.31,9.064503458314253e-13
20.315,9.004568824316355e-13
20.32,8.945030613109543e-13
20.325,8.885886201688993e-13
20.330000000000002,8.827132984430379e-13
20.335,8.768768372943867e-13
20.34,8.710789795978878e-13
20.345,8.653194699306067e-13
20.35,8.595980545600864e-13
20.355,8.539144814325389e-13
20.36,8.482685001649999e-13
20.365000000000002,8.42659862028474e-13
20.37,8.370883199431304e-13
20.375,8.315536284626247e-13
20.38,8.260555437666338e-13
20.385,8.205938236477043e-13
20.39,8.15168227502524e-13
20.395,8.097785163197433e-13
20.400000000000002,8.044244526697309e-13
20.405,7.991058006954735e-13
20.41,7.938223260993538e-13
20.415,7.885737961361506e-13
20.42,7.833599796006501e-13
20.425,7.781806468179863e-13
20.43,7.730355696328025e-13
20.435,7.679245214011396e-13
20.44,7.628472769778821e-13
20.445,7.578036127092626e-13
20.45,7.527933064212934e-13
20.455000000000002,7.47816137409732e-13
20.46,7.428718864329093e-13
20.465,7.379603356984728e-13
20.47,7.330812688564428e-13
20.475,7.282344709900432e-13
20.48,7.234197286020818e-13
20.485,7.186368296098379e-13
20.490000000000002,7.138855633351022e-13
20.495,7.091657204936162e-13
20.5,7.044770931859341e-13
20.505,6.998194748882946e-13
20.51,6.951926604454882e-13
20.515,6.905964460572807e-13
20.52,6.860306292750097e-13
20.525000000000002,6.814950089890592e-13
20.53,6.769893854206315e-13
20.535,6.725135601125019e-13
20.54,6.680673359218475e-13
20.545,6.636505170112367e-13
20.55,6.592629088382676e-13
20.555,6.549043181477994e-13
20.56,6.505745529646188e-13
20.565,6.462734225843773e-13
20.57,6.420007375634246e-13
20.575,6.377563097135532e-13
20.580000000000002,6.335399520910989e-13
20.585,6.293514789891771e-13
20.59,6.251907059313666e-13
20.595,6.210574496612546e-13
20.6,6.169515281355787e-13
20.605,6.12872760515347e-13
20.61,6.088209671593371e-13
20.615000000000002,6.047959696138737e-13
20.62,6.00797590607419e-13
20.625,5.968256540417024e-13
20.63,5.928799849836587e-13
20.635,5.889604096573813e-13
20.64,5.850667554376842e-13
20.645,5.811988508419786e-13
20.650000000000002,5.773565255214387e-13
20.655,5.735396102558982e-13
20.66,5.697479369446634e-13
20.665,5.65981338599509e-13
20.67,5.622396493370024e-13
20.675,5.585227043723563e-13
20.68,5.548303400102313e-13
20.685,5.511623936392805e-13
20.69,5.475187037245265e-13
20.695,5.43899109799394e-13
20.7,5.403034524599035e-13
20.705000000000002,5.367315733562583e-13
20.71,5.33183315187467e-13
20.715,5.296585216922678e-13
20.72,5.261570376453384e-13
20.725,5.226787088462761e-13
20.73,5.19223382117631e-13
20.735,5.157909052943722e-13
20.740000000000002,5.123811272176864e-13
20.745,5.089938977310377e-13
20.75,5.056290676692106e-13
20.755,5.022864888564688e-13
20.76,4.989660140962015e-13
20.765,4.956674971657934e-13
20.77,4.923907928116465e-13
20.775000000000002,4.891357567399762e-13
20.78,4.859022456126036e-13
20.785,4.826901170395408e-13
20.79,4.794992295737886e-13
20.795,4.763294427029012e-13
20.8,4.731806168464386e-13
20.805,4.700526133454627e-13
20.81,4.669452944598999e-13
20.815,4.63858523360306e-13
20.82,4.607921641244086e-13
20.825,4.577460817274161e-13
20.830000000000002,4.547201420390549e-13
20.835,4.5171421181626753e-13
20.84,4.4872815869827573e-13
20.845,4.4576185119958276e-13
20.85,4.428151587047594e-13
20.855,4.3988795146348156e-13
20.86,4.369801005830926e-13
20.865000000000002,4.34091478024664e-13
20.87,4.312219565956351e-13
20.875,4.283714099456063e-13
20.88,4.25539712561308e-13
20.885,4.227267397579639e-13
20.89,4.1993236767691346e-13
20.895,4.171564732796109e-13
20.900000000000002,4.14398934340824e-13
20.905,4.11659629444321e-13
20.91,4.089384379778931e-13
20.915,4.0623524012674896e-13
20.92,4.035499168691162e-13
20.925,4.0088234997006337e-13
20.93,3.9823242197913357e-13
20.935,3.9560001622064396e-13
20.94,3.929850167920746e-13
20.945,3.903873085590589e-13
20.95,3.8780677714569994e-13
20.955000000000002,3.85243308936833e-13
20.96,3.8269679106652834e-13
20.965,3.8016711141632063e-13
20.97,3.776541586100437e-13
20.975,3.75157822007914e-13
20.98,3.7267799170279133e-13
20.985,3.7021455851384384e-13
20.990000000000002,3.6776741398416405e-13
20.995,3.653364503734859e-13
21.0,3.6292156065397347e-13
21.005,3.6052263850771406e-13
21.01,3.5813957831812394e-13
21.015,3.5577227516835484e-13
21.02,3.534206248375389e-13
21.025000000000002,3.5108452379112536e-13
21.03,3.4876386918248024e-13
21.035,3.464585588431254e-13
21.04,3.4416849128292643e-13
21.045,3.418935656817072e-13
21.05,3.3963368188642995e-13
21.055,3.37388740407961e-13
21.06,3.3515864241345877e-13
21.065,3.3294328972621144e-13
21.07,3.3074258481735885e-13
21.075,3.2855643080411014e-13
21.080000000000002,3.2638473144483115e-13
21.085,3.2422739113493815e-13
21.09,3.2208431490081786e-13
21.095,3.1995540839928317e-13
21.1,3.1784057791055814e-13
21.105,3.157397303342168e-13
21.11,3.1365277318705715e-13
21.115000000000002,3.1157961459718245e-13
21.12,3.0952016329984283e-13
21.125,3.074743286357936e-13
21.13,3.054420205444858e-13
21.135,3.034231495614373e-13
21.14,3.0141762681417383e-13
21.145,2.9942536401781227e-13
21.150000000000002,2.9744627347234956e-13
21.155,2.9548026805782337e-13
21.16,2.9352726122966717e-13
21.165,2.915871670179817e-13
21.17,2.896599000199114e-13
21.175,2.8774537539791575e-13
21.18,2.8584350887627676e-13
21.185,2.839542167368265e-13
21.19,2.820774158147755e-13
21.195,2.8021302349584946e-13
21.2,2.783609577123503e-13
21.205000000000002,2.765211369400639e-13
21.21,2.746934801929537e-13
21.215,2.7287790702256937e-13
21.22,2.7107433751012676e-13
21.225,2.6928269226864244e-13
21.23,2.6750289243365795e-13
21.235,2.657348596643753e-13
21.240000000000002,2.6397851613720035e-13
21.245,2.62233784544366e-13
21.25,2.6050058808804195e-13
21.255,2.5877885048111107e-13
21.26,2.570684959376225e-13
21.265,2.5536944917622003e-13
21.27,2.536816354113881e-13
21.275000000000002,2.520049803543367e-13
21.28,2.5033941020585454e-13
21.285,2.486848516562259e-13
21.29,2.4704123188061756e-13
21.295,2.4540847853478705e-13
21.3,2.4378651975464693e-13
21.305,2.421752841520508e-13
21.31,2.405747008082028e-13
21.315,2.38984699275845e-13
21.32,2.374052095741412e-13
21.325,2.358361621829771e-13
21.330000000000002,2.342774880452568e-13
21.335,2.3272911855762866e-13
21.34,2.311909855726814e-13
21.345,2.2966302139262464e-13
21.35,2.281451587685204e-13
21.355,2.26637330895986e-13
21.36,2.251394714123488e-13
21.365000000000002,2.2365151439343503e-13
21.37,2.2217339435323594e-13
21.375,2.2070504623595402e-13
21.38,2.1924640541945825e-13
21.385,2.1779740770635906e-13
21.39,2.1635798932518972e-13
21.395,2.1492808692677629e-13
21.400000000000002,2.1350763758050492e-13
21.405,2.1209657877134206e-13
21.41,2.1069484839934582e-13
21.415,2.0930238477374775e-13
21.42,2.0791912661392546e-13
21.425,2.0654501304236216e-13
21.43,2.0517998358667522e-13
21.435,2.0382397817201652e-13
21.44,2.0247693712239787e-13
21.445,2.0113880115680255e-13
21.45,1.9980951138568122e-13
21.455000000000002,1.9848900930916397e-13
21.46,1.9717723681528107e-13
21.465,1.958741361753625e-13
21.47,1.9457965004264836e-13
21.475,1.932937214500724e-13
21.48,1.9201629380862946e-13
21.485,1.9074731090078382e-13
21.490000000000002,1.894867168837981e-13
21.495,1.8823445628241561e-13
21.5,1.8699047399055815e-13
21.505,1.8575471526345446e-13
21.51,1.8452712572109503e-13
21.515,1.8330765134177668e-13
21.52,1.820962384622324e-13
21.525000000000002,1.8089283377346983e-13
21.53,1.7969738431917744e-13
21.535,1.785098374941069e-13
21.54,1.7733014103931393e-13
21.545,1.7615824304354156e-13
21.55,1.7499409193823968e-13
21.555,1.7383763649483302e-13
21.56,1.7268882582488625e-13
21.565,1.7154760937682356e-13
21.57,1.704139369312783e-13
21.575,1.692877586045598e-13
21.580000000000002,1.6816902483958126e-13
21.585,1.6705768641023723e-13
21.59,1.6595369441282e-13
21.595,1.6485700026924467e-13
21.6,1.637675557219723e-13
21.605,1.6268531283338482e-13
21.61,1.6161022398218216e-13
21.615000000000002,1.6054224186206615e-13
21.62,1.5948131948000983e-13
21.625,1.584274101542908e-13
21.63,1.5738046751116413e-13
21.635,1.5634044548369753e-13
21.64,1.5530729830976555e-13
21.645,1.5428098053097672e-13
21.650000000000002,1.5326144698767996e-13
21.655,1.5224865282067646e-13
21.66,1.5124255346614377e-13
21.665,1.5024310465619138e-13
21.67,1.4925026241571802e-13
21.675,1.4826398305872658e-13
21.68,1.4728422319064358e-13
21.685,1.463109397025276e-13
21.69,1.4534408977039303e-13
21.695,1.4438363085411124e-13
21.7,1.4342952069512102e-13
21.705000000000002,1.4248171731326548e-13
21.71,1.415401790078288e-13
21.715,1.4060486435258347e-13
21.72,1.3967573219509593e-13
21.725,1.3875274165618967e-13
21.73,1.3783585212660222e-13
21.735,1.3692502326521157e-13
21.740000000000002,1.3602021499919476e-13
21.745,1.351213875177873e-13
21.75,1.3422850127813003e-13
21.755,1.333415169945689e-13
21.76,1.3246039564317913e-13
21.765,1.315850984584997e-13
21.77,1.307155869305539e-13
21.775000000000002,1.2985182280456927e-13
21.78,1.2899376807881386e-13
21.785,1.2814138500305484e-13
21.79,1.2729463607670965e-13
21.795,1.2645348404594956e-13
21.8,1.2561789190530165e-13
21.805,1.2478782289311643e-13
21.81,1.239632404906351e-13
21.815,1.2314410842132406e-13
21.82,1.2233039064825125e-13
21.825,1.215220513728934e-13
21.830000000000002,1.2071905503262341e-13
21.835,1.1992136630217402e-13
21.84,1.191289500876343e-13
21.845,1.1834177152810726e-13
21.85,1.1755979599350147e-13
21.855,1.1678298908271003e-13
21.86,1.1601131662223257e-13
21.865000000000002,1.1524474466389867e-13
21.87,1.1448323948460605e-13
21.875,1.137267675848862e-13
21.88,1.1297529568521206e-13
21.885,1.1222879072728966e-13
21.89,1.1148721987238352e-13
21.895,1.1075055049691614e-13
21.900000000000002,1.1001875019423161e-13
21.905,1.0929178677211249e-13
21.91,1.0856962825064774e-13
21.915,1.0785224286164277e-13
21.92,1.0713959904741151e-13
21.925,1.064316654583118e-13
21.93,1.0572841095303347e-13
21.935,1.0502980459511671e-13
21.94,1.0433581565370483e-13
21.945,1.0364641360017335e-13
21.95,1.0296156810826358e-13
21.955000000000002,1.0228124905286208e-13
21.96,1.0160542650757404e-13
21.965,1.0093407074366297e-13
21.97,1.0026715222813929e-13
21.975,9.96046416270365e-14
21.98,9.894650979560833e-14
21.985,9.82927277850205e-14
21.990000000000002,9.764326683712627e-14
21.995,9.699809838283654e-14
22.0,9.635719404366464e-14
22.005,9.572052562819207e-14
22.01,9.508806513108321e-14
22.015,9.445978473265594e-14
22.02,9.383565679706337e-14
22.025000000000002,9.321565387086565e-14
22.03,9.259974868283786e-14
22.035,9.198791414184621e-14
22.04,9.13801233354697e-14
22.045,9.07763495302264e-14
22.05,9.017656616886378e-14
22.055,8.958074686915041e-14
22.06,8.898886542473539e-14
22.065,8.840089580152599e-14
22.07,8.781681213725141e-14
22.075,8.723658874183775e-14
22.080000000000002,8.666020009510329e-14
22.085,8.608762084433998e-14
22.09,8.551882580589513e-14
22.095,8.49537899607421e-14
22.1,8.439248845886061e-14
22.105,8.383489661015673e-14
22.11,8.328098989147562e-14
22.115000000000002,8.273074393956029e-14
22.12,8.218413455318413e-14
22.125,8.164113769042563e-14
22.13,8.11017294703267e-14
22.135,8.056588616747814e-14
22.14,8.003358421523518e-14
22.145,7.950480020075495e-14
22.150000000000002,7.897951086881056e-14
22.155,7.845769311483665e-14
22.16,7.793932398984523e-14
22.165,7.74243806940496e-14
22.17,7.691284058070437e-14
22.175,7.640468115180402e-14
22.18,7.589988005822843e-14
22.185,7.539841509802665e-14
22.19,7.490026421726621e-14
22.195,7.440540550760259e-14
22.2,7.391381720446354e-14
22.205000000000002,7.342547768755913e-14
22.21,7.29403654810893e-14
22.215,7.245845924990542e-14
22.22,7.197973779968836e-14
22.225,7.150418007714073e-14
22.23,7.103176516824832e-14
22.235,7.056247229656229e-14
22.240000000000002,7.009628082286129e-14
22.245,6.963317024491709e-14
22.25,6.917312019698429e-14
22.255,6.871611044577217e-14
22.26,6.826212089411959e-14
22.265,6.781113157585476e-14
22.27,6.73631226583706e-14
22.275000000000002,6.69180744397065e-14
22.28,6.647596734740248e-14
22.285,6.603678193959615e-14
22.29,6.560049890155353e-14
22.295,6.516709904787015e-14
22.3,6.47365633196433e-14
22.305,6.430887278234945e-14
22.31,6.388400862872851e-14
22.315,6.346195217511289e-14
22.32,6.304268486163143e-14
22.325,6.262618825018581e-14
22.330000000000002,6.22124440254672e-14
22.335,6.180143399420338e-14
22.34,6.139314008047695e-14
22.345,6.098754433106123e-14
22.35,6.058462890978141e-14
22.355,6.018437609914924e-14
22.36,5.97867682972243e-14
22.365000000000002,5.93917880214002e-14
22.37,5.899941790159458e-14
22.375,5.860964068447483e-14
22.38,5.822243922922079e-14
22.385,5.783779651247969e-14
22.39,5.745569561652007e-14
22.395,5.707611974123336e-14
22.400000000000002,5.6699052195688964e-14
22.405,5.63244763986743e-14
22.41,5.5952375880127536e-14
22.415,5.558273427770432e-14
22.42,5.521553533763458e-14
22.425,5.485076291264564e-14
22.43,5.448840096426197e-14
22.435,5.412843355875182e-14
22.44,5.377084486794794e-14
22.445,5.341561916853025e-14
22.45,5.306274083993954e-14
22.455000000000002,5.2712194366614895e-14
22.46,5.236396433527803e-14
22.465,5.2018035433126525e-14
22.47,5.167439245076219e-14
22.475,5.1333020277515946e-14
22.48,5.099390390341642e-14
22.485,5.065702841824241e-14
22.490000000000002,5.032237900900333e-14
22.495,4.9989940962158e-14
22.5,4.9659699660412537e-14
22.505,4.933164058304357e-14
22.51,4.900574930644256e-14
22.515,4.868201150142253e-14
22.52,4.836041293376259e-14
22.525000000000002,4.8040939463442924e-14
22.53,4.77235770439385e-14
22.535,4.740831172150752e-14
22.54,4.7095129634147765e-14
22.545,4.678401701310549e-14
22.55,4.6474960178607745e-14
22.555,4.6167945543105563e-14
22.56,4.586295960749579e-14
22.565,4.555998896327069e-14
22.57,4.525902028922086e-14
22.575,4.4960040353363e-14
22.580000000000002,4.4663036010490227e-14
22.585,4.4367994202298765e-14
22.59,4.407490195753904e-14
22.595,4.378374638966419e-14
22.6,4.349451469815907e-14
22.605,4.320719416697837e-14
22.61,4.2921772163940276e-14
22.615000000000002,4.2638236140727873e-14
22.62,4.2356573631323326e-14
22.625,4.2076772252776154e-14
22.63,4.1798819703994366e-14
22.635,4.1522703764557144e-14
22.64,4.124841229585944e-14
22.645,4.097593323845088e-14
22.650000000000002,4.0705254613585144e-14
22.655,4.043636452088156e-14
22.66,4.0169251139416325e-14
22.665,3.9903902725763244e-14
22.67,3.964030761477985e-14
22.675,3.937845421768697e-14
22.68,3.9118331022868174e-14
22.685,3.8859926594527765e-14
22.69,3.8603229572979835e-14
22.695,3.834822867303444e-14
22.7,3.809491268465738e-14
22.705000000000002,3.78432704710704e-14
22.71,3.759329096996646e-14
22.715,3.734496319219969e-14
22.72,3.7098276220752686e-14
22.725,3.685321921052537e-14
22.73,3.660978138965425e-14
22.735,3.636795205553609e-14
22.740000000000002,3.612772057744611e-14
22.745,3.588907639497523e-14
22.75,3.5652009016883216e-14
22.755,3.5416508022158844e-14
22.76,3.5182563057855085e-14
22.765,3.495016384018689e-14
22.77,3.4719300152487055e-14
22.775000000000002,3.4489961846669264e-14
22.78,3.426213884110893e-14
22.785,3.4035821120654414e-14
22.79,3.3810998736673736e-14
22.795,3.358766180670679e-14
22.8,3.336580051279646e-14
22.805,3.3145405102589155e-14
22.81,3.292646588753514e-14
22.815,3.27089732441532e-14
22.82,3.249291761120467e-14
22.825,3.2278289492154947e-14
22.830000000000002,3.2065079451893105e-14
22.835,3.185327811886017e-14
22.84,3.164287618237016e-14
22.845,3.1433864394008794e-14
22.85,3.1226233566467813e-14
22.855,3.1019974572673595e-14
22.86,3.081507834665616e-14
22.865000000000002,3.0611535881393144e-14
22.87,3.040933823076906e-14
22.875,3.0208476506477657e-14
22.88,3.000894187949141e-14
22.885,2.9810725579191676e-14
22.89,2.961381889283023e-14
22.895,2.941821316593097e-14
22.900000000000002,2.9223899799733206e-14
22.905,2.903087025410084e-14
22.91,2.883911604403006e-14
22.915,2.864862874107526e-14
22.92,2.845939997275234e-14
22.925,2.8271421421285252e-14
22.93,2.80846848245461e-14
22.935,2.7899181974627253e-14
22.94,2.771490471818619e-14
22.945,2.7531844955313693e-14
22.95,2.7349994640471186e-14
22.955000000000002,2.7169345780035657e-14
22.96,2.6989890434247315e-14
22.965,2.6811620716042307e-14
22.97,2.663452878923828e-14
22.975,2.6458606870752966e-14
22.98,2.628384722833353e-14
22.985,2.6110242180540123e-14
22.990000000000002,2.593778409780222e-14
22.995,2.5766465399765603e-14
23.0,2.559627855657976e-14
23.005,2.5427216088809678e-14
23.01,2.5259270565698703e-14
23.015,2.509243460583396e-14
23.02,2.4926700876474923e-14
23.025000000000002,2.4762062093747316e-14
23.03,2.4598511021731556e-14
23.035,2.44360404721333e-14
23.04,2.4274643304402984e-14
23.045,2.4114312425146558e-14
23.05,2.395504078764641e-14
23.055,2.3796821392149608e-14
23.06,2.3639647285123312e-14
23.065,2.3483511558662644e-14
23.07,2.3328407350831596e-14
23.075,2.317432784458197e-14
23.080000000000002,2.3021266268760207e-14
23.085,2.286921589656787e-14
23.09,2.271817004536505e-14
23.095,2.2568122076811263e-14
23.1,2.2419065397014624e-14
23.105,2.2270993454678035e-14
23.11,2.212389974273518e-14
23.115000000000002,2.1977777796778782e-14
23.12,2.1832621194859872e-14
23.125,2.1688423558021408e-14
23.13,2.154517854891315e-14
23.135,2.140287987228075e-14
23.14,2.1261521275018706e-14
23.145,2.112109654449502e-14
23.150000000000002,2.098159950958465e-14
23.155,2.0843024040116822e-14
23.16,2.070536404618795e-14
23.165,2.05686134778711e-14
23.17,2.0432766325728766e-14
23.175,2.029781662005857e-14
23.18,2.0163758430128265e-14
23.185,2.0030585864976263e-14
23.19,1.9898293072340824e-14
23.195,1.976687423822775e-14
23.2,1.9636323587808326e-14
23.205000000000002,1.9506635383605274e-14
23.21,1.9377803927494623e-14
23.215,1.92498235570579e-14
23.22,1.912268864876869e-14
23.225,1.8996393615917664e-14
23.23,1.8870932908462353e-14
23.235,1.8746301013129948e-14
23.240000000000002,1.8622492453165902e-14
23.245,1.849950178830158e-14
23.25,1.8377323613554548e-14
23.255,1.825595256013248e-14
23.26,1.8135383294853128e-14
23.265,1.8015610519370322e-14
23.27,1.7896628970595562e-14
23.275000000000002,1.7778433420590108e-14
23.28,1.7661018675023717e-14
23.285,1.7544379574499687e-14
23.29,1.7428510994170155e-14
23.295,1.731340784227489e-14
23.3,1.719906506082709e-14
23.305,1.7085477625798516e-14
23.31,1.6972640545943155e-14
23.315,1.686054886285422e-14
23.32,1.674919765134884e-14
23.325,1.6638582018488772e-14
23.330000000000002,1.6528697104013227e-14
23.335,1.641953807894055e-14
23.34,1.6311100147272445e-14
23.345,1.6203378544339303e-14
23.35,1.6096368536821124e-14
23.355,1.599006542215573e-14
23.36,1.5884464530045846e-14
23.365000000000002,1.5779561220259308e-14
23.37,1.5675350883706555e-14
23.375,1.557182894132853e-14
23.38,1.546899084407461e-14
23.385,1.5366832073858277e-14
23.39,1.5265348141790284e-14
23.395,1.5164534588662118e-14
23.400000000000002,1.5064386985386573e-14
23.405,1.496490093113581e-14
23.41,1.4866072055438564e-14
23.415,1.47678960149622e-14
23.42,1.4670368496794712e-14
23.425,1.457348521575839e-14
23.43,1.447724191501603e-14
23.435,1.4381634365814413e-14
23.44,1.428665836741897e-14
23.445,1.419230974722281e-14
23.45,1.4098584359465186e-14
23.455000000000002,1.4005478086610779e-14
23.46,1.3912986837528765e-14
23.465,1.3821106548625901e-14
23.47,1.3729833183092242e-14
23.475,1.3639162730900499e-14
23.48,1.3549091207987345e-14
23.485,1.3459614657734142e-14
23.490000000000002,1.3370729148044215e-14
23.495,1.328243077459481e-14
23.5,1.3194715657268681e-14
23.505,1.3107579942950642e-14
23.51,1.3021019803214645e-14
23.515,1.2935031434547559e-14
23.52,1.2849611059963289e-14
23.525000000000002,1.2764754925857133e-14
23.53,1.2680459304708055e-14
23.535,1.2596720492376183e-14
23.54,1.2513534810615666e-14
23.545,1.2430898604397364e-14
23.55,1.2348808243783898e-14
23.555,1.2267260121664506e-14
23.56,1.2186250655461429e-14
23.565,1.2105776286845194e-14
23.57,1.2025833479498653e-14
23.575,1.1946418721617703e-14
23.580000000000002,1.1867528524250333e-14
23.585,1.1789159422150975e-14
23.59,1.1711307971856159e-14
23.595,1.1633970753427309e-14
23.6,1.1557144368954882e-14
23.605,1.1480825443900674e-14
23.61,1.1405010624931101e-14
23.615000000000002,1.1329696581838619e-14
23.62,1.125488000577739e-14
23.625,1.11805576100318e-14
23.63,1.110672612919967e-14
23.635,1.1033382320362496e-14
23.64,1.0960522961422047e-14
23.645,1.0888144851522892e-14
23.650000000000002,1.0816244811116039e-14
23.655,1.0744819681598147e-14
23.66,1.0673866325238787e-14
23.665,1.060338162523861e-14
23.67,1.0533362485088668e-14
23.675,1.0463805828883825e-14
23.68,1.039470860124027e-14
23.685,1.032606776643863e-14
23.69,1.0257880309529347e-14
23.695,1.019014323522926e-14
23.7,1.0122853567469536e-14
23.705000000000002,1.0056008350698985e-14
23.71,9.989604648383662e-15
23.715,9.923639543548435e-15
23.72,9.85811013854084e-15
23.725,9.793013554759433e-15
23.73,9.728346932786635e-15
23.735,9.664107431511475e-15
23.740000000000002,9.600292229986098e-15
23.745,9.536898523956194e-15
23.75,9.473923529487517e-15
23.755,9.411364480231598e-15
23.76,9.34921862747253e-15
23.765,9.287483242222858e-15
23.77,9.226155612326404e-15
23.775000000000002,9.165233043911638e-15
23.78,9.104712860595127e-15
23.785,9.044592404764419e-15
23.79,8.984869034619619e-15
23.795,8.925540127697781e-15
23.8,8.866603077165462e-15
23.805,8.808055294857402e-15
23.81,8.74989420859197e-15
23.815,8.692117263682683e-15
23.82,8.634721922523221e-15
23.825,8.57770566397751e-15
23.830000000000002,8.521065983655654e-15
23.835,8.46480039388063e-15
23.84,8.408906422929151e-15
23.845,8.353381615473223e-15
23.85,8.298223533181707e-15
23.855,8.24342975314158e-15
23.86,8.188997868892248e-15
23.865000000000002,8.134925489117595e-15
23.87,8.081210239002044e-15
23.875,8.027849759229266e-15
23.88,7.974841706007729e-15
23.885,7.922183751076714e-15
23.89,7.86987358173809e-15
23.895,7.817908900400178e-15
23.900000000000002,7.766287424304168e-15
23.905,7.715006886611679e-15
23.91,7.664065034409766e-15
23.915,7.613459630533078e-15
23.92,7.563188452648591e-15
23.925,7.513249292347954e-15
23.93,7.463639956649178e-15
23.935000000000002,7.414358266004255e-15
23.94,7.365402056570076e-15
23.945,7.316769177667173e-15
23.95,7.26845749350848e-15
23.955000000000002,7.220464882423128e-15
23.96,7.172789236264567e-15
23.965,7.125428461129077e-15
23.97,7.078380477259131e-15
23.975,7.0316432178236134e-15
23.98,6.985214630722829e-15
23.985,6.939092676195727e-15
23.990000000000002,6.893275328970232e-15
23.995,6.847760576775882e-15
24.0,6.8025464205792644e-15
24.005,6.757630874535909e-15
24.01,6.713011966209064e-15
24.015,6.668687735993157e-15
24.02,6.624656237035612e-15
24.025000000000002,6.580915535795076e-15
24.03,6.5374637109614405e-15
24.035,6.4942988543156845e-15
24.04,6.451419070222591e-15
24.045,6.408822475796089e-15
24.05,6.366507199715277e-15
24.055,6.324471383820211e-15
24.060000000000002,6.2827131823073725e-15
24.065,6.241230761117396e-15
24.07,6.200022298141556e-15
24.075,6.1590859840283454e-15
24.080000000000002,6.118420020741798e-15
24.085,6.07802262269292e-15
24.09,6.037892015405617e-15
24.095,5.998026437065936e-15
24.1,5.958424136352335e-15
24.105,5.919083374287839e-15
24.11,5.880002423206923e-15
24.115000000000002,5.841179567080372e-15
24.12,5.802613100663898e-15
24.125,5.764301330011223e-15
24.13,5.726242573491038e-15
24.135,5.688435159221455e-15
24.14,5.650877426961149e-15
24.145,5.6135677273420245e-15
24.150000000000002,5.5765044222677706e-15
24.155,5.539685883680295e-15
24.16,5.503110494794642e-15
24.165,5.466776649980396e-15
24.17,5.430682752785598e-15
24.175,5.394827218836381e-15
24.18,5.359208473415668e-15
24.185000000000002,5.323824952245795e-15
24.19,5.288675102114491e-15
24.195,5.253757378647272e-15
24.2,5.219070249022193e-15
24.205000000000002,5.184612190030779e-15
24.21,5.1503816881282236e-15
24.215,5.116377240677966e-15
24.22,5.0825973541365624e-15
24.225,5.0490405452899415e-15
24.23,5.015705340338369e-15
24.235,4.982590276063064e-15
24.240000000000002,4.9496938976896965e-15
24.245,4.9170147611949544e-15
24.25,4.884551431323592e-15
24.255,4.852302482321058e-15
24.26,4.820266498545963e-15
24.265,4.788442073083014e-15
24.27,4.7568278085523085e-15
24.275000000000002,4.725422316744169e-15
24.28,4.694224218589942e-15
24.285,4.663232143948707e-15
24.29,4.632444732644555e-15
24.295,4.601860631840276e-15
24.3,4.57147849942812e-15
24.305,4.541297000955108e-15
24.310000000000002,4.511314811177107e-15
24.315,4.481530613475961e-15
24.32,4.4519431003567305e-15
24.325,4.42255097261032e-15
24.330000000000002,4.393352939389113e-15
24.335,4.364347718825909e-15
24.34,4.335534037346424e-15
24.345,4.306910629730602e-15
24.35,4.278476239221777e-15
24.355,4.250229617392195e-15
24.36,4.222169523946381e-15
24.365000000000002,4.194294726524224e-15
24.37,4.166604001408996e-15
24.375,4.139096133103746e-15
24.38,4.111769913261162e-15
24.385,4.084624142479263e-15
24.39,4.057657628608259e-15
24.395,4.0308691875566344e-15
24.400000000000002,4.004257643816767e-15
24.405,3.9778218280471355e-15
24.41,3.951560579947121e-15
24.415,3.925472746427649e-15
24.42,3.8995571822529926e-15
24.425,3.873812749319179e-15
24.43,3.848238317420117e-15
24.435000000000002,3.8228327637242985e-15
24.44,3.7975949726750574e-15
24.445,3.772523836516914e-15
24.45,3.74761825395071e-15
24.455000000000002,3.722877131715086e-15
24.46,3.69829938360302e-15
24.465,3.673883930631662e-15
24.47,3.649629700911174e-15
24.475,3.6255356288599344e-15
24.48,3.601600657806939e-15
24.485,3.577823735946397e-15
24.490000000000002,3.5542038199364235e-15
24.495,3.53073987243268e-15
24.5,3.5074308631425597e-15
24.505,3.4842757690257346e-15
24.51,3.461273573509542e-15
24.515,3.438423266839989e-15
24.52,3.4157238450761226e-15
24.525000000000002,3.3931743125489858e-15
24.53,3.370773678884075e-15
24.535,3.348520960755858e-15
24.54,3.3264151807485862e-15
24.545,3.3044553687989045e-15
24.55,3.282640560843841e-15
24.555,3.2609697989126592e-15
24.560000000000002,3.2394421317372236e-15
24.565,3.2180566141773544e-15
24.57,3.1968123076137012e-15
24.575,3.1757082789100688e-15
24.580000000000002,3.1547436021923693e-15
24.585,3.133917356537479e-15
24.59,3.1132286278756084e-15
24.595,3.092676507843773e-15
24.6,3.0722600942825195e-15
24.605,3.051978490579831e-15
24.61,3.0318308069262856e-15
24.615000000000002,3.011816158709842e-15
24.62,2.9919336669902296e-15
24.625,2.972182458811855e-15
24.63,2.952561667781301e-15
24.635,2.933070431768883e-15
24.64,2.9137078955338097e-15
24.645,2.8944732092070746e-15
24.650000000000002,2.8753655280313085e-15
24.655,2.8563840130035687e-15
24.66,2.8375278316927312e-15
24.665,2.8187961556558604e-15
24.67,2.800188162610106e-15
24.675,2.7817030358609676e-15
24.68,2.763339964022686e-15
24.685000000000002,2.745098140938689e-15
24.69,2.72697676584687e-15
24.695,2.7089750429975056e-15
24.7,2.6910921822071655e-15
24.705000000000002,2.673327398701356e-15
24.71,2.655679912455767e-15
24.715,2.638148949092611e-15
24.72,2.6207337386541465e-15
24.725,2.6034335167774227e-15
24.73,2.5862475242651128e-15
24.735,2.5691750064588375e-15
24.740000000000002,2.5522152137778852e-15
24.745,2.5353674021085945e-15
24.75,2.5186308317316088e-15
24.755,2.5020047678564373e-15
24.76,2.4854884809171064e-15
24.765,2.4690812457323083e-15
24.77,2.452782342265861e-15
24.775000000000002,2.4365910547811458e-15
24.78,2.4205066726097268e-15
24.785,2.4045284897534056e-15
24.79,2.3886558053408786e-15
24.795,2.3728879220027263e-15
24.8,2.3572241476357134e-15
24.805,2.3416637950335467e-15
24.810000000000002,2.3262061809081563e-15
24.815,2.3108506269484757e-15
24.82,2.2955964586710257e-15
24.825,2.2804430072370643e-15
24.830000000000002,2.265389606754739e-15
24.835,2.2504355971030763e-15
24.84,2.2355803216015406e-15
24.845,2.2208231282650755e-15
24.85,2.206163369319048e-15
24.855,2.191600401001345e-15
24.86,2.177133584545123e-15
24.865000000000002,2.162762284834489e-15
24.87,2.148485870556155e-15
24.875,2.1343037160460565e-15
24.88,2.1202151981777937e-15
24.885,2.1062196986891764e-15
24.89,2.092316603338078e-15
24.895,2.078505301761209e-15
24.900000000000002,2.0647851875446983e-15
24.905,2.0511556592698792e-15
24.91,2.0376161180393494e-15
24.915,2.0241659692613144e-15
24.92,2.0108046234903756e-15
24.925,1.997531493913109e-15
24.93,1.9843459977537544e-15
24.935000000000002,1.971247556439404e-15
24.94,1.958235595041248e-15
24.945,1.9453095424624815e-15
24.95,1.9324688313794127e-15
24.955000000000002,1.919712898102755e-15
24.96,1.9070411829990434e-15
24.965,1.8944531297879704e-15
24.97,1.881948185806681e-15
24.975,1.86952580232035e-15
24.98,1.8571854343667385e-15
24.985,1.8449265398687087e-15
24.990000000000002,1.8327485814560837e-15
24.995,1.820651023824083e-15
25.0,1.8086333365644474e-15
25.005,1.7966949921800324e-15
25.01,1.784835466200858e-15
25.015,1.7730542389293603e-15
25.02,1.7613507929238605e-15
25.025000000000002,1.749724614333863e-15
25.03,1.738175193253348e-15
25.035,1.7267020224117248e-15
25.04,1.7153045988673238e-15
25.045,1.7039824216943252e-15
25.05,1.6927349944687879e-15
25.055,1.6815618236032787e-15
25.060000000000002,1.6704624182242592e-15
25.065,1.6594362917648979e-15
25.07,1.6484829600604743e-15
25.075,1.6376019422146663e-15
25.080000000000002,1.6267927612790607e-15
25.085,1.6160549420852913e-15
25.09,1.6053880141485473e-15
25.095,1.5947915088406424e-15
25.1,1.5842649613805446e-15
25.105,1.5738079096142098e-15
25.11,1.563419894680314e-15
25.115000000000002,1.553100460767965e-15
25.12,1.542849155061872e-15
25.125,1.5326655271985367e-15
25.13,1.5225491308135728e-15
25.135,1.5124995216083565e-15
25.14,1.5025162590827564e-15
25.145,1.492598904328122e-15
25.150000000000002,1.4827470225677188e-15
25.155,1.4729601813877573e-15
25.16,1.4632379513907729e-15
25.165,1.4535799059035884e-15
25.17,1.4439856210377702e-15
25.175,1.434454675443655e-15
25.18,1.4249866512256373e-15
25.185000000000002,1.4155811330806208e-15
25.19,1.406237707921724e-15
25.195,1.396955965722496e-15
25.2,1.3877354989876865e-15
25.205000000000002,1.3785759036007337e-15
25.21,1.3694767774722397e-15
25.215,1.3604377211543637e-15
25.22,1.351458337865854e-15
25.225,1.342538233639776e-15
25.23,1.3336770172493359e-15
25.235,1.3248742995303234e-15
25.240000000000002,1.3161296946694781e-15
25.245,1.3074428183646204e-15
25.25,1.2988132898786202e-15
25.255,1.2902407301884197e-15
25.26,1.281724763188487e-15
25.265,1.2732650155243476e-15
25.27,1.2648611156212938e-15
25.275000000000002,1.2565126943723522e-15
25.28,1.2482193864283312e-15
25.285,1.239980826834198e-15
25.29,1.2317966547115948e-15
25.295,1.2236665107057383e-15
25.3,1.2155900380085955e-15
25.305,1.2075668824448699e-15
25.310000000000002,1.1995966915614096e-15
25.315,1.1916791162475449e-15
25.32,1.1838138085131413e-15
25.325,1.1760004233998186e-15
25.330000000000002,1.1682386181907906e-15
25.335,1.1605280517994687e-15
25.34,1.1528683864935305e-15
25.345,1.1452592861549018e-15
25.35,1.1377004165730694e-15
25.355,1.1301914459775391e-15
25.36,1.1227320453432583e-15
25.365000000000002,1.1153218867775474e-15
25.37,1.1079606458779691e-15
25.375,1.1006479989115451e-15
25.38,1.0933836256263762e-15
25.385,1.086167206491543e-15
25.39,1.0789984257808714e-15
25.395,1.0718769682024413e-15
25.400000000000002,1.06480252172126e-15
25.405,1.0577747757321808e-15
25.41,1.0507934218516542e-15
25.415,1.0438581539274555e-15
25.42,1.0369686675359036e-15
25.425,1.0301246604810152e-15
25.43,1.0233258320511008e-15
25.435000000000002,1.0165718845538965e-15
25.44,1.009862521276161e-15
25.445,1.0031974479430488e-15
25.45,9.965763722038655e-16
25.455000000000002,9.899990030307581e-16
25.46,9.834650525529459e-16
25.465,9.769742337817696e-16
25.47,9.70526261782875e-16
25.475,9.641208538814623e-16
25.48,9.577577286938252e-16
25.485,9.514366074430969e-16
25.490000000000002,9.451572123931842e-16
25.495,9.389192684125638e-16
25.5,9.32722501537143e-16
25.505,9.265666402802773e-16
25.51,9.204514140795655e-16
25.515,9.143765546357933e-16
25.52,9.08341795754163e-16
25.525000000000002,9.023468724314075e-16
25.53,8.963915216269983e-16
25.535,8.904754823570995e-16
25.54,8.845984947760674e-16
25.545,8.787603011469459e-16
25.55,8.729606448861483e-16
25.555,8.671992724249858e-16
25.560000000000002,8.614759299905427e-16
25.565,8.557903672995485e-16
25.57,8.501423344827128e-16
25.575,8.445315839955085e-16
25.580000000000002,8.38957869473411e-16
25.585,8.334209463116281e-16
25.59,8.279205717357171e-16
25.595,8.224565045521817e-16
25.6,8.170285047554963e-16
25.605,8.116363343239765e-16
25.61,8.062797568368306e-16
25.615000000000002,8.009585370500033e-16
25.62,7.956724416886305e-16
25.625,7.904212387674998e-16
25.63,7.852046977115756e-16
25.635,7.800225901473602e-16
25.64,7.7487468843375725e-16
25.645,7.697607668035163e-16
25.650000000000002,7.646806002308683e-16
25.655,7.596339671705366e-16
25.66,7.546206450845947e-16
25.665,7.496404145410906e-16
25.67,7.446930571323053e-16
25.675,7.397783554408924e-16
25.68,7.348960940734588e-16
25.685000000000002,7.300460590714839e-16
25.69,7.252280370104417e-16
25.695,7.204418172428181e-16
25.7,7.156871893643239e-16
25.705000000000002,7.109639450112978e-16
25.71,7.062718769027036e-16
25.715,7.01610779025172e-16
25.72,6.969804470636502e-16
25.725,6.923806780030153e-16
25.73,6.878112695702184e-16
25.735,6.832720224809176e-16
25.740000000000002,6.787627360867543e-16
25.745,6.742832134162718e-16
25.75,6.698332577953783e-16
25.755,6.654126741230965e-16
25.76,6.610212683508004e-16
25.765,6.56658847798241e-16
25.77,6.523252214034957e-16
25.775000000000002,6.480201985551079e-16
25.78,6.437435908303718e-16
25.785,6.394952103378089e-16
25.79,6.352748710654911e-16
25.795,6.310823874100356e-16
25.8,6.269175759630354e-16
25.805,6.227802536172267e-16
25.810000000000002,6.186702389032347e-16
25.815,6.145873517924951e-16
25.82,6.105314130668323e-16
25.825,6.065022447793685e-16
25.830000000000002,6.024996699977332e-16
25.835,5.985235135671769e-16
25.84,5.945736005757255e-16
25.845,5.906497582899779e-16
25.85,5.867518142473041e-16
25.855,5.828795974323274e-16
25.86,5.790329380314549e-16
25.865000000000002,5.752116676993906e-16
25.87,5.714156181870943e-16
25.875,5.676446231492046e-16
25.88,5.638985177674207e-16
25.885,5.601771369217108e-16
25.89,5.564803174726325e-16
25.895,5.528078977852424e-16
25.900000000000002,5.491597164282426e-16
25.905,5.455356133221057e-16
25.91,5.419354298013807e-16
25.915,5.383590074256877e-16
25.92,5.348061897215074e-16
25.925,5.312768210892302e-16
25.93,5.27770745965737e-16
25.935000000000002,5.242878112856719e-16
25.94,5.208278637464915e-16
25.945,5.173907520191947e-16
25.95,5.13976325066698e-16
25.955000000000002,5.105844331122981e-16
25.96,5.072149276875091e-16
25.965,5.038676602089527e-16
25.97,5.005424847579587e-16
25.975,4.97239255191393e-16
25.98,4.939578263806473e-16
25.985,4.906980546403701e-16
25.990000000000002,4.874597969252617e-16
25.995,4.842429113480468e-16
26.0,4.810472567726326e-16
26.005,4.778726924627585e-16
26.01,4.747190799212888e-16
26.015,4.715862804412036e-16
26.02,4.684741566468535e-16
26.025000000000002,4.653825724998013e-16
26.03,4.623113916634554e-16
26.035,4.592604796940825e-16
26.04,4.562297030090897e-16
26.045,4.532189285920765e-16
26.05,4.502280241318803e-16
26.055,4.4725685880145e-16
26.060000000000002,4.443053021399873e-16
26.065,4.4137322461053614e-16
26.07,4.3846049763583587e-16
26.075,4.3556699336666684e-16
26.080000000000002,4.3269258529557944e-16
26.085,4.298371469178477e-16
26.09,4.2700055307360323e-16
26.095,4.2418267962760735e-16
26.1,4.2138340271987066e-16
26.105,4.186025995878622e-16
26.11,4.158401484130833e-16
26.115000000000002,4.130959280156258e-16
26.12,4.1036981776962835e-16
26.125,4.0766169848676445e-16
26.13,4.0497145129108667e-16
26.135,4.022989581455589e-16
26.14,3.996441018248594e-16
26.145,3.9700676571090533e-16
26.150000000000002,3.943868345465839e-16
26.155,3.9178419307217153e-16
26.16,3.891987275056059e-16
26.165,3.8663032391971654e-16
26.17,3.840788701123813e-16
26.175,3.8154425384177717e-16
26.18,3.7902636422915705e-16
26.185000000000002,3.765250909056467e-16
26.19,3.740403239468427e-16
26.195,3.715719543426563e-16
26.2,3.6911987424588777e-16
26.205000000000002,3.666839756393579e-16
26.21,3.642641519611382e-16
26.215,3.61860296875258e-16
26.22,3.594723053776184e-16
26.225,3.57100072154058e-16
26.23,3.547434936657346e-16
26.235,3.5240246643486587e-16
26.240000000000002,3.500768877244469e-16
26.245,3.477666552266083e-16
26.25,3.4547166807159186e-16
26.255,3.4319182570831597e-16
26.26,3.4092702771071406e-16
26.265,3.3867717514282246e-16
26.27,3.364421691601281e-16
26.275000000000002,3.342219116642826e-16
26.28,3.3201630547408706e-16
26.285,3.298252536279086e-16
26.29,3.27648660416557e-16
26.295,3.254864299972015e-16
26.3,3.233384677728029e-16
26.305,3.21204679645093e-16
26.310000000000002,3.190849718645568e-16
26.315,3.1697925131535265e-16
26.32,3.1488742576980863e-16
26.325,3.1280940361349064e-16
26.330000000000002,3.107450935351477e-16
26.335,3.086944054283639e-16
26.34,3.0665724874020534e-16
26.345,3.0463353478094377e-16
26.35,3.026231742109299e-16
26.355,3.006260794393454e-16
26.36,2.9864216264163866e-16
26.365000000000002,2.9667133640983353e-16
26.37,2.9471351473298406e-16
26.375,2.9276861183401116e-16
26.38,2.9083654218786873e-16
26.385,2.8891722134222363e-16
26.39,2.870105649468475e-16
26.395,2.851164894216785e-16
26.400000000000002,2.8323491141059623e-16
26.405,2.8136574905801917e-16
26.41,2.7950891992214276e-16
26.415,2.776643427680771e-16
26.42,2.7583193645602945e-16
26.425,2.7401162095984906e-16
26.43,2.722033163656357e-16
26.435000000000002,2.7040694313293806e-16
26.44,2.686224228161821e-16
26.445,2.6684967685085218e-16
26.45,2.6508862797264817e-16
26.455000000000002,2.633391983586113e-16
26.46,2.6160131176541663e-16
26.465,2.5987489183054796e-16
26.47,2.581598628159209e-16
26.475,2.5645614959400103e-16
26.48,2.547636774088758e-16
26.485,2.5308237209431386e-16
26.490000000000002,2.514121596757436e-16
26.495,2.497529672682068e-16
26.5,2.481047219881685e-16
26.505,2.464673516181078e-16
26.51,2.4484078410904946e-16
26.515,2.432249485058814e-16
26.52,2.4161977389104045e-16
26.525000000000002,2.4002518947898425e-16
26.53,2.384411256748731e-16
26.535,2.368675129916894e-16
26.54,2.3530428260131796e-16
26.545,2.3375136573835823e-16
26.55,2.3220869433476693e-16
26.555,2.306762006062868e-16
26.560000000000002,2.291538177328278e-16
26.565,2.276414785055442e-16
26.57,2.261391170762712e-16
26.575,2.246466672440431e-16
26.580000000000002,2.231640638719222e-16
26.585,2.216912413251381e-16
26.59,2.2022813591074684e-16
26.595,2.187746827713055e-16
26.6,2.1733081845201852e-16
26.605,2.15896479745836e-16
26.61,2.144716036285307e-16
26.615000000000002,2.1305612761932518e-16
26.62,2.1164998947167986e-16
26.625,2.1025312804053961e-16
26.63,2.0886548169276463e-16
26.635,2.0748698947913636e-16
26.64,2.0611759146172297e-16
26.645,2.0475722710546505e-16
26.650000000000002,2.0340583692159885e-16
26.655,2.0206336174353858e-16
26.66,2.0072974269892349e-16
26.665,1.9940492124512062e-16
26.67,1.9808883929557218e-16
26.675,1.9678143938962504e-16
26.68,1.9548266375823074e-16
26.685000000000002,1.9419245586533955e-16
26.69,1.9291075887451294e-16
26.695,1.9163751659057543e-16
26.7,1.9037267348111362e-16
26.705000000000002,1.8911617363222046e-16
26.71,1.8786796245990302e-16
26.715,1.8662798481410954e-16
26.72,1.8539618675033107e-16
26.725,1.8417251389574157e-16
26.73,1.8295691279306817e-16
26.735,1.8174933008140218e-16
26.740000000000002,1.8054971261452276e-16
26.745,1.7935800808976354e-16
26.75,1.7817416443736176e-16
26.755,1.769981292898802e-16
26.76,1.758298514438316e-16
26.765,1.7466927949075707e-16
26.77,1.7351636246545398e-16
26.775000000000002,1.7237105002585725e-16
26.78,1.7123329204891775e-16
26.785,1.7010303809893733e-16
26.79,1.6898023920212712e-16
26.795,1.6786484624382122e-16
26.8,1.6675680950080892e-16
26.805,1.6565608148349906e-16
26.810000000000002,1.645626131684927e-16
26.815,1.6347635661810817e-16
26.82,1.6239726451359944e-16
26.825,1.6132528949567352e-16
26.830000000000002,1.6026038472581085e-16
26.835,1.5920250311832542e-16
26.84,1.581515983523543e-16
26.845,1.5710762468706318e-16
26.85,1.56070536307585e-16
26.855,1.5504028718821562e-16
26.86,1.5401683284411894e-16
26.865000000000002,1.530001282044762e-16
26.87,1.5199012847940023e-16
26.875,1.5098678964682678e-16
26.88,1.4999006773728713e-16
26.885,1.489999188860202e-16
26.89,1.4801629974397668e-16
26.895,1.4703916698081218e-16
26.900000000000002,1.4606847819098087e-16
26.905,1.4510419044924775e-16
26.91,1.4414626195240675e-16
26.915,1.4319465039822393e-16
26.92,1.4224931361032482e-16
26.925,1.4131021097919801e-16
26.93,1.4037730083422432e-16
26.935000000000002,1.3945054242643264e-16
26.94,1.3852989530319501e-16
26.945,1.3761531866012104e-16
26.95,1.3670677283948412e-16
26.955000000000002,1.3580421791585516e-16
26.96,1.3490761415778219e-16
26.965,1.3401692202842996e-16
26.97,1.3313210312525122e-16
26.975,1.3225311838436473e-16
26.98,1.3137992922350606e-16
26.985,1.3051249719413017e-16
26.990000000000002,1.296507845225906e-16
26.995,1.2879475346688002e-16
27.0,1.2794436633495666e-16
27.005,1.2709958605848916e-16
27.01,1.2626037519475944e-16
27.015,1.2542669754307085e-16
27.02,1.2459851598233438e-16
27.025000000000002,1.2377579463175692e-16
27.03,1.2295849707995768e-16
27.035,1.22146587758306e-16
27.04,1.2134003111689166e-16
27.045,1.2053879174648098e-16
27.05,1.1974283424759678e-16
27.055,1.1895212419118028e-16
27.060000000000002,1.1816662653974562e-16
27.065,1.1738630706772014e-16
27.07,1.1661113144155752e-16
27.075,1.1584106588807755e-16
27.080000000000002,1.1507607629375893e-16
27.085,1.1431612960642377e-16
27.09,1.13561192239618e-16
27.095,1.1281123084661778e-16
27.1,1.120662128781521e-16
27.105,1.1132610599976473e-16
27.11,1.1059087732655154e-16
27.115000000000002,1.0986049432324079e-16
27.12,1.0913492559100337e-16
27.125,1.0841413907481655e-16
27.13,1.0769810339763012e-16
27.135,1.0698678681660606e-16
27.14,1.0628015821945654e-16
27.145,1.0557818680584757e-16
27.150000000000002,1.0488084174265654e-16
27.155,1.0418809276474873e-16
27.16,1.0349990874168885e-16
27.165,1.0281626013018095e-16
27.17,1.0213711685045624e-16
27.175,1.0146244906205378e-16
27.18,1.0079222746765172e-16
27.185000000000002,1.0012642202322615e-16
27.19,9.946500428155359e-17
27.195,9.880794475937274e-17
27.2,9.815521507627935e-17
27.205000000000002,9.750678610192944e-17
27.21,9.686263000877883e-17
27.215,9.622271801735825e-17
27.22,9.558702275113894e-17
27.225,9.495551532631948e-17
27.23,9.432816891128566e-17
27.235,9.370495579084967e-17
27.240000000000002,9.308584873474972e-17
27.245,9.247082032810996e-17
27.25,9.185984383429443e-17
27.255,9.125289236809475e-17
27.26,9.064993964622213e-17
27.265,9.005095872128725e-17
27.27,8.945592368405587e-17
27.275000000000002,8.886480833400448e-17
27.28,8.82775868943603e-17
27.285,8.769423349889515e-17
27.29,8.711472243874384e-17
27.295,8.65390288177366e-17
27.3,8.596712694137662e-17
27.305,8.539899185676761e-17
27.310000000000002,8.483459878945623e-17
27.315,8.427392287855586e-17
27.32,8.371693973139629e-17
27.325,8.316362464523539e-17
27.330000000000002,8.26139534069765e-17
27.335,8.206790223110987e-17
27.34,8.152544702127352e-17
27.345,8.098656395256235e-17
27.35,8.045122953368343e-17
27.355,7.99194200338742e-17
27.36,7.939111232812322e-17
27.365000000000002,7.886628334233611e-17
27.37,7.834490979515032e-17
27.375,7.78269693720515e-17
27.38,7.731243901764427e-17
27.385,7.680129595958173e-17
27.39,7.629351820675272e-17
27.395,7.578908335012969e-17
27.400000000000002,7.528796936452287e-17
27.405,7.479015396226329e-17
27.41,7.429561583705011e-17
27.415,7.380433282027861e-17
27.42,7.33162836526493e-17
27.425,7.283144707646634e-17
27.43,7.234980165486767e-17
27.435000000000002,7.187132627718126e-17
27.44,7.139599987387283e-17
27.445,7.092380182695312e-17
27.45,7.045471146174142e-17
27.455000000000002,6.998870834376893e-17
27.46,6.952577152472032e-17
27.465,6.906588099855968e-17
27.47,6.860901671733307e-17
27.475,6.815515849982757e-17
27.48,6.770428675045013e-17
27.485,6.725638125091637e-17
27.490000000000002,6.681142291249168e-17
27.495,6.636939185112666e-17
27.5,6.593026884037941e-17
27.505,6.54940345531893e-17
27.51,6.506066986828948e-17
27.515,6.463015586633263e-17
27.52,6.420247375455332e-17
27.525000000000002,6.377760474703412e-17
27.53,6.33555301442005e-17
27.535,6.293623146646938e-17
27.54,6.25196902812861e-17
27.545,6.21058885430111e-17
27.55,6.169480801190657e-17
27.555,6.128643062155068e-17
27.560000000000002,6.088073861209997e-17
27.565,6.047771423332185e-17
27.57,6.007733947704075e-17
27.575,5.967959687263175e-17
27.580000000000002,5.928446965062426e-17
27.585,5.88919396193811e-17
27.59,5.850198998491771e-17
27.595,5.811460379775131e-17
27.6,5.772976422714385e-17
27.605,5.734745358013024e-17
27.61,5.696765587869749e-17
27.615000000000002,5.659035429357464e-17
27.62,5.62155321944834e-17
27.625,5.584317323657196e-17
27.63,5.547326101388258e-17
27.635,5.510577958729089e-17
27.64,5.4740712360155957e-17
27.645,5.4378043899807203e-17
27.650000000000002,5.4017757921033983e-17
27.655,5.365983865832392e-17
27.66,5.3304270708374653e-17
27.665,5.295103830709027e-17
27.67,5.260012598791713e-17
27.675,5.225151843452873e-17
27.68,5.1905200274245395e-17
27.685000000000002,5.1561156218702604e-17
27.69,5.121937170819472e-17
27.695,5.0879831339355606e-17
27.7,5.0542520261799145e-17
27.705000000000002,5.0207423613283067e-17
27.71,4.9874526966867655e-17
27.715,4.954381577880842e-17
27.72,4.921527548527269e-17
27.725,4.8888891236884226e-17
27.73,4.8564649302149104e-17
27.735,4.82425355057185e-17
27.740000000000002,4.792253529267953e-17
27.745,4.760463503691089e-17
27.75,4.728882042991273e-17
27.755,4.6975078056109843e-17
27.76,4.666339385521153e-17
27.765,4.635375455266715e-17
27.77,4.6046145914977875e-17
27.775000000000002,4.5740555324420086e-17
27.78,4.543696866524922e-17
27.785,4.5135373073908246e-17
27.79,4.483575521813858e-17
27.795,4.453810174986748e-17
27.8,4.4242400033527684e-17
27.805,4.3948636637193415e-17
27.810000000000002,4.365679930516795e-17
27.815,4.3366874731561325e-17
27.82,4.30788504660055e-17
27.825,4.279271381578606e-17
27.830000000000002,4.250845206320678e-17
27.835,4.222605320082433e-17
27.84,4.194550460163772e-17
27.845,4.166679381691092e-17
27.85,4.1389908818715477e-17
27.855,4.1114837701302193e-17
27.86,4.084156799148437e-17
27.865000000000002,4.0570088085501594e-17
27.87,4.030038574321944e-17
27.875,4.003244936910645e-17
27.88,3.9766267128224977e-17
27.885,3.9501827521746915e-17
27.89,3.9239118882652325e-17
27.895,3.897812977410786e-17
27.900000000000002,3.8718848338037405e-17
27.905,3.8461263902821124e-17
27.91,3.8205364652103896e-17
27.915,3.7951139778599436e-17
27.92,3.769857768592764e-17
27.925,3.744766777568109e-17
27.93,3.719839867930359e-17
27.935000000000002,3.695075968844185e-17
27.94,3.6704740140364203e-17
27.945,3.646032874274219e-17
27.95,3.621751532171156e-17
27.955000000000002,3.597628889867474e-17
27.96,3.5736639032492635e-17
27.965,3.549855528801481e-17
27.97,3.52620271541913e-17
27.975,3.5027044298792525e-17
27.98,3.479359628954209e-17
27.985,3.456167325740739e-17
27.990000000000002,3.433126458829513e-17
27.995,3.410236049681382e-17
28.0,3.3874950991157664e-17
28.005,3.364902589129105e-17
28.01,3.342457550691677e-17
28.015,3.320158996649393e-17
28.02,3.298005942783914e-17
28.025000000000002,3.2759974220082226e-17
28.03,3.25413249084488e-17
28.035,3.2324101421892e-17
28.04,3.210829469969113e-17
28.045,3.189389519914248e-17
28.05,3.1680893169736145e-17
28.055,3.146928007148444e-17
28.060000000000002,3.12590459463837e-17
28.065,3.1050181773855125e-17
28.07,3.0842678538923505e-17
28.075,3.0636527021726686e-17
28.080000000000002,3.043171809279741e-17
28.085,3.022824326728947e-17
28.09,3.002609297280535e-17
28.095,2.9825258714656e-17
28.1,2.962573200058062e-17
28.105,2.9427503336952933e-17
28.11,2.923056460408165e-17
28.115000000000002,2.903490712732737e-17
28.12,2.884052216772932e-17
28.125,2.864740147973913e-17
28.13,2.845553628851594e-17
28.135,2.8264918336539946e-17
28.14,2.8075539460621804e-17
28.145,2.788739100423544e-17
28.150000000000002,2.7700465044713836e-17
28.155,2.7514753361249448e-17
28.16,2.7330247530211444e-17
28.165,2.7146939909808273e-17
28.17,2.696482202130148e-17
28.175,2.6783886255376895e-17
28.18,2.660412471460969e-17
28.185000000000002,2.6425529003685695e-17
28.19,2.6248091834450663e-17
28.195,2.607180538221455e-17
28.2,2.5896661726784468e-17
28.205000000000002,2.5722653375994594e-17
28.21,2.554977253957758e-17
28.215,2.537801200542778e-17
28.22,2.5207363702180547e-17
28.225,2.5037820516738098e-17
28.23,2.4869375276309973e-17
28.235,2.4702020069418564e-17
28.240000000000002,2.453574784242979e-17
28.245,2.4370551384338687e-17
28.25,2.4206423314581675e-17
28.255,2.404335651238484e-17
28.26,2.388134362541136e-17
28.265,2.3720378326322902e-17
28.27,2.3560452605296765e-17
28.275000000000002,2.340155984936849e-17
28.28,2.3243693257037887e-17
28.285,2.3086845727821077e-17
28.29,2.29310105745025e-17
28.295,2.2776180655248875e-17
28.3,2.262234966601826e-17
28.305,2.2469510554519448e-17
28.310000000000002,2.231765666507396e-17
28.315,2.216678124711521e-17
28.32,2.2016878118133708e-17
28.325,2.186794043255215e-17
28.330000000000002,2.171996154256542e-17
28.335,2.1572935007486943e-17
28.34,2.1426854860973367e-17
28.345,2.128171409061984e-17
28.35,2.1137506743843107e-17
28.355,2.0994226302788504e-17
28.36,2.0851866378833542e-17
28.365000000000002,2.0710421089097924e-17
28.37,2.056988410920078e-17
28.375,2.0430249339885174e-17
28.38,2.0291510592520703e-17
28.385,2.0153662058314904e-17
28.39,2.001669692720235e-17
28.395,1.988061012700479e-17
28.400000000000002,1.9745395261358287e-17
28.405,1.961104663784619e-17
28.41,1.94775579434602e-17
28.415,1.9344923773358844e-17
28.42,1.9213138096119113e-17
28.425,1.908219513231386e-17
28.43,1.8952089430070344e-17
28.435000000000002,1.8822815117612198e-17
28.44,1.869436660635486e-17
28.445,1.8566738013599286e-17
28.45,1.843992391865517e-17
28.455000000000002,1.83139189421587e-17
28.46,1.8188717543923226e-17
28.465,1.806431423009709e-17
28.47,1.7940703185572726e-17
28.475,1.7817879527659012e-17
28.48,1.769583754872163e-17
28.485,1.7574572119785148e-17
28.490000000000002,1.7454077775765057e-17
28.495,1.7334349219698678e-17
28.5,1.7215381417674162e-17
28.505,1.709716927990479e-17
28.51,1.6979707201362885e-17
28.515,1.6862990227495895e-17
28.52,1.6747013335535222e-17
28.525000000000002,1.663177164799494e-17
28.53,1.6517259719996544e-17
28.535,1.640347265944423e-17
28.54,1.6290405528735605e-17
28.545,1.617805369931187e-17
28.55,1.606641159451265e-17
28.555,1.5955475192691025e-17
28.560000000000002,1.5845238794682566e-17
28.565,1.5735697834916526e-17
28.57,1.5626848169548326e-17
28.575,1.5518684053389165e-17
28.580000000000002,1.541120158880336e-17
28.585,1.5304395400262776e-17
28.59,1.5198261378199916e-17
28.595,1.5092794821650803e-17
28.6,1.4987990257836028e-17
28.605,1.488384418594237e-17
28.61,1.4780351974631192e-17
28.615000000000002,1.4677508631464143e-17
28.62,1.4575309583482685e-17
28.625,1.4473750685871102e-17
28.63,1.437282750439311e-17
28.635,1.4272535699847663e-17
28.64,1.41728705992348e-17
28.645,1.4073827954472845e-17
28.650000000000002,1.3975403449353103e-17
28.655,1.3877592876484615e-17
28.66,1.3780391943489578e-17
28.665,1.3683796317585763e-17
28.67,1.3587801917024282e-17
28.675,1.3492404278873682e-17
28.68,1.339759959307986e-17
28.685000000000002,1.3303383662285765e-17
28.69,1.320975176254969e-17
28.695,1.3116700724799048e-17
28.7,1.3024226004882732e-17
28.705000000000002,1.293232342123239e-17
28.71,1.2840989317814827e-17
28.715,1.2750219617406916e-17
28.72,1.2660010076357127e-17
28.725,1.257035719433225e-17
28.73,1.2481256627597089e-17
28.735,1.2392704806952142e-17
28.740000000000002,1.2304697754366366e-17
28.745,1.2217231683901954e-17
28.75,1.213030265412295e-17
28.755,1.2043906966861954e-17
28.76,1.195804072465423e-17
28.765,1.1872700413923927e-17
28.77,1.1787882182311588e-17
28.775000000000002,1.1703582203433454e-17
28.78,1.1619797004100398e-17
28.785,1.1536522811933475e-17
28.79,1.1453756184905072e-17
28.795,1.1371493173970072e-17
28.8,1.1289730412713663e-17
28.805,1.1208464275479335e-17
28.810000000000002,1.112769141388365e-17
28.815,1.104740780455274e-17
28.82,1.0967610483954737e-17
28.825,1.0888295717901312e-17
28.830000000000002,1.0809460166503067e-17
28.835,1.0731099907542628e-17
28.84,1.0653212368845652e-17
28.845,1.0575793665968014e-17
28.85,1.049884042731481e-17
28.855,1.042234949279071e-17
28.86,1.0346317035343637e-17
28.865000000000002,1.027074036990509e-17
28.87,1.0195615735880451e-17
28.875,1.0120940183701203e-17
28.88,1.004671022456928e-17
28.885,9.972922854509545e-18
28.89,9.899574487678883e-18
28.895,9.826662219831263e-18
28.900000000000002,9.754182824519532e-18
28.905,9.682133230070166e-18
28.91,9.610509974307609e-18
28.915,9.539310549331153e-18
28.92,9.468531202496083e-18
28.925,9.398169176723311e-18
28.93,9.328221243291932e-18
28.935000000000002,9.258684476329642e-18
28.94,9.189556092980472e-18
28.945,9.120832465585819e-18
28.95,9.052511198564697e-18
28.955000000000002,8.984588931218245e-18
28.96,8.917062997220969e-18
28.965,8.849930144888032e-18
28.97,8.783187779618735e-18
28.975,8.716832526714617e-18
28.98,8.650862264489569e-18
28.985,8.585273393526884e-18
28.990000000000002,8.520063341512032e-18
28.995,8.455228930861727e-18
29.0,8.390768271264017e-18
29.005,8.326677785800916e-18
29.01,8.262954735692915e-18
29.015,8.199596413528576e-18
29.02,8.136600452972565e-18
29.025000000000002,8.073963561438996e-18
29.03,8.01168303258093e-18
29.035,7.949756668957026e-18
29.04,7.888181284405937e-18
29.045,7.826954390815582e-18
29.05,7.766073414203103e-18
29.055,7.705535632279984e-18
29.060000000000002,7.64533836128817e-18
29.065,7.585478982961251e-18
29.07,7.525954973617302e-18
29.075,7.466763694937854e-18
29.080000000000002,7.407902634923883e-18
29.085,7.349369096426686e-18
29.09,7.291160694518621e-18
29.095,7.23327474735071e-18
29.1,7.175708993392493e-18
29.105,7.118460505204511e-18
29.11,7.061527397753966e-18
29.115000000000002,7.004906781382007e-18
29.12,6.948596126327545e-18
29.125,6.8925932551312425e-18
29.13,6.8368954008622924e-18
29.135,6.7815007124277196e-18
29.14,6.726406323181302e-18
29.145,6.6716098403442014e-18
29.150000000000002,6.617109249871428e-18
29.155,6.562901812229645e-18
29.16,6.508985272383256e-18
29.165,6.455357360639035e-18
29.17,6.4020156613731004e-18
29.175,6.348957981225816e-18
29.18,6.296181932087921e-18
29.185000000000002,6.243685248167088e-18
29.19,6.191465581600494e-18
29.195,6.139520938477399e-18
29.2,6.0878486739723575e-18
29.205000000000002,6.036446815920948e-18
29.21,5.985313161767743e-18
29.215,5.9344454230439254e-18
29.22,5.883841284530561e-18
29.225,5.833498791494103e-18
29.23,5.783415461791517e-18
29.235,5.733589145757801e-18
29.240000000000002,5.6840181079324795e-18
29.245,5.6346999935158035e-18
29.25,5.585632382373204e-18
29.255,5.536813307301095e-18
29.26,5.4882408250025756e-18
29.265,5.4399127342089755e-18
29.27,5.391826781621545e-18
29.275000000000002,5.343981248452791e-18
29.28,5.296373811362454e-18
29.285,5.249002476595783e-18
29.29,5.201865058011794e-18
29.295,5.154959734766578e-18
29.3,5.1082842718955574e-18
29.305,5.061836995544159e-18
29.310000000000002,5.01561540733596e-18
29.315,4.969617815151073e-18
29.32,4.923842399999252e-18
29.325,4.878286743821783e-18
29.330000000000002,4.8329491372479715e-18
29.335,4.787827808898972e-18
29.34,4.742920208652936e-18
29.345,4.6982250139915585e-18
29.35,4.653740201494309e-18
29.355,4.609463550422928e-18
29.36,4.565393267142778e-18
29.365000000000002,4.521527474638135e-18
29.37,4.477864419002268e-18
29.375,4.434402102335828e-18
29.38,4.391138576609792e-18
29.385,4.348072135263967e-18
29.39,4.305200836699926e-18
29.395,4.2625227635626324e-18
29.400000000000002,4.220036222199223e-18
29.405,4.1777392421804265e-18
29.41,4.135630172999968e-18
29.415,4.093706934084058e-18
29.42,4.051968051974552e-18
29.425,4.010411564766624e-18
29.43,3.969035523114498e-18
29.435000000000002,3.9278384605627985e-18
29.44,3.886818508060834e-18
29.445,3.845973649707779e-18
29.45,3.805302376424252e-18
29.455000000000002,3.764802981865651e-18
29.46,3.724473545756222e-18
29.465,3.68431246188807e-18
29.47,3.6443178991764045e-18
29.475,3.6044882872419426e-18
29.48,3.564821874062508e-18
29.485,3.525316798979915e-18
29.490000000000002,3.485971615625081e-18
29.495,3.4467842614935655e-18
29.5,3.407753542237302e-18
29.505,3.3688773587548586e-18
29.51,3.330154288843967e-18
29.515,3.2915826605228874e-18
29.52,3.2531606839681114e-18
29.525000000000002,3.2148867664877488e-18
29.53,3.1767593151046988e-18
29.535,3.1387767212364065e-18
29.54,3.1009371855802585e-18
29.545,3.063239335718894e-18
29.55,3.025681399801047e-18
29.555,2.9882617454428568e-18
29.560000000000002,2.95097898672079e-18
29.565,2.913831223222719e-18
29.57,2.876817031732382e-18
29.575,2.839934874875492e-18
29.580000000000002,2.803183006431496e-18
29.585,2.7665599209520395e-18
29.59,2.7300641745391242e-18
29.595,2.693694120262931e-18
29.6,2.657448160022742e-18
29.605,2.621324776562597e-18
29.61,2.5853224738934994e-18
29.615000000000002,2.549439706799103e-18
29.62,2.513674965665374e-18
29.625,2.478026548634283e-18
29.63,2.4424931455828836e-18
29.635,2.4070730893220722e-18
29.64,2.3717649327962967e-18
29.645,2.3365673207575535e-18
29.650000000000002,2.3014785690850104e-18
29.655,2.2664971853636452e-18
29.66,2.2316216960382663e-18
29.665,2.196850582982775e-18
29.67,2.1621824131363575e-18
29.675,2.1276158357923926e-18
29.68,2.0931492338990056e-18
29.685000000000002,2.0587811011264948e-18
29.69,2.024510059734909e-18
29.695,1.9903346477272267e-18
29.7,1.956253387490053e-18
29.705000000000002,1.9222649420231003e-18
29.71,1.8883676725100645e-18
29.715,1.854560206316645e-18
29.72,1.820841237609441e-18
29.725,1.7872090582532273e-18
29.73,1.753662500850221e-18
29.735,1.7202001975391064e-18
29.740000000000002,1.686820487413859e-18
29.745,1.6535220050846507e-18
29.75,1.620303426060971e-18
29.755,1.587163332466821e-18
29.76,1.5541002572598534e-18
29.765,1.5211128306299144e-18
29.77,1.4881996761900565e-18
29.775000000000002,1.4553594604638036e-18
29.78,1.4225906351006455e-18
29.785,1.3898918239278243e-18
29.79,1.3572618340306884e-18
29.795,1.3246991308532364e-18
29.8,1.2922024184360692e-18
29.805,1.2597702328640571e-18
29.810000000000002,1.2274013158716537e-18
29.815,1.1950940731218594e-18
29.82,1.1628474651978104e-18
29.825,1.130659891640323e-18
29.830000000000002,1.0985301367965976e-18
29.835,1.0664567243937724e-18
29.84,1.0344383770240607e-18
29.845,1.0024737226456717e-18
29.85,9.705613920712433e-19
29.855,9.387000906945029e-19
29.86,9.068884678132382e-19
29.865000000000002,8.751251590073215e-19
29.87,8.434088038687607e-19
29.875,8.117381286733252e-19
29.88,7.801117831929962e-19
29.885,7.485283861488392e-19
29.89,7.16986689200821e-19
29.895,6.854853000237962e-19
29.900000000000002,6.540229144510411e-19
29.905,6.225982565897593e-19
29.91,5.912099477411554e-19
29.915,5.598566857824133e-19
29.92,5.285371671111657e-19
29.925,4.972500598570052e-19
29.93,4.659940651207469e-19
29.935000000000002,4.347679079057857e-19
29.94,4.0357020388668483e-19
29.945,3.723996882148725e-19
29.95,3.412550334006727e-19
29.955000000000002,3.101349841950926e-19
29.96,2.7903820073581445e-19
29.965,2.4796337324606486e-19
29.97,2.169092346342388e-19
29.975,1.8587444715764614e-19
29.98,1.548577496821935e-19
29.985,1.2385782119688775e-19
29.990000000000002,9.287337227261787e-20
29.995,6.190311471985399e-20
30.0,3.0945756888540784e-20
