Radial Distance r (a.u.),Computed Wavefunction
0.005,1.3274967334492302
0.01,1.3143082233604875
0.015,1.301264117453269
0.02,1.288362831398284
0.025,1.2756027921644333
0.03,1.2629824382726924
0.035,1.2505002200303772
0.04,1.2381545997464887
0.045,1.2259440519292462
0.05,1.2138670634663125
0.055,1.2019221337888013
0.06,1.1901077750195688
0.065,1.1784225121066632
0.07,1.1668648829425954
0.075,1.1554334384700362
0.08,1.1441267427746962
0.085,1.1329433731658618
0.09,1.121881920245335
0.095,1.1109409879652155
0.1,1.1001191936751726
0.105,1.0894151681596065
0.11,1.078827555665372
0.115,1.0683550139203588
0.12,1.0579962141435713
0.125,1.047749841047002
0.13,1.0376145928298215
0.135,1.0275891811652063
0.14,1.0176723311803733
0.145,1.0078627814299077
0.15,0.9981592838630274
0.155,0.9885606037849601
0.16,0.9790655198128299
0.165,0.9696728238263083
0.17,0.9603813209134547
0.17500000000000002,0.9511898293118547
0.18,0.9420971803455255
0.185,0.933102218357688
0.19,0.924203800639812
0.195,0.9154007973569801
0.2,0.9066920914700793
0.20500000000000002,0.8980765786547137
0.21,0.8895531672173658
0.215,0.8811207780087544
0.22,0.8727783443347679
0.225,0.8645248118650143
0.23,0.85635913853929
0.23500000000000001,0.8482802944720392
0.24,0.8402872618550015
0.245,0.8323790348582502
0.25,0.8245546195296103
0.255,0.8168130336928462
0.26,0.8091533068444978
0.265,0.8015744800496362
0.27,0.7940756058366416
0.275,0.786655748091094
0.28,0.7793139819488719
0.28500000000000003,0.7720493936886369
0.29,0.764861080623684
0.295,0.7577481509933685
0.3,0.7507097238541328
0.305,0.7437449289702286
0.31,0.7368529067042158
0.315,0.7300328079073336
0.32,0.7232837938098005
0.325,0.7166050359110703
0.33,0.7099957158702143
0.335,0.7034550253963692
0.34,0.6969821661393911
0.34500000000000003,0.6905763495807583
0.35000000000000003,0.6842367969247245
0.355,0.6779627389898362
0.36,0.6717534161008162
0.365,0.665608077980888
0.37,0.6595259836445363
0.375,0.6535064012908173
0.38,0.6475486081971399
0.385,0.6416518906137009
0.39,0.6358155436584454
0.395,0.6300388712127362
0.4,0.6243211858176035
0.405,0.6186618085707625
0.41000000000000003,0.613060069024275
0.41500000000000004,0.607515305082982
0.42,0.6020268629036799
0.425,0.5965940967950563
0.43,0.5912163691184448
0.435,0.5858930501893395
0.44,0.5806235181797761
0.445,0.5754071590215091
0.45,0.5702433663100792
0.455,0.5651315412096675
0.46,0.5600710923588952
0.465,0.5550614357774426
0.47000000000000003,0.5501019947735662
0.47500000000000003,0.545192199852529
0.48,0.5403314886258855
0.485,0.5355193057216993
0.49,0.5307551026956536
0.495,0.5260383379430785
0.5,0.5213684766118794
0.505,0.5167449905163787
0.51,0.5121673580520866
0.515,0.5076350641113883
0.52,0.5031476000001054
0.525,0.49870446335504587
0.53,0.4943051580624092
0.535,0.4899491941771146
0.54,0.4856360878430777
0.545,0.48136536121434276
0.55,0.47713654237716363
0.555,0.47294916527296693
0.56,0.4688027696222268
0.5650000000000001,0.4646969008492241
0.5700000000000001,0.4606311100076946
0.5750000000000001,0.45660495370738235
0.58,0.4526179940414669
0.585,0.4486697985148489
0.59,0.44475993997334856
0.595,0.44088799653371674
0.6,0.4370535515145597
0.605,0.4332561933680796
0.61,0.4294955156126835
0.615,0.4257711167664121
0.62,0.42208260028125305
0.625,0.41842957447820933
0.63,0.4148116524832535
0.635,0.4112284521640636
0.64,0.40767959606756843
0.645,0.40416471135831067
0.65,0.40068342975758253
0.655,0.3972353874833585
0.66,0.39382022519100435
0.665,0.3904375879147513
0.67,0.38708712500994497
0.675,0.3837684900960358
0.68,0.38048134100032416
0.685,0.3772253397024539
0.6900000000000001,0.37400015227961375
0.6950000000000001,0.37080544885249395
0.7000000000000001,0.3676409035319393
0.705,0.36450619436630566
0.71,0.3614010032895419
0.715,0.35832501606995165
0.72,0.3552779222596236
0.725,0.3522594151445795
0.73,0.3492691916955497
0.735,0.3463069525194385
0.74,0.34337240181142625
0.745,0.3404652473077469
0.75,0.33758520023906685
0.755,0.3347319752845088
0.76,0.33190529052632606
0.765,0.3291048674051447
0.77,0.326330430675857
0.775,0.32358170836409755
0.78,0.320858431723304
0.785,0.31816033519238124
0.79,0.3154871563539424
0.795,0.31283863589310357
0.8,0.3102145175568659
0.805,0.30761454811404143
0.81,0.3050384773157291
0.8150000000000001,0.3024860578563396
0.8200000000000001,0.29995704533515033
0.8250000000000001,0.29745119821839117
0.8300000000000001,0.2949682778018537
0.835,0.2925080481740134
0.84,0.29007027617965736
0.845,0.28765473138402026
0.85,0.2852611860374126
0.855,0.28288941504032633
0.86,0.2805391959090467
0.865,0.2782103087417116
0.87,0.27590253618485666
0.875,0.2736156634004209
0.88,0.27134947803320153
0.885,0.26910377017876635
0.89,0.2668783323518058
0.895,0.26467295945492386
0.9,0.2624874487478595
0.905,0.2603215998171352
0.91,0.2581752145461302
0.915,0.25604809708555454
0.92,0.2539400538243433
0.925,0.25185089336095584
0.93,0.2497804264750534
0.935,0.24772846609959626
0.9400000000000001,0.24569482729330228
0.9450000000000001,0.24367932721349986
0.9500000000000001,0.24168178508934793
0.9550000000000001,0.23970202219543918
0.96,0.23773986182575124
0.965,0.23579512926797
0.97,0.23386765177816346
0.975,0.2319572585558053
0.98,0.23006378071914388
0.985,0.22818705128090913
0.99,0.22632690512436204
0.995,0.2244831789796556
1.0,0.22265571140055015
1.0050000000000001,0.2208443427414254
1.01,0.21904891513461866
1.0150000000000001,0.21726927246807426
1.02,0.2155052603633008
1.025,0.21375672615362631
1.03,0.21202351886276652
1.035,0.21030548918366865
1.04,0.20860248945765827
1.045,0.20691437365386806
1.05,0.2052409973489506
1.055,0.20358221770706456
1.06,0.20193789346014188
1.065,0.20030788488842038
1.07,0.19869205380124097
1.075,0.1970902635181144
1.08,0.19550237885003413
1.085,0.1939282660810651
1.09,0.19236779295015485
1.095,0.19082082863322325
1.1,0.18928724372546868
1.105,0.18776691022393313
1.11,0.18625970151029989
1.115,0.1847654923339192
1.12,0.18328415879507226
1.125,0.18181557832845616
1.1300000000000001,0.1803596296868957
1.135,0.17891619292527272
1.1400000000000001,0.17748514938467952
1.145,0.176066381676778
1.1500000000000001,0.17465977366837662
1.155,0.17326521046620763
1.16,0.17188257840192148
1.165,0.17051176501726997
1.17,0.1691526590494989
1.175,0.16780515041693103
1.18,0.1664691302047457
1.185,0.16514449065094725
1.19,0.16383112513252307
1.195,0.16252892815178563
1.2,0.16123779532289756
1.205,0.15995762335857638
1.21,0.1586883100569787
1.215,0.15742975428875755
1.22,0.15618185598429002
1.225,0.15494451612107943
1.23,0.1537176367113199
1.235,0.15250112078963288
1.24,0.15129487240095676
1.245,0.15009879658860548
1.25,0.14891279938248053
1.2550000000000001,0.14773678778744162
1.26,0.1465706697718268
1.2650000000000001,0.14541435425612775
1.27,0.1442677511018136
1.2750000000000001,0.14313077110029762
1.28,0.14200332596205897
1.285,0.14088532830589381
1.29,0.1397766916483187
1.295,0.13867733039310493
1.3,0.13758715982095823
1.305,0.13650609607932
1.31,0.13543405617232018
1.315,0.13437095795083973
1.32,0.13331672010272352
1.325,0.13227126214310422
1.33,0.13123450440485854
1.335,0.13020636802919117
1.34,0.12918677495632971
1.345,0.1281756479163537
1.35,0.1271729104201277
1.355,0.12617848675036794
1.36,0.12519230195280495
1.365,0.1242142818274782
1.37,0.12324435292013038
1.375,0.12228244251371705
1.3800000000000001,0.12132847862002522
1.385,0.12038238997139715
1.3900000000000001,0.11944410601256494
1.395,0.11851355689258052
1.4000000000000001,0.11759067345686067
1.405,0.11667538723931974
1.41,0.11576763045461562
1.415,0.11486733599048549
1.42,0.11397443740018146
1.425,0.1130888688950018
1.43,0.11221056533692154
1.435,0.11133946223130664
1.44,0.11047549571972896
1.445,0.10961860257286435
1.45,0.10876872018349097
1.455,0.10792578655956203
1.46,0.10708974031737623
1.465,0.10626052067483019
1.47,0.10543806744475231
1.475,0.10462232102832651
1.48,0.10381322240859532
1.485,0.10301071314403625
1.49,0.1022147353622358
1.495,0.10142523175362272
1.5,0.10064214556529379
1.5050000000000001,0.09986542059490644
1.51,0.09909500118465592
1.5150000000000001,0.09833083221531812
1.52,0.09757285910037193
1.5250000000000001,0.09682102778019078
1.53,0.09607528471631253
1.5350000000000001,0.09533557688576728
1.54,0.09460185177548752
1.545,0.09387405737677924
1.55,0.09315214217986499
1.555,0.0924360551684903
1.56,0.09172574581459925
1.565,0.09102116407307258
1.57,0.09032226037653042
1.575,0.08962898563020025
1.58,0.08894129120684464
1.585,0.08825912894175038
1.59,0.08758245112778305
1.595,0.08691121051049462
1.6,0.08624536028329412
1.605,0.08558485408267691
1.61,0.08492964598351249
1.615,0.08427969049438092
1.62,0.08363494255297894
1.625,0.08299535752156735
1.6300000000000001,0.08236089118248202
1.635,0.08173149973369952
1.6400000000000001,0.08110713978444332
1.645,0.0804877683508605
1.6500000000000001,0.07987334285173443
1.655,0.07926382110425786
1.6600000000000001,0.07865916131985116
1.665,0.07805932210003433
1.67,0.07746426243234467
1.675,0.07687394168630236
1.68,0.07628831960942725
1.685,0.07570735632329971
1.69,0.07513101231966904
1.695,0.07455924845660752
1.7,0.07399202595470734
1.705,0.07342930639332777
1.71,0.07287105170688006
1.715,0.0723172241811597
1.72,0.07176778644972033
1.725,0.07122270149028985
1.73,0.07068193262122728
1.735,0.07014544349802385
1.74,0.06961319810984161
1.745,0.0690851607760939
1.75,0.06856129614306415
1.7550000000000001,0.06804156918056554
1.76,0.0675259451786371
1.7650000000000001,0.0670143897442805
1.77,0.06650686879823171
1.7750000000000001,0.0660033485717708
1.78,0.06550379560357002
1.7850000000000001,0.06500817673657527
1.79,0.06451645911492579
1.795,0.06402861018090679
1.8,0.06354459767193803
1.805,0.0630643896175961
1.81,0.06258795433667426
1.815,0.0621152604342687
1.82,0.06164627679890345
1.825,0.06118097259968589
1.83,0.06071931728349609
1.835,0.06026128057220375
1.84,0.05980683245992248
1.845,0.059355943210290404
1.85,0.05890858335378226
1.855,0.058464723685053364
1.86,0.05802433526031253
1.865,0.05758738939472339
1.87,0.057153857659836674
1.875,0.0567237118810487
1.8800000000000001,0.05629692413509185
1.885,0.05587346674754844
1.8900000000000001,0.055453312290396746
1.895,0.05503643357958084
1.9000000000000001,0.054622803672609986
1.905,0.05421239586618201
1.9100000000000001,0.053805183693835835
1.915,0.05340114092362746
1.92,0.05300024155583333
1.925,0.05260245982067755
1.93,0.052207770176085834
1.935,0.05181614730546271
1.94,0.051427566115492866
1.945,0.05104200173396928
1.95,0.05065942950764005
1.955,0.05027982500008536
1.96,0.04990316398961142
1.965,0.049529422467170965
1.97,0.04915857663430541
1.975,0.04879060290111024
1.98,0.04842547788421909
1.985,0.04806317840481588
1.99,0.047703681486660994
1.995,0.04734696435414538
2.0,0.04699300443036181
2.005,0.04664177933519752
2.0100000000000002,0.04629326688344861
2.015,0.045947445082953516
2.02,0.04560429213274704
2.025,0.04526378642123351
2.0300000000000002,0.04492590652438088
2.035,0.044590631203932585
2.04,0.04425793940563981
2.045,0.04392781025751056
2.05,0.043600223068080944
2.055,0.04327515732470024
2.06,0.04295259269183884
2.065,0.04263250900940937
2.07,0.04231488629111117
2.075,0.04199970472278581
2.08,0.04168694466079605
2.085,0.04137658663041752
2.09,0.04106861132424989
2.095,0.040762999600643494
2.1,0.04045973248214233
2.105,0.040158791153945037
2.11,0.03986015696237984
2.115,0.03956381141339723
2.12,0.03926973617107706
2.125,0.0389779130561512
2.13,0.0386883240445435
2.1350000000000002,0.03840095126592301
2.14,0.03811577700227249
2.145,0.0378327836864718
2.15,0.03755195390089723
2.1550000000000002,0.03727327037603371
2.16,0.03699671598910297
2.165,0.036722273762702186
2.17,0.03644992686346348
2.1750000000000003,0.03617965860071964
2.18,0.0359114524251883
2.185,0.035645291927668535
2.19,0.03538116083775114
2.195,0.03511904302254017
2.2,0.03485892248538957
2.205,0.03460078336465353
2.21,0.03434460993244588
2.215,0.034090386593416934
2.22,0.03383809788353758
2.225,0.033587728468900985
2.23,0.03333926314453256
2.235,0.03309268683321354
2.24,0.03284798458431652
2.245,0.03260514157265289
2.25,0.03236414309733033
2.255,0.03212497458062478
2.2600000000000002,0.03188762156686052
2.265,0.03165206972130393
2.27,0.031418304829067566
2.275,0.031186312794024246
2.2800000000000002,0.030956079637734304
2.285,0.03072759149838066
2.29,0.030500834629717918
2.295,0.030275795400028123
2.3000000000000003,0.03005246029109078
2.305,0.02983081589716045
2.31,0.029610848923954606
2.315,0.029392546187654446
2.32,0.029175894613911242
2.325,0.028960881236865837
2.33,0.02874749319817689
2.335,0.028535717746058627
2.34,0.028325542234327802
2.345,0.02811695412146029
2.35,0.027909940969658018
2.355,0.027704490443922734
2.36,0.02750059031114113
2.365,0.0272982284391785
2.37,0.027097392795979346
2.375,0.026898071448679926
2.38,0.02670025256272732
2.3850000000000002,0.026503924401006983
2.39,0.026309075322981042
2.395,0.02611569378383188
2.4,0.025923768333616273
2.4050000000000002,0.025733287616427476
2.41,0.02554424036956455
2.415,0.025356615422710605
2.42,0.025170401697118643
2.4250000000000003,0.024985588204805193
2.43,0.02480216404775179
2.435,0.024620118417114815
2.44,0.024439440592442085
2.445,0.024260119940896906
2.45,0.024082145916490695
2.455,0.023905508059321956
2.46,0.023730195994822827
2.465,0.023556199433013177
2.47,0.023383508167761403
2.475,0.023212112076052668
2.48,0.023042001117264094
2.485,0.02287316533244609
2.49,0.022705594843612346
2.495,0.022539279853034326
2.5,0.022374210642544197
2.505,0.022210377572844026
2.5100000000000002,0.02204777108282058
2.515,0.02188638168886794
2.52,0.02172619998421592
2.525,0.02156721663826466
2.5300000000000002,0.021409422395925755
2.535,0.02125280807696978
2.54,0.021097364575379616
2.545,0.02094308285870999
2.5500000000000003,0.02078995396745355
2.555,0.020637969014411763
2.56,0.020487119184072772
2.565,0.02033739573199489
2.57,0.020188789984195404
2.575,0.020041293336545658
2.58,0.019894897254171272
2.585,0.019749593270858574
2.59,0.019605372988466114
2.595,0.019462228076341737
2.6,0.01932015027074531
2.605,0.019179131374276487
2.61,0.019039163255308248
2.615,0.01890023784742529
2.62,0.018762347148867545
2.625,0.018625483221979395
2.63,0.018489638192663853
2.6350000000000002,0.01835480424984097
2.64,0.018220973644912583
2.645,0.018088138691230937
2.65,0.017956291763572853
2.6550000000000002,0.01782542529761787
2.66,0.017695531789432794
2.665,0.017566603794959248
2.67,0.017438633929506828
2.6750000000000003,0.017311614867250934
2.68,0.017185539340735103
2.685,0.01706040014037719
2.69,0.01693619011398196
2.695,0.016812902166255528
2.7,0.01669052925832636
2.705,0.01656906440726983
2.71,0.016448500685636986
2.715,0.016328831220987935
2.72,0.01621004919542914
2.725,0.016092147845155454
2.73,0.015975120459995447
2.735,0.01585896038296191
2.74,0.01574366100980555
2.745,0.015629215788573375
2.75,0.015515618219170354
2.755,0.015402861852925956
2.7600000000000002,0.015290940292163796
2.765,0.015179847189775502
2.77,0.015069576248798608
2.775,0.014960121221997798
2.7800000000000002,0.01485147591145048
2.785,0.014743634168135176
2.79,0.014636589891524967
2.795,0.01453033702918333
2.8000000000000003,0.0144248695763641
2.805,0.014320181575615374
2.81,0.01421626711638602
2.815,0.01411312033463702
2.82,0.014010735412454648
2.825,0.013909106577668692
2.83,0.013808228103473342
2.835,0.013708094308051085
2.84,0.01360869955420048
2.845,0.013510038248967508
2.85,0.013412104843279508
2.855,0.013314893831582512
2.86,0.013218399751482328
2.865,0.013122617183388169
2.87,0.013027540750159779
2.875,0.012933165116757708
2.88,0.012839484989896097
2.8850000000000002,0.012746495117700058
2.89,0.012654190289363714
2.895,0.01256256533481352
2.9,0.012471615124373147
2.9050000000000002,0.01238133456843198
2.91,0.012291718617116169
2.915,0.012202762259962877
2.92,0.01211446052559702
2.9250000000000003,0.01202680848141135
2.93,0.011939801233248762
2.935,0.011853433925087675
2.94,0.011767701738730494
2.945,0.011682599893494232
2.95,0.01159812364590388
2.955,0.011514268289389088
2.96,0.0114310291539826
2.965,0.011348401606022077
2.97,0.011266381047854082
2.975,0.01118496291754076
2.98,0.011104142688569255
2.985,0.011023915869563052
2.99,0.010944278003996598
2.995,0.010865224669912158
3.0,0.010786751479638559
3.005,0.010708854079513186
3.0100000000000002,0.010631528149605985
3.015,0.01055476940344564
3.02,0.010478573587748641
3.025,0.010402936482150486
3.0300000000000002,0.010327853898938838
3.035,0.010253321682789357
3.04,0.010179335710503936
3.045,0.010105891890750915
3.0500000000000003,0.010032986163807335
3.055,0.00996061450130417
3.06,0.009888772905972645
3.065,0.00981745741139405
3.0700000000000003,0.009746664081750282
3.075,0.009676389011577767
3.08,0.009606628325522627
3.085,0.00953737817809843
3.09,0.009468634753445945
3.095,0.009400394265094566
3.1,0.009332652955726356
3.105,0.009265407096941725
3.11,0.00919865298902709
3.115,0.009132386960724721
3.12,0.009066605369004598
3.125,0.009001304598837676
3.13,0.008936481062971896
3.1350000000000002,0.008872131201709392
3.14,0.0088082514826859
3.145,0.008744838400652119
3.15,0.008681888477256719
3.1550000000000002,0.008619398260831253
3.16,0.008557364326177106
3.165,0.00849578327435376
3.17,0.008434651732469366
3.1750000000000003,0.00837396635347296
3.18,0.008313723815948002
3.185,0.008253920823908295
3.19,0.008194554106595264
3.1950000000000003,0.008135620418276833
3.2,0.00807711653804863
3.205,0.008019039269635788
3.21,0.007961385441197528
3.215,0.007904151905132634
3.22,0.007847335537886855
3.225,0.007790933239762137
3.23,0.007734941934726716
3.235,0.007679358570227835
3.24,0.007624180117005004
3.245,0.00756940356890579
3.25,0.0075150259427021575
3.255,0.0074610442779092885
3.2600000000000002,0.007407455636605315
3.265,0.0073542571032526064
3.27,0.007301445784520881
3.275,0.0072490188091114
3.2800000000000002,0.007196973327583021
3.285,0.007145306512179277
3.29,0.007094015556657175
3.295,0.007043097676117398
3.3000000000000003,0.006992550106835808
3.305,0.0069423701060965385
3.31,0.006892554952026183
3.315,0.006843101943429523
3.3200000000000003,0.00679400839962677
3.325,0.0067452716602919155
3.33,0.006696889085292648
3.335,0.006648858054531095
3.34,0.006601175967786774
3.345,0.0065538402445597214
3.35,0.006506848323916171
3.355,0.006460197664334179
3.36,0.006413885743551845
3.365,0.006367910058415548
3.37,0.006322268124730501
3.375,0.0062769574771116676
3.38,0.00623197566883659
3.3850000000000002,0.006187320271698983
3.39,0.006142988875863769
3.395,0.006098979089723145
3.4,0.00605528853975389
3.4050000000000002,0.006011914870375965
3.41,0.005968855743812242
3.415,0.00592610883994892
3.42,0.005883671856198046
3.4250000000000003,0.005841542507360024
3.43,0.005799718525488428
3.435,0.0057581976597547435
3.44,0.005716977676315124
3.4450000000000003,0.005676056358177783
3.45,0.005635431505071711
3.455,0.005595100933316213
3.46,0.00555506247569159
3.465,0.005515313981311148
3.47,0.005475853315493908
3.475,0.005436678359638383
3.48,0.005397787011097589
3.485,0.005359177183055056
3.49,0.005320846804401393
3.495,0.005282793819612601
3.5,0.005245016188628943
3.505,0.0052075118867345215
3.5100000000000002,0.00517027890443857
3.515,0.005133315247357006
3.52,0.005096618936095415
3.525,0.005060188006132648
3.5300000000000002,0.005024020507705691
3.535,0.004988114505695064
3.54,0.004952468079511733
3.545,0.0049170793229841945
3.5500000000000003,0.0048819463442470405
3.555,0.004847067265630349
3.56,0.0048124402235496504
3.565,0.004778063368397104
3.5700000000000003,0.004743934864433521
3.575,0.004710052889681017
3.58,0.004676415635816833
3.585,0.004643021308067827
3.59,0.004609868125105835
3.595,0.004576954318943869
3.6,0.0045442781348333725
3.605,0.004511837831161876
3.61,0.004479631679351951
3.615,0.0044476579637604974
3.62,0.004415914981579145
3.625,0.004384401042735674
3.63,0.004353114469795446
3.6350000000000002,0.004322053597864658
3.64,0.0042912167744934065
3.645,0.004260602359580092
3.65,0.004230208725276612
3.6550000000000002,0.004200034255893959
3.66,0.004170077347808935
3.665,0.004140336409371238
3.67,0.0041108098608117465
3.6750000000000003,0.004081496134151105
3.68,0.0040523936731094124
3.685,0.0040235009330161775
3.69,0.003994816380721564
3.6950000000000003,0.00396633849450786
3.7,0.003938065764001853
3.705,0.003909996690088009
3.71,0.0038821297848220058
3.715,0.0038544635713453693
3.72,0.0038269965838005253
3.725,0.0037997273672465636
3.73,0.0037726544775756616
3.735,0.003745776481430322
3.74,0.003719091956121142
3.745,0.0036925994895451544
3.75,0.0036662976801050073
3.755,0.0036401851366285884
3.7600000000000002,0.003614260478289541
3.765,0.003588522334528149
3.77,0.0035629693449729665
3.775,0.003537600159363105
3.7800000000000002,0.0035124134374710622
3.785,0.0034874078490261724
3.79,0.0034625820736387384
3.795,0.0034379348007246573
3.8000000000000003,0.0034134647294307157
3.805,0.0033891705685604274
3.81,0.0033650510365005023
3.815,0.003341104861147874
3.8200000000000003,0.003317330779837301
3.825,0.0032937275392695355
3.83,0.0032702938954400555
3.835,0.0032470286135683844
3.84,0.0032239304680279457
3.845,0.003200998242276492
3.85,0.003178230728787038
3.855,0.0031556267289793456
3.86,0.003133185053152053
3.865,0.0031109045204151505
3.87,0.0030887839586231525
3.875,0.00306682220430871
3.88,0.0030450181026167823
3.8850000000000002,0.003023370507239247
3.89,0.003001878280350184
3.895,0.002980540292541439
3.9,0.0029593554227589827
3.9050000000000002,0.002938322558239469
3.91,0.0029174405944474985
3.915,0.0028967084350132507
3.92,0.0028761249916707176
3.9250000000000003,0.0028556891841963724
3.93,0.0028353999403481793
3.935,0.0028152561958053757
3.94,0.0027952568941084534
3.9450000000000003,0.002775400986599739
3.95,0.002755687432364399
3.955,0.0027361151981719527
3.96,0.002716683258418176
3.9650000000000003,0.0026973905950675226
3.97,0.00267823619759591
3.975,0.0026592190629340802
3.98,0.0026403381954112296
3.985,0.0026215926066992753
3.99,0.002602981315757399
3.995,0.0025845033487770872
4.0,0.002566157739127576
4.005,0.0025479435273017847
4.01,0.00252985976086258
4.015,0.0025119054943894864
4.0200000000000005,0.0024940797894258838
4.025,0.002476381714426487
4.03,0.0024588103447053685
4.035,0.0024413647623842275
4.04,0.002424044056341265
4.045,0.0024068473221602335
4.05,0.0023897736620800973
4.055,0.0023728221849448603
4.0600000000000005,0.002355992006154011
4.065,0.002339282247613141
4.07,0.0023226920376851236
4.075,0.0023062205111415565
4.08,0.002289866809114602
4.085,0.002273630079049256
4.09,0.0022575094746558762
4.095,0.0022415041558632343
4.1,0.002225613288771765
4.105,0.0022098360456072885
4.11,0.0021941716046750825
4.115,0.0021786191503141974
4.12,0.0021631778728523243
4.125,0.0021478469685607755
4.13,0.002132625639610022
4.135,0.00211751309402547
4.14,0.002102508545643547
4.1450000000000005,0.002087611214068244
4.15,0.00207282032462785
4.155,0.002058135108332156
4.16,0.0020435548018299153
4.165,0.002029078647366534
4.17,0.002014705892742379
4.175,0.0020004357912710605
4.18,0.0019862676017383045
4.1850000000000005,0.0019722005883609827
4.19,0.0019582340207464632
4.195,0.0019443671738524461
4.2,0.0019305993279468909
4.205,0.0019169297685683023
4.21,0.0019033577864865177
4.215,0.0018898826776634207
4.22,0.0018765037432143883
4.225,0.0018632202893696392
4.23,0.0018500316274362334
4.235,0.0018369370737600162
4.24,0.0018239359496881374
4.245,0.0018110275815317383
4.25,0.0017982113005288744
4.255,0.001785486442807828
4.26,0.0017728523493506577
4.265,0.0017603083659569936
4.2700000000000005,0.0017478538432081612
4.275,0.0017354881364315818
4.28,0.0017232106056653494
4.285,0.0017110206156232127
4.29,0.0016989175356597389
4.295,0.0016869007397357764
4.3,0.0016749696063841895
4.305,0.001663123518675793
4.3100000000000005,0.0016513618641856096
4.315,0.0016396840349594015
4.32,0.0016280894274803772
4.325,0.0016165774426362186
4.33,0.0016051474856863307
4.335,0.0015937989662293771
4.34,0.001582531298170985
4.345,0.0015713438996917985
4.3500000000000005,0.0015602361932156746
4.355,0.001549207605378218
4.36,0.0015382575669954676
4.365,0.0015273855130328974
4.37,0.0015165908825745754
4.375,0.0015058731187926474
4.38,0.0014952316689169519
4.385,0.0014846659842049571
4.39,0.0014741755199118966
4.3950000000000005,0.0014637597352610686
4.4,0.0014534180934144753
4.405,0.0014431500614436009
4.41,0.001432955110300418
4.415,0.001422832714788676
4.42,0.001412782353535316
4.425,0.0014028035089621992
4.43,0.0013928956672579452
4.4350000000000005,0.001383058318350094
4.44,0.0013732909558773934
4.445,0.0013635930771623422
4.45,0.0013539641831839145
4.455,0.0013444037785505076
4.46,0.0013349113714730893
4.465,0.0013254864737385688
4.47,0.0013161286006833327
4.4750000000000005,0.001306837271166993
4.48,0.00129761200754634
4.485,0.0012884523356495308
4.49,0.0012793577847503748
4.495,0.0012703278875429143
4.5,0.0012613621801161406
4.505,0.0012524602019289201
4.51,0.0012436214957851131
4.515,0.0012348456078088482
4.5200000000000005,0.001226132087420057
4.525,0.0012174804873100818
4.53,0.0012088903634175977
4.535,0.0012003612749045965
4.54,0.001191892784132645
4.545,0.0011834844566392386
4.55,0.0011751358611144318
4.555,0.001166846569377548
4.5600000000000005,0.0011586161563541216
4.565,0.0011504442000530054
4.57,0.0011423302815436237
4.575,0.0011342739849334552
4.58,0.0011262748973456097
4.585,0.001118332608896634
4.59,0.0011104467126744593
4.595,0.0011026168047165088
4.6000000000000005,0.0010948424839879887
4.605,0.0010871233523603414
4.61,0.0010794590145898275
4.615,0.001071849078296313
4.62,0.0010642931539421902
4.625,0.0010567908548114906
4.63,0.001049341796989061
4.635,0.0010419455993400323
4.64,0.0010346018834893433
4.6450000000000005,0.0010273102738014342
4.65,0.0010200703973601503
4.655,0.0010128818839487117
4.66,0.0010057443660298766
4.665,0.0009986574787262722
4.67,0.0009916208598008468
4.675,0.0009846341496374629
4.68,0.0009776969912216604
4.6850000000000005,0.0009708090301215327
4.69,0.0009639699144687742
4.695,0.0009571792949398772
4.7,0.0009504368247374059
4.705,0.0009437421595715053
4.71,0.0009370949576414709
4.715,0.0009304948796174913
4.72,0.0009239415886225225
4.7250000000000005,0.0009174347502143171
4.73,0.0009109740323675127
4.735,0.0009045591054559776
4.74,0.0008981896422351598
4.745,0.0008918653178246837
4.75,0.0008855858096909657
4.755,0.0008793507976300716
4.76,0.0008731599637505955
4.765,0.0008670129924567516
4.7700000000000005,0.0008609095704315408
4.775,0.0008548493866200699
4.78,0.0008488321322129842
4.785,0.0008428575006300081
4.79,0.0008369251875036609
4.795,0.0008310348906630259
4.8,0.0008251863101176774
4.805,0.0008193791480417491
4.8100000000000005,0.0008136131087580678
4.815,0.000807887898722444
4.82,0.0008022032265080807
4.825,0.0007965588027900698
4.83,0.0007909543403300177
4.835,0.0007853895539608116
4.84,0.0007798641605714659
4.845,0.0007743778790920672
4.8500000000000005,0.0007689304304789147
4.855,0.0007635215376996454
4.86,0.0007581509257185851
4.865,0.0007528183214821395
4.87,0.000747523453904315
4.875,0.0007422660538523713
4.88,0.0007370458541325235
4.885,0.0007318625894758067
4.89,0.0007267159965240065
4.8950000000000005,0.000721605813815731
4.9,0.0007165317817725469
4.905,0.0007114936426852465
4.91,0.0007064911407002127
4.915,0.0007015240218058692
4.92,0.0006965920338192456
4.925,0.0006916949263726399
4.93,0.0006868324509003924
4.9350000000000005,0.0006820043606257154
4.94,0.0006772104105476889
4.945,0.0006724503574282669
4.95,0.0006677239597794758
4.955,0.0006630309778506162
4.96,0.0006583711736156443
4.965,0.0006537443107605595
4.97,0.0006491501546709656
4.9750000000000005,0.0006445884724196783
4.98,0.0006400590327544346
4.985,0.0006355616060856952
4.99,0.0006310959644745305
4.995,0.0006266618816206229
5.0,0.0006222591328503045
5.005,0.0006178874951047519
5.01,0.0006135467469282048
5.015,0.0006092366684563184
5.0200000000000005,0.0006049570414045667
5.025,0.0006007076490567693
5.03,0.0005964882762536555
5.035,0.0005922987093815695
5.04,0.0005881387363611987
5.045,0.0005840081466364458
5.05,0.0005799067311633253
5.055,0.0005758342823989915
5.0600000000000005,0.0005717905942908181
5.065,0.0005677754622655576
5.07,0.0005637886832186067
5.075,0.0005598300555033198
5.08,0.0005558993789204295
5.085,0.0005519964547075134
5.09,0.0005481210855285694
5.095,0.0005442730754636541
5.1000000000000005,0.0005404522299985912
5.105,0.00053665835601478
5.11,0.0005328912617790315
5.115,0.0005291507569335528
5.12,0.000525436652485924
5.125,0.0005217487607992098
5.13,0.0005180868955821175
5.135,0.0005144508718792303
5.14,0.0005108405060613152
5.1450000000000005,0.0005072556158156991
5.15,0.0005036960201367355
5.155,0.0005001615393162867
5.16,0.000496651994934366
5.165,0.0004931672098497424
5.17,0.0004897070081907108
5.175,0.0004862712153458755
5.18,0.00048285965795499315
5.1850000000000005,0.00047947216389992184
5.19,0.000476108562295643
5.195,0.00047276868348128
5.2,0.0004694523590112501
5.205,0.00046615942164646824
5.21,0.00046288970534559537
5.215,0.0004596430452563554
5.22,0.0004564192777069383
5.2250000000000005,0.0004532182401974562
5.23,0.0004500397713914278
5.235,0.0004468837111073898
5.24,0.0004437499003105101
5.245,0.00044063818110430617
5.25,0.0004375483967223907
5.255,0.0004344803915202984
5.26,0.00043143401096737253
5.265,0.0004284091016387012
5.2700000000000005,0.0004254055112071177
5.275,0.00042242308843525804
5.28,0.000419461683167684
5.285,0.00041652114632305496
5.29,0.0004136013298863551
5.295,0.00041070208690119055
5.3,0.00040782327146212456
5.305,0.0004049647387071097
5.3100000000000005,0.00040212634480989303
5.315,0.00039930794697259355
5.32,0.00039650940341820137
5.325,0.0003937305733832667
5.33,0.00039097131711052056
5.335,0.00038823149584165534
5.34,0.00038551097181005906
5.345,0.0003828096082336909
5.3500000000000005,0.000380127269307952
5.355,0.00037746382019862525
5.36,0.00037481912703487777
5.365,0.00037219305690229607
5.37,0.0003695854778359856
5.375,0.00036699625881371316
5.38,0.00036442526974911067
5.385,0.0003618723814849047
5.39,0.00035933746578623184
5.3950000000000005,0.00035682039533396
5.4,0.000354321043718112
5.405,0.0003518392854312638
5.41,0.00034937499586207196
5.415,0.00034692805128879096
5.42,0.0003444983288728658
5.425,0.00034208570665254914
5.43,0.00033969006353660135
5.4350000000000005,0.00033731127929798293
5.44,0.0003349492345676603
5.445,0.00033260381082838333
5.45,0.0003302748904085749
5.455,0.00032796235647622744
5.46,0.00032566609303283394
5.465,0.00032338598490741456
5.47,0.00032112191775052716
5.4750000000000005,0.00031887377802835513
5.48,0.0003166414530168423
5.485,0.0003144248307958441
5.49,0.0003122238002433509
5.495,0.00031003825102973216
5.5,0.00030786807361202624
5.505,0.00030571315922828447
5.51,0.0003035733998919561
5.515,0.00030144868838627865
5.5200000000000005,0.0002993389182587586
5.525,0.00029724398381566727
5.53,0.000295163780116578
5.535,0.0002930982029689349
5.54,0.00029104714892268983
5.545,0.0002890105152649438
5.55,0.0002869882000146606
5.555,0.00028498010191737265
5.5600000000000005,0.0002829861204399815
5.565,0.00028100615576557756
5.57,0.0002790401087882425
5.575,0.0002770878811079896
5.58,0.0002751493750256561
5.585,0.00027322449353787205
5.59,0.000271313140332056
5.595,0.00026941521978145894
5.6000000000000005,0.00026753063694022315
5.605,0.00026565929753849136
5.61,0.00026380110797754957
5.615,0.0002619559753250101
5.62,0.00026012380731000727
5.625,0.00025830451231846445
5.63,0.000256497999388359
5.635,0.00025470417820504894
5.64,0.00025292295909661884
5.6450000000000005,0.0002511542530292638
5.65,0.0002493979716027058
5.655,0.00024765402704564007
5.66,0.00024592233221123696
5.665,0.0002442028005726316
5.67,0.00024249534621849435
5.675,0.00024079988384860033
5.68,0.00023911632876944875
5.6850000000000005,0.0002374445968899113
5.69,0.0002357846047168965
5.695,0.00023413626935106586
5.7,0.00023249950848258267
5.705,0.00023087424038686035
5.71,0.00022926038392038584
5.715,0.0002276578585165417
5.72,0.00022606658418146126
5.7250000000000005,0.0002244864814899318
5.73,0.0002229174715813154
5.735,0.00022135947615548396
5.74,0.00021981241746882855
5.745,0.000218276218330243
5.75,0.00021675080209717515
5.755,0.00021523609267169196
5.76,0.00021373201449657848
5.765,0.0002122384925514521
5.7700000000000005,0.0002107554523489305
5.775,0.00020928281993079837
5.78,0.0002078205218642251
5.785,0.00020636848523798983
5.79,0.00020492663765875219
5.795,0.0002034949072473394
5.8,0.0002020732226350709
5.805,0.0002006615129600817
5.8100000000000005,0.00019925970786371764
5.815,0.00019786773748690437
5.82,0.00019648553246660234
5.825,0.0001951130239322218
5.83,0.00019375014350211505
5.835,0.00019239682328007574
5.84,0.0001910529958518548
5.845,0.00018971859428172446
5.8500000000000005,0.00018839355210903457
5.855,0.00018707780334482682
5.86,0.0001857712824684528
5.865,0.00018447392442422586
5.87,0.00018318566461809243
5.875,0.00018190643891432295
5.88,0.00018063618363224705
5.885,0.00017937483554298384
5.89,0.00017812233186621679
5.8950000000000005,0.00017687861026698392
5.9,0.00017564360885249298
5.905,0.00017441726616896182
5.91,0.00017319952119847245
5.915,0.0001719903133558575
5.92,0.00017078958248560992
5.925,0.00016959726885880166
5.93,0.00016841331317004872
5.9350000000000005,0.00016723765653446613
5.94,0.00016607024048467434
5.945,0.0001649110069678111
5.95,0.00016375989834256958
5.955,0.00016261685737625818
5.96,0.00016148182724187688
5.965,0.00016035475151522167
5.97,0.00015923557417200782
5.9750000000000005,0.00015812423958500832
5.98,0.00015702069252122424
5.985,0.00015592487813905756
5.99,0.00015483674198553114
5.995,0.0001537562299934974
6.0,0.00015268328847889193
6.005,0.0001516178641379997
6.01,0.00015055990404472873
6.015000000000001,0.00014950935564792808
6.0200000000000005,0.0001484661667686954
6.025,0.00014743028559773458
6.03,0.00014640166069270622
6.035,0.00014538024097561012
6.04,0.00014436597573019256
6.045,0.00014335881459935594
6.05,0.0001423587075825961
6.055,0.00014136560503346822
6.0600000000000005,0.00014037945765704
6.065,0.00013940021650740987
6.07,0.00013842783298519319
6.075,0.00013746225883506507
6.08,0.00013650344614329717
6.085,0.00013555134733533284
6.09,0.00013460591517334988
6.095,0.0001336671027538758
6.1000000000000005,0.00013273486350539863
6.105,0.0001318091511859957
6.11,0.00013088991988098264
6.115,0.0001299771240005912
6.12,0.00012907071827763467
6.125,0.00012817065776522983
6.13,0.00012727689783449477
6.135,0.00012638939417229487
6.140000000000001,0.00012550810277898392
6.1450000000000005,0.00012463297996617652
6.15,0.00012376398235452513
6.155,0.00012290106687151933
6.16,0.00012204419074930063
6.165,0.00012119331152248756
6.17,0.00012034838702602862
6.175,0.00011950937539305828
6.18,0.0001186762350527711
6.1850000000000005,0.00011784892472831023
6.19,0.00011702740343468504
6.195,0.00011621163047667899
6.2,0.00011540156544679747
6.205,0.00011459716822320815
6.21,0.00011379839896772264
6.215,0.00011300521812375257
6.22,0.00011221758641432842
6.2250000000000005,0.00011143546484009427
6.23,0.00011065881467734309
6.235,0.00010988759747603716
6.24,0.00010912177505788055
6.245,0.00010836130951436973
6.25,0.00010760616320488126
6.255,0.00010685629875476325
6.26,0.0001061116790534422
6.265000000000001,0.00010537226725254302
6.2700000000000005,0.00010463802676402535
6.275,0.00010390892125833185
6.28,0.0001031849146625485
6.285,0.00010246597115857581
6.29,0.0001017520551813225
6.295,0.00010104313141690203
6.3,0.00010033916480084441
6.305,9.96401205163199e-05
6.3100000000000005,9.894596399239483e-05
6.315,9.82566609022622e-05
6.32,9.757217716151166e-05
6.325,9.689247892641347e-05
6.33,9.621753259220271e-05
6.335,9.554730479137553e-05
6.34,9.488176239201226e-05
6.345,9.422087249609394e-05
6.3500000000000005,9.356460243784555e-05
6.355,9.291291978208179e-05
6.36,9.226579232256826e-05
6.365,9.162318808039986e-05
6.37,9.098507530237834e-05
6.375,9.035142245941253e-05
6.38,8.972219824492718e-05
6.385,8.909737157327378e-05
6.390000000000001,8.847691157817204e-05
6.3950000000000005,8.78607876111452e-05
6.4,8.72489692399738e-05
6.405,8.664142624715956e-05
6.41,8.603812862840226e-05
6.415,8.54390465910823e-05
6.42,8.484415055275978e-05
6.425,8.425341113967808e-05
6.43,8.366679918529479e-05
6.4350000000000005,8.308428572878607e-05
6.44,8.250584201361306e-05
6.445,8.193143948605288e-05
6.45,8.136104979376472e-05
6.455,8.079464478436831e-05
6.46,8.02321965040044e-05
6.465,7.967367719594656e-05
6.47,7.911905929919259e-05
6.4750000000000005,7.856831544707415e-05
6.48,7.802141846587972e-05
6.485,7.747834137348598e-05
6.49,7.693905737799941e-05
6.495,7.640353987640105e-05
6.5,7.587176245321719e-05
6.505,7.534369887916946e-05
6.51,7.481932310988194e-05
6.515000000000001,7.429860928453935e-05
6.5200000000000005,7.378153172460746e-05
6.525,7.326806493253427e-05
6.53,7.275818359045532e-05
6.535,7.225186255893035e-05
6.54,7.174907687568704e-05
6.545,7.124980175433986e-05
6.55,7.075401258316039e-05
6.555,7.026168492383736e-05
6.5600000000000005,6.977279451024475e-05
6.565,6.928731724721438e-05
6.57,6.88052292093412e-05
6.575,6.832650663975764e-05
6.58,6.785112594895839e-05
6.585,6.73790637136058e-05
6.59,6.691029667534791e-05
6.595,6.644480173965386e-05
6.6000000000000005,6.598255597465738e-05
6.605,6.552353660999585e-05
6.61,6.506772103566935e-05
6.615,6.461508680090436e-05
6.62,6.416561161302651e-05
6.625,6.371927333633998e-05
6.63,6.327604999101233e-05
6.635,6.283591975197416e-05
6.640000000000001,6.239886094782156e-05
6.6450000000000005,6.196485205972992e-05
6.65,6.153387172036443e-05
6.655,6.110589871281867e-05
6.66,6.0680911969545455e-05
6.665,6.0258890571289096e-05
6.67,5.9839813746055234e-05
6.675,5.942366086804708e-05
6.68,5.90104114566459e-05
6.6850000000000005,5.8600045175373867e-05
6.69,5.8192541830876805e-05
6.695,5.7787881371911565e-05
6.7,5.73860438883418e-05
6.705,5.6987009610130266e-05
6.71,5.659075890635809e-05
6.715,5.619727228423307e-05
6.72,5.580653038811475e-05
6.7250000000000005,5.5418513998546074e-05
6.73,5.5033204031281324e-05
6.735,5.465058153633875e-05
6.74,5.427062769704614e-05
6.745,5.389332382909751e-05
6.75,5.351865137961544e-05
6.755,5.3146591926222395e-05
6.76,5.277712717612277e-05
6.765000000000001,5.241023896517569e-05
6.7700000000000005,5.204590925699048e-05
6.775,5.168412014202652e-05
6.78,5.1324853836689576e-05
6.785,5.0968092682443464e-05
6.79,5.0613819144927485e-05
6.795,5.026201581307576e-05
6.8,4.9912665398246863e-05
6.805,4.956575073335643e-05
6.8100000000000005,4.922125477201796e-05
6.815,4.887916058769196e-05
6.82,4.853945137283145e-05
6.825,4.820211043805548e-05
6.83,4.786712121129423e-05
6.835,4.7534467236973866e-05
6.84,4.72041321751894e-05
6.845,4.687609980088373e-05
6.8500000000000005,4.655035400304233e-05
6.855,4.622687878387701e-05
6.86,4.59056582580388e-05
6.865,4.5586676651812625e-05
6.87,4.5269918302332785e-05
6.875,4.495536765680184e-05
6.88,4.464300927170428e-05
6.885,4.433282781204597e-05
6.890000000000001,4.4024808050579706e-05
6.8950000000000005,4.3718934867044174e-05
6.9,4.3415193247412555e-05
6.905,4.311356828313721e-05
6.91,4.2814045170409216e-05
6.915,4.2516609209412535e-05
6.92,4.222124580359454e-05
6.925,4.192794045893753e-05
6.93,4.163667878322848e-05
6.9350000000000005,4.134744648534358e-05
6.94,4.1060229374537806e-05
6.945,4.077501335972821e-05
6.95,4.0491784448800414e-05
6.955,4.021052874789797e-05
6.96,3.993123246073783e-05
6.965,3.9653881887917464e-05
6.97,3.937846342623403e-05
6.9750000000000005,3.910496356799862e-05
6.98,3.883336890036441e-05
6.985,3.8563666104669974e-05
6.99,3.8295841955753366e-05
6.995,3.802988332130612e-05
7.0,3.776577716121205e-05
7.005,3.750351052690029e-05
7.01,3.724307056069766e-05
7.015000000000001,3.698444449518665e-05
7.0200000000000005,3.6727619652565176e-05
7.025,3.647258344402646e-05
7.03,3.621932336911643e-05
7.035,3.596782701511627e-05
7.04,3.5718082056428166e-05
7.045,3.547007625394949e-05
7.05,3.522379745447691e-05
7.055,3.4979233590085986e-05
7.0600000000000005,3.4736372677541375e-05
7.065,3.449520281769187e-05
7.07,3.4255712194879775e-05
7.075,3.4017889076354106e-05
7.08,3.3781721811681187e-05
7.085,3.354719883217064e-05
7.09,3.331430865029165e-05
7.095,3.308303985910558e-05
7.1000000000000005,3.285338113169738e-05
7.105,3.2625321220607954e-05
7.11,3.2398848957277874e-05
7.115,3.21739532514872e-05
7.12,3.195062309081113e-05
7.125,3.172884754005856e-05
7.13,3.150861574073701e-05
7.135,3.128991691051477e-05
7.140000000000001,3.107274034266855e-05
7.1450000000000005,3.08570754055732e-05
7.15,3.064291154215621e-05
7.155,3.043023826936992e-05
7.16,3.0219045177681156e-05
7.165,3.0009321930551946e-05
7.17,2.9801058263916137e-05
7.175,2.959424398567425e-05
7.18,2.938886897518696e-05
7.1850000000000005,2.9184923182773883e-05
7.19,2.8982396629206225e-05
7.195,2.8781279405216097e-05
7.2,2.8581561671000762e-05
7.205,2.8383233655737187e-05
7.21,2.8186285657093846e-05
7.215,2.7990708040744505e-05
7.22,2.779649123989335e-05
7.2250000000000005,2.760362575480211e-05
7.23,2.7412102152312502e-05
7.235,2.7221911065377616e-05
7.24,2.7033043192598722e-05
7.245,2.684548929776158e-05
7.25,2.665924020938231e-05
7.255,2.6474286820234844e-05
7.26,2.629062008692702e-05
7.265000000000001,2.610823102942319e-05
7.2700000000000005,2.5927110730615192e-05
7.275,2.574725033586962e-05
7.28,2.5568641052593936e-05
7.285,2.539127414979959e-05
7.29,2.521514095766603e-05
7.295,2.5040232867111594e-05
7.3,2.4866541329360436e-05
7.305,2.4694057855528265e-05
7.3100000000000005,2.4522774016191273e-05
7.315,2.4352681440975984e-05
7.32,2.4183771818135457e-05
7.325,2.401603689414373e-05
7.33,2.3849468473279058e-05
7.335,2.3684058417222816e-05
7.34,2.351979864465526e-05
7.345,2.335668113085029e-05
7.3500000000000005,2.319469790728186e-05
7.355,2.3033841061227002e-05
7.36,2.287410273537028e-05
7.365,2.2715475127418876e-05
7.37,2.2557950489712654e-05
7.375,2.2401521128836496e-05
7.38,2.224617940524962e-05
7.385,2.209191773289574e-05
7.390000000000001,2.193872857882809e-05
7.3950000000000005,2.178660446284239e-05
7.4,2.163553795709879e-05
7.405,2.148552168576025e-05
7.41,2.1336548324622527e-05
7.415,2.1188610600746137e-05
7.42,2.104170129210896e-05
7.425,2.0895813227238878e-05
7.43,2.0750939284856785e-05
7.4350000000000005,2.0607072393530218e-05
7.44,2.0464205531319627e-05
7.445,2.0322331725428308e-05
7.45,2.018144405186101e-05
7.455,2.0041535635079558e-05
7.46,1.9902599647658185e-05
7.465,1.9764629309952594e-05
7.47,1.962761788975819e-05
7.4750000000000005,1.9491558701979402e-05
7.48,1.9356445108296533e-05
7.485,1.922227051683864e-05
7.49,1.9089028381859552e-05
7.495,1.8956712203404144e-05
7.5,1.8825315526999866e-05
7.505,1.86948319433283e-05
7.51,1.856525508790904e-05
7.515000000000001,1.8436578640786065e-05
7.5200000000000005,1.8308796326214518e-05
7.525,1.8181901912349774e-05
7.53,1.8055889210939326e-05
7.535,1.793075207701614e-05
7.54,1.7806484408594903e-05
7.545,1.7683080146369657e-05
7.55,1.7560533273414628e-05
7.555,1.7438837814885395e-05
7.5600000000000005,1.7317987837724665e-05
7.565,1.7197977450367832e-05
7.57,1.707880080245151e-05
7.575,1.696045208452481e-05
7.58,1.6842925527761296e-05
7.585,1.672621540367421e-05
7.59,1.6610316023832556e-05
7.595,1.649522173958053e-05
7.6000000000000005,1.6380926941757433e-05
7.605,1.626742606042122e-05
7.61,1.6154713564572052e-05
7.615,1.6042783961879947e-05
7.62,1.5931631798412483e-05
7.625,1.582125165836557e-05
7.63,1.5711638163795434e-05
7.635,1.560278597435329e-05
7.640000000000001,1.549468978702089e-05
7.6450000000000005,1.5387344335849e-05
7.65,1.528074439169678e-05
7.655,1.5174884761973469e-05
7.66,1.5069760290382012e-05
7.665,1.4965365856664035e-05
7.67,1.4861696376347224e-05
7.675,1.4758746800493795e-05
7.68,1.4656512115451548e-05
7.6850000000000005,1.4554987342605859e-05
7.69,1.4454167538133781e-05
7.695,1.4354047792760221e-05
7.7,1.425462323151521e-05
7.705,1.4155889013493327e-05
7.71,1.4057840331614768e-05
7.715,1.3960472412387658e-05
7.72,1.3863780515672733e-05
7.7250000000000005,1.3767759934449114e-05
7.73,1.3672405994582214e-05
7.735,1.3577714054592787e-05
7.74,1.3483679505427975e-05
7.745,1.3390297770233723e-05
7.75,1.3297564304128929e-05
7.755,1.320547459398138e-05
7.76,1.3114024158184857e-05
7.765000000000001,1.3023208546438013e-05
7.7700000000000005,1.2933023339524776e-05
7.775,1.2843464149096567e-05
7.78,1.275452661745555e-05
7.785,1.2666206417339852e-05
7.79,1.2578499251709946e-05
7.795,1.2491400853536985e-05
7.8,1.2404906985592113e-05
7.805000000000001,1.2319013440237623e-05
7.8100000000000005,1.223371603921928e-05
7.815,1.214901063346085e-05
7.82,1.2064893102858717e-05
7.825,1.1981359356079454e-05
7.83,1.189840533035774e-05
7.835,1.1816026991296109e-05
7.84,1.1734220332666244e-05
7.845,1.1652981376211482e-05
7.8500000000000005,1.1572306171450532e-05
7.855,1.149219079548306e-05
7.86,1.1412631352796097e-05
7.865,1.1333623975072429e-05
7.87,1.1255164820999474e-05
7.875,1.1177250076080518e-05
7.88,1.1099875952446431e-05
7.885,1.1023038688669389e-05
7.890000000000001,1.0946734549577125e-05
7.8950000000000005,1.087095982606942e-05
7.9,1.0795710834935145e-05
7.905,1.0720983918670713e-05
7.91,1.064677544530027e-05
7.915,1.0573081808196682e-05
7.92,1.0499899425903926e-05
7.925,1.0427224741960578e-05
7.930000000000001,1.0355054224725042e-05
7.9350000000000005,1.0283384367201351e-05
7.94,1.021221168686673e-05
7.945,1.0141532725500049e-05
7.95,1.0071344049011486e-05
7.955,1.0001642247273834e-05
7.96,9.932423933954197e-06
7.965,9.863685746347656e-06
7.97,9.795424345211644e-06
7.9750000000000005,9.72763641460166e-06
7.98,9.660318661708102e-06
7.985,9.593467816694196e-06
7.99,9.527080632535117e-06
7.995,9.461153884858298e-06
8.0,9.3956843717845e-06
8.005,9.330668913771045e-06
8.01,9.266104353454518e-06
8.015,9.201987555495912e-06
8.02,9.13831540642655e-06
8.025,9.075084814494597e-06
8.03,9.01229270951332e-06
8.035,8.94993604270992e-06
8.040000000000001,8.888011786575614e-06
8.045,8.826516934716868e-06
8.05,8.765448501707542e-06
8.055,8.704803522942161e-06
8.06,8.644579054489934e-06
8.065,8.584772172950473e-06
8.07,8.525379975309638e-06
8.075,8.466399578796959e-06
8.08,8.407828120744329e-06
8.085,8.349662758444719e-06
8.09,8.291900669012864e-06
8.095,8.234539049246474e-06
8.1,8.177575115488285e-06
8.105,8.121006103489681e-06
8.11,8.064829268274368e-06
8.115,8.009041884004014e-06
8.120000000000001,7.953641243843928e-06
8.125,7.898624659830341e-06
8.13,7.8439894627383e-06
8.135,7.789733001950467e-06
8.14,7.735852645327106e-06
8.145,7.682345779076514e-06
8.15,7.629209807627054e-06
8.155,7.576442153499375e-06
8.16,7.524040257179978e-06
8.165000000000001,7.472001576995451e-06
8.17,7.420323588987815e-06
8.175,7.369003786790447e-06
8.18,7.31803968150515e-06
8.185,7.267428801579837e-06
8.19,7.217168692687384e-06
8.195,7.1672569176050884e-06
8.2,7.117691056094877e-06
8.205,7.068468704784728e-06
8.21,7.019587477050626e-06
8.215,6.971045002899527e-06
8.22,6.922838928852874e-06
8.225,6.874966917831323e-06
8.23,6.827426649039822e-06
8.235,6.780215817854127e-06
8.24,6.733332135707242e-06
8.245000000000001,6.68677332997757e-06
8.25,6.640537143877139e-06
8.255,6.594621336341094e-06
8.26,6.5490236819176434e-06
8.265,6.503741970659012e-06
8.27,6.458774008012831e-06
8.275,6.4141176147148576e-06
8.28,6.36977062668172e-06
8.285,6.325730894905224e-06
8.290000000000001,6.281996285346546e-06
8.295,6.2385646788318624e-06
8.3,6.195433970948386e-06
8.305,6.152602071941123e-06
8.31,6.110066906610545e-06
8.315,6.0678264142107994e-06
8.32,6.0258785483486225e-06
8.325,5.984221276883167e-06
8.33,5.9428525818263104e-06
8.335,5.90177045924377e-06
8.34,5.860972919156846e-06
8.345,5.820457985445067e-06
8.35,5.780223695749092e-06
8.355,5.7402681013748436e-06
8.36,5.700589267197739e-06
8.365,5.661185271568079e-06
8.370000000000001,5.622054206216908e-06
8.375,5.583194176162297e-06
8.38,5.544603299616844e-06
8.385,5.506279707895152e-06
8.39,5.4682215453225825e-06
8.395,5.430426969144249e-06
8.4,5.392894149434655e-06
8.405,5.355621269008295e-06
8.41,5.318606523330453e-06
8.415000000000001,5.281848120428982e-06
8.42,5.245344280806573e-06
8.425,5.209093237353356e-06
8.43,5.173093235260706e-06
8.435,5.137342531935273e-06
8.44,5.101839396913359e-06
8.445,5.0665821117766105e-06
8.45,5.031568970067639e-06
8.455,4.996798277206653e-06
8.46,4.962268350408348e-06
8.465,4.927977518599684e-06
8.47,4.8939241223380575e-06
8.475,4.860106513730025e-06
8.48,4.8265230563507175e-06
8.485,4.793172125163767e-06
8.49,4.760052106441788e-06
8.495000000000001,4.727161397687414e-06
8.5,4.694498407554883e-06
8.505,4.662061555772139e-06
8.51,4.629849273063671e-06
8.515,4.597860001073472e-06
8.52,4.566092192289111e-06
8.525,4.534544309965883e-06
8.53,4.503214828051635e-06
8.535,4.4721022311121955e-06
8.540000000000001,4.441205014257162e-06
8.545,4.410521683066409e-06
8.55,4.380050753516884e-06
8.555,4.349790751910184e-06
8.56,4.319740214800405e-06
8.565,4.289897688922595e-06
8.57,4.260261731121755e-06
8.575000000000001,4.230830908282154e-06
8.58,4.201603797257408e-06
8.585,4.172578984800836e-06
8.59,4.143755067496374e-06
8.595,4.115130651689993e-06
8.6,4.0867043534216464e-06
8.605,4.058474798357429e-06
8.61,4.030440621722674e-06
8.615,4.002600468235018e-06
8.620000000000001,3.974952992038314e-06
8.625,3.947496856636856e-06
8.63,3.920230734829924e-06
8.635,3.89315330864724e-06
8.64,3.8662632692841535e-06
8.645,3.839559317038115e-06
8.65,3.813040161244859e-06
8.655,3.7867045202155686e-06
8.66,3.760551121174138e-06
8.665000000000001,3.734578700195073e-06
8.67,3.7087860021416966e-06
8.675,3.6831717806048657e-06
8.68,3.6577347978421494e-06
8.685,3.6324738247173156e-06
8.69,3.607387640640292e-06
8.695,3.5824750335076133e-06
8.700000000000001,3.5577347996432457e-06
8.705,3.533165743739747e-06
8.71,3.5087666787999394e-06
8.715,3.484536426078919e-06
8.72,3.4604738150266012e-06
8.725,3.436577683230469e-06
8.73,3.412846876358937e-06
8.735,3.389280248104862e-06
8.74,3.3658766601297183e-06
8.745000000000001,3.3426349820079524e-06
8.75,3.3195540911718807e-06
8.755,3.296632872856819e-06
8.76,3.273870220046759e-06
8.765,3.2512650334202874e-06
8.77,3.2288162212969284e-06
8.775,3.2065226995840152e-06
8.78,3.1843833917235363e-06
8.785,3.162397228639851e-06
8.790000000000001,3.1405631486873878e-06
8.795,3.118880097598965e-06
8.8,3.0973470284341907e-06
8.805,3.0759629015285454e-06
8.81,3.0547266844426327e-06
8.815,3.033637351911729e-06
8.82,3.012693885795904e-06
8.825000000000001,2.9918952750302658e-06
8.83,2.9712405155756683e-06
8.835,2.9507286103698275e-06
8.84,2.9303585692785733e-06
8.845,2.910129409047607e-06
8.85,2.8900401532546547e-06
8.855,2.8700898322616767e-06
8.86,2.85027748316773e-06
8.865,2.8306021497620303e-06
8.870000000000001,2.811062882477184e-06
8.875,2.791658738343039e-06
8.88,2.772388780940665e-06
8.885,2.753252080356728e-06
8.89,2.7342477131381174e-06
8.895,2.715374762246959e-06
8.9,2.6966323170159466e-06
8.905,2.6780194731039015e-06
8.91,2.659535332451741e-06
8.915000000000001,2.6411790032387036e-06
8.92,2.622949599838875e-06
8.925,2.604846242778038e-06
8.93,2.5868680586908233e-06
8.935,2.56901418027818e-06
8.94,2.551283746265043e-06
8.945,2.533675901358443e-06
8.950000000000001,2.516189796205826e-06
8.955,2.498824587353659e-06
8.96,2.481579437206331e-06
8.965,2.4644535139853366e-06
8.97,2.4474459916888967e-06
8.975,2.430556050051478e-06
8.98,2.413782874504114e-06
8.985,2.3971256561345086e-06
8.99,2.3805835916477985e-06
8.995000000000001,2.3641558833272917e-06
9.0,2.3478417389957776e-06
9.005,2.331640371976828e-06
9.01,2.3155510010565157e-06
9.015,2.2995728504454957e-06
9.02,2.2837051497409833e-06
9.025,2.2679471338895016e-06
9.03,2.2522980431495502e-06
9.035,2.2367571230545116e-06
9.040000000000001,2.2213236243760356e-06
9.045,2.2059968030876176e-06
9.05,2.190775920328191e-06
9.055,2.1756602423663635e-06
9.06,2.160649040564594e-06
9.065,2.145741591343745e-06
9.07,2.130937176147948e-06
9.075000000000001,2.116235081409472e-06
9.08,2.101634598514139e-06
9.085,2.087135023766823e-06
9.09,2.0727356583571655e-06
9.095,2.0584358083255083e-06
9.1,2.0442347845293742e-06
9.105,2.0301319026096547e-06
9.11,2.016126482957459e-06
9.115,2.002217850681057e-06
9.120000000000001,1.988405335572971e-06
9.125,1.974688272077465e-06
9.13,1.961065999258103e-06
9.135,1.94753786076562e-06
9.14,1.9341032048060353e-06
9.145,1.9207613841088945e-06
9.15,1.907511755895792e-06
9.155,1.894353681849176e-06
9.16,1.8812865280812086e-06
9.165000000000001,1.868309665103064e-06
9.17,1.8554224677942182e-06
9.175,1.8426243153720634e-06
9.18,1.8299145913617571e-06
9.185,1.817292683566244e-06
9.19,1.8047579840365026e-06
9.195,1.7923098890419495e-06
9.200000000000001,1.7799477990410772e-06
9.205,1.7676711186524465e-06
9.21,1.7554792566254787e-06
9.215,1.7433716258120505e-06
9.22,1.7313476431376638e-06
9.225,1.719406729573267e-06
9.23,1.7075483101070775e-06
9.235,1.6957718137165944e-06
9.24,1.68407667334097e-06
9.245000000000001,1.6724623258532172e-06
9.25,1.6609282120331452e-06
9.255,1.6494737765398772e-06
9.26,1.6380984678851823e-06
9.265,1.626801738406392e-06
9.27,1.6155830442399987e-06
9.275,1.6044418452951098e-06
9.28,1.5933776052272414e-06
9.285,1.5823897914123109e-06
9.290000000000001,1.5714778749206885e-06
9.295,1.5606413304915425e-06
9.3,1.5498796365073507e-06
9.305,1.5391922749684644e-06
9.31,1.5285787314681086e-06
9.315,1.5180384951672557e-06
9.32,1.507571058769841e-06
9.325000000000001,1.4971759184982052e-06
9.33,1.4868525740685449e-06
9.335,1.4766005286666806e-06
9.34,1.4664192889238094e-06
9.345,1.4563083648928007e-06
9.35,1.446267270024052e-06
9.355,1.4362955211422222e-06
9.36,1.426392638422542e-06
9.365,1.4165581453675338e-06
9.370000000000001,1.4067915687840443e-06
9.375,1.3970924387600454e-06
9.38,1.3874602886420169e-06
9.385,1.3778946550121974e-06
9.39,1.3683950776660592e-06
9.395,1.3589610995900792e-06
9.4,1.3495922669394477e-06
9.405,1.3402881290161355e-06
9.41,1.3310482382469282e-06
9.415000000000001,1.321872150161776e-06
9.42,1.312759423372197e-06
9.425,1.3037096195498779e-06
9.43,1.2947223034053434e-06
9.435,1.285797042666911e-06
9.44,1.2769334080596816e-06
9.445,1.2681309732847134e-06
9.450000000000001,1.2593893149983126e-06
9.455,1.2507080127915595e-06
9.46,1.2420866491698618e-06
9.465,1.2335248095326963e-06
9.47,1.2250220821535243e-06
9.475,1.2165780581598266e-06
9.48,1.2081923315132246e-06
9.485,1.1998644989898382e-06
9.49,1.1915941601606923e-06
9.495000000000001,1.183380917372313e-06
9.5,1.1752243757274258e-06
9.505,1.1671241430658348e-06
9.51,1.1590798299453727e-06
9.515,1.151091049623033e-06
9.52,1.1431574180362086e-06
9.525,1.1352785537840577e-06
9.53,1.1274540781090808e-06
9.535,1.1196836148786236e-06
9.540000000000001,1.111966790566753e-06
9.545,1.1043032342361374e-06
9.55,1.096692577519969e-06
9.555,1.089134454604257e-06
9.56,1.0816285022099551e-06
9.565,1.074174359575436e-06
9.57,1.066771668438941e-06
9.575000000000001,1.0594200730213033e-06
9.58,1.0521192200085973e-06
9.585,1.044868758535104e-06
9.59,1.0376683401662514e-06
9.595,1.030517618881733e-06
9.6,1.0234162510587851e-06
9.605,1.0163638954554853e-06
9.61,1.0093602131942401e-06
9.615,1.0024048677453141e-06
9.620000000000001,9.954975249106072e-07
9.625,9.886378528074257e-07
9.63,9.81825521852354e-07
9.635,9.750602047453592e-07
9.64,9.683415764539128e-07
9.645,9.616693141972034e-07
9.65,9.550430974305247e-07
9.655,9.48462607829798e-07
9.66,9.419275292760921e-07
9.665000000000001,9.354375478402675e-07
9.67,9.289923517679308e-07
9.675,9.225916314641218e-07
9.68,9.162350794785349e-07
9.685,9.099223904904614e-07
9.69,9.03653261294057e-07
9.695,8.974273907837171e-07
9.700000000000001,8.91244479939388e-07
9.705,8.851042318121909e-07
9.71,8.790063515099393e-07
9.715,8.729505461829653e-07
9.72,8.669365250098711e-07
9.725,8.609639991834626e-07
9.73,8.550326818967606e-07
9.735,8.491422883291473e-07
9.74,8.432925356325324e-07
9.745000000000001,8.37483142917692e-07
9.75,8.317138312406752e-07
9.755,8.259843235892637e-07
9.76,8.202943448695758e-07
9.765,8.146436218928187e-07
9.77,8.09031883361934e-07
9.775,8.034588598585699e-07
9.78,7.979242838300251e-07
9.785,7.924278895762747e-07
9.790000000000001,7.869694132371267e-07
9.795,7.81548592779444e-07
9.8,7.761651679844665e-07
9.805,7.70818880435233e-07
9.81,7.655094735040523e-07
9.815,7.602366923401072e-07
9.82,7.550002838571084e-07
9.825000000000001,7.497999967210699e-07
9.83,7.44635581338093e-07
9.835,7.395067898424046e-07
9.84,7.344133760842288e-07
9.845,7.293550956179597e-07
9.85,7.243317056903267e-07
9.855,7.193429652286591e-07
9.86,7.143886348291995e-07
9.865,7.094684767454874e-07
9.870000000000001,7.045822548770041e-07
9.875,6.997297347575793e-07
9.88,6.949106835441464e-07
9.885,6.901248700054936e-07
9.89,6.853720645109819e-07
9.895,6.806520390195975e-07
9.9,6.759645670687452e-07
9.905,6.713094237634715e-07
9.91,6.666863857654482e-07
9.915000000000001,6.620952312822296e-07
9.92,6.575357400565541e-07
9.925,6.530076933556824e-07
9.93,6.485108739607743e-07
9.935,6.440450661564339e-07
9.94,6.396100557202679e-07
9.945,6.35205629912535e-07
9.950000000000001,6.308315774658562e-07
9.955,6.264876885749952e-07
9.96,6.2217375488673e-07
9.965,6.178895694897753e-07
9.97,6.136349269047732e-07
9.975,6.094096230743836e-07
9.98,6.052134553533702e-07
9.985,6.010462224989028e-07
9.99,5.969077246607256e-07
9.995000000000001,5.927977633715684e-07
10.0,5.887161415375282e-07
10.005,5.84662663428531e-07
10.01,5.806371346689287e-07
10.015,5.766393622280208e-07
10.02,5.726691544108341e-07
10.025,5.687263208487493e-07
10.03,5.648106724903763e-07
10.035,5.609220215924134e-07
10.040000000000001,5.570601817105705e-07
10.045,5.532249676904908e-07
10.05,5.494161956589311e-07
10.055,5.45633683014815e-07
10.06,5.418772484204014e-07
10.065,5.381467117925315e-07
10.07,5.344418942939435e-07
10.075000000000001,5.307626183246241e-07
10.08,5.271087075132336e-07
10.085,5.234799867086253e-07
10.09,5.19876281971277e-07
10.095,5.1629742056501e-07
10.1,5.127432309486042e-07
10.105,5.092135427674894e-07
10.11,5.05708186845545e-07
10.115,5.022269951769117e-07
10.120000000000001,4.987698009179181e-07
10.125,4.953364383789595e-07
10.13,4.919267430165763e-07
10.135,4.885405514254373e-07
10.14,4.851777013305067e-07
10.145,4.818380315791481e-07
10.15,4.785213821334297e-07
10.155,4.752275940622968e-07
10.16,4.7195650953397157e-07
10.165000000000001,4.687079718083417e-07
10.17,4.65481825229325e-07
10.175,4.6227791521741323e-07
10.18,4.5909608826221337e-07
10.185,4.559361919149762e-07
10.19,4.527980747813096e-07
10.195,4.496815865138473e-07
10.200000000000001,4.465865778049554e-07
10.205,4.4351290037961356e-07
10.21,4.404604069881498e-07
10.215,4.3742895139921804e-07
10.22,4.344183883927133e-07
10.225,4.3142857375274966e-07
10.23,4.2845936426074113e-07
10.235,4.2551061768843743e-07
10.24,4.225821927910929e-07
10.245000000000001,4.196739493006694e-07
10.25,4.1678574791900893e-07
10.255,4.139174503112033e-07
10.26,4.1106891909881564e-07
10.265,4.0824001785333515e-07
10.27,4.0543061108957473e-07
10.275,4.0264056425908545e-07
10.28,3.9986974374374206e-07
10.285,3.97118016849262e-07
10.290000000000001,3.943852517987777e-07
10.295,3.9167131772652305e-07
10.3,3.889760846715239e-07
10.305,3.86299423571276e-07
10.31,3.836412062555821e-07
10.315,3.81001305440363e-07
10.32,3.7837959472143367e-07
10.325000000000001,3.75775948568542e-07
10.33,3.7319024231920617e-07
10.335,3.706223521727693e-07
10.34,3.680721551844133e-07
10.345,3.6553952925918024e-07
10.35,3.630243531461602e-07
10.355,3.6052650643259915e-07
10.36,3.5804586953812374e-07
10.365,3.555823237089347e-07
10.370000000000001,3.5313575101212304e-07
10.375,3.507060343299342e-07
10.38,3.48293057354219e-07
10.385,3.4589670458069403e-07
10.39,3.4351686130348184e-07
10.395,3.411534136095202e-07
10.4,3.3880624837309853e-07
10.405,3.364752532504164e-07
10.41,3.3416031667410604e-07
10.415000000000001,3.3186132784796416e-07
10.42,3.295781767414731e-07
10.425,3.2731075408465064e-07
10.43,3.250589513626353e-07
10.435,3.228226608105646e-07
10.44,3.2060177540833646e-07
10.445,3.183961888754617e-07
10.450000000000001,3.1620579566592056e-07
10.455,3.1403049096312833e-07
10.46,3.1187017067483653e-07
10.465,3.097247314281071e-07
10.47,3.0759407056441147e-07
10.475,3.054780861345926e-07
10.48,3.033766768939948e-07
10.485,3.0128974229758886e-07
10.49,2.9921718249511685e-07
10.495000000000001,2.97158898326285e-07
10.5,2.9511479131600704e-07
10.505,2.9308476366960304e-07
10.51,2.910687182681776e-07
10.515,2.8906655866383607e-07
10.52,2.870781890751332e-07
10.525,2.851035143824088e-07
10.53,2.831424401232008e-07
10.535,2.8119487248772076e-07
10.540000000000001,2.792607183143452e-07
10.545,2.7733988508510164e-07
10.55,2.754322809212079e-07
10.555,2.7353781457866926e-07
10.56,2.716563954438709e-07
10.565,2.6978793352924207e-07
10.57,2.6793233946886853e-07
10.575000000000001,2.6608952451424274e-07
10.58,2.6425940052995284e-07
10.585,2.6244187998946927e-07
10.59,2.606368759709273e-07
10.595,2.588443021528949e-07
10.6,2.570640728102824e-07
10.605,2.552961028101473e-07
10.61,2.535403076077073e-07
10.615,2.517966032421099e-07
10.620000000000001,2.500649063325454e-07
10.625,2.4834513407410945e-07
10.63,2.4663720423391954e-07
10.635,2.449410351470901e-07
10.64,2.432565457128136e-07
10.645,2.4158365539047186e-07
10.65,2.3992228419574637e-07
10.655,2.3827235269679255e-07
10.66,2.3663378201035853e-07
10.665000000000001,2.3500649379805498e-07
10.67,2.3339041026258565e-07
10.675,2.3178545414391523e-07
10.68,2.3019154871563993e-07
10.685,2.286086177812953e-07
10.69,2.2703658567061803e-07
10.695,2.2547537723596402e-07
10.700000000000001,2.2392491784866926e-07
10.705,2.2238513339548855e-07
10.71,2.2085595027498608e-07
10.715,2.193372953940069e-07
10.72,2.1782909616420728e-07
10.725,2.1633128049846993e-07
10.73,2.1484377680754144e-07
10.735,2.1336651399647525e-07
10.74,2.1189942146135505e-07
10.745000000000001,2.1044242908572441e-07
10.75,2.0899546723735224e-07
10.755,2.0755846676485819e-07
10.76,2.0613135899431412e-07
10.765,2.0471407572600933e-07
10.77,2.0330654923115578e-07
10.775,2.0190871224862982e-07
10.78,2.0052049798173819e-07
10.785,1.9914184009494554e-07
10.790000000000001,1.9777267271081846e-07
10.795,1.9641293040673062e-07
10.8,1.9506254821177238e-07
10.805,1.9372146160362026e-07
10.81,1.923896065054294e-07
10.815,1.9106691928275182e-07
10.82,1.8975333674048496e-07
10.825000000000001,1.8844879611980185e-07
10.83,1.8715323509519654e-07
10.835,1.8586659177142271e-07
10.84,1.8458880468055248e-07
10.845,1.833198127790087e-07
10.85,1.8205955544464018e-07
10.855,1.8080797247378975e-07
10.86,1.7956500407842365e-07
10.865,1.7833059088322357e-07
10.870000000000001,1.7710467392278975e-07
10.875,1.7588719463873416e-07
10.88,1.746780948769094e-07
10.885,1.734773168846109e-07
10.89,1.7228480330779815e-07
10.895,1.711004971883214e-07
10.9,1.6992434196122138e-07
10.905,1.6875628145194448e-07
10.91,1.675962598737381e-07
10.915000000000001,1.6644422182486923e-07
10.92,1.6530011228602433e-07
10.925,1.6416387661767108e-07
10.93,1.6303546055737863e-07
10.935,1.6191481021724982e-07
10.94,1.6080187208133083e-07
10.945,1.5969659300305295e-07
10.950000000000001,1.5859892020259602e-07
10.955,1.575088012644888e-07
10.96,1.5642618413496152e-07
10.965,1.553510171195273e-07
10.97,1.542832488804511e-07
10.975,1.5322282843433198e-07
10.98,1.5216970514957734e-07
10.985,1.5112382874407324e-07
10.99,1.5008514928268464e-07
10.995000000000001,1.4905361717485502e-07
11.0,1.480291831723022e-07
11.005,1.4701179836658016e-07
11.01,1.4600141418674073e-07
11.015,1.449979823970547e-07
11.02,1.44001455094617e-07
11.025,1.4301178470708264e-07
11.03,1.4202892399037672e-07
11.035,1.4105282602647025e-07
11.040000000000001,1.400834442210445e-07
11.045,1.3912073230129282e-07
11.05,1.3816464431373007e-07
11.055,1.3721513462192527e-07
11.06,1.3627215790436382e-07
11.065,1.3533566915221405e-07
11.07,1.3440562366724197e-07
11.075000000000001,1.3348197705958808e-07
11.08,1.3256468524568365e-07
11.085,1.3165370444612705e-07
11.09,1.307489911835304e-07
11.095,1.2985050228054907e-07
11.1,1.2895819485765e-07
11.105,1.2807202633122024e-07
11.11,1.2719195441138038e-07
11.115,1.2631793710005298e-07
11.120000000000001,1.2544993268886852e-07
11.125,1.245878997572254e-07
11.13,1.2373179717027765e-07
11.135,1.2288158407696668e-07
11.14,1.2203721990802416e-07
11.145,1.2119866437408913e-07
11.15,1.2036587746370979e-07
11.155,1.1953881944147154e-07
11.16,1.1871745084606178e-07
11.165000000000001,1.1790173248836455e-07
11.17,1.1709162544965345e-07
11.175,1.1628709107961433e-07
11.18,1.1548809099458547e-07
11.185,1.1469458707563307e-07
11.19,1.1390654146679995e-07
11.195,1.1312391657322866e-07
11.200000000000001,1.1234667505941222e-07
11.205,1.1157477984732308e-07
11.21,1.1080819411472802e-07
11.215,1.1004688129334956e-07
11.22,1.0929080506716193e-07
11.225,1.0853992937057531e-07
11.23,1.0779421838681769e-07
11.235,1.0705363654608707e-07
11.24,1.063181485239576e-07
11.245000000000001,1.0558771923961561e-07
11.25,1.0486231385420032e-07
11.255,1.0414189776914977e-07
11.26,1.0342643662447547e-07
11.265,1.0271589629719948e-07
11.27,1.0201024289966615e-07
11.275,1.0130944277791834e-07
11.28,1.0061346251010055e-07
11.285,9.992226890485547e-08
11.290000000000001,9.923582899970554e-08
11.295,9.855411005950447e-08
11.3,9.787707957484609e-08
11.305,9.720470526050561e-08
11.31,9.653695505391208e-08
11.315,9.587379711357901e-08
11.32,9.521519981760701e-08
11.325000000000001,9.456113176214787e-08
11.33,9.391156175989471e-08
11.335,9.326645883862482e-08
11.34,9.26257922396472e-08
11.345,9.198953141638966e-08
11.35,9.135764603291242e-08
11.355,9.073010596243239e-08
11.36,9.01068812859138e-08
11.365,8.948794229059932e-08
11.370000000000001,8.887325946863811e-08
11.375,8.826280351558972e-08
11.38,8.765654532909683e-08
11.385,8.705445600743681e-08
11.39,8.645650684818058e-08
11.395,8.586266934677187e-08
11.4,8.527291519519053e-08
11.405,8.468721628059247e-08
11.41,8.410554468393446e-08
11.415000000000001,8.352787267868887e-08
11.42,8.295417272945795e-08
11.425,8.23844174906933e-08
11.43,8.181857980535741e-08
11.435,8.125663270363849e-08
11.44,8.069854940166536e-08
11.445,8.014430330020729e-08
11.450000000000001,7.9593867983384e-08
11.455,7.904721721745113e-08
11.46,7.850432494949189e-08
11.465,7.796516530619549e-08
11.47,7.742971259260756e-08
11.475,7.689794129088873e-08
11.48,7.636982605912917e-08
11.485,7.584534173008445e-08
11.49,7.532446331001393e-08
11.495000000000001,7.480716597743436e-08
11.5,7.429342508198981e-08
11.505,7.37832161432295e-08
11.51,7.327651484942736e-08
11.515,7.277329705644387e-08
11.52,7.227353878657694e-08
11.525,7.177721622737567e-08
11.53,7.128430573052841e-08
11.535,7.079478381070561e-08
11.540000000000001,7.03086271444773e-08
11.545,6.98258125691436e-08
11.55,6.934631708165055e-08
11.555,6.887011783749937e-08
11.56,6.83971921496434e-08
11.565,6.792751748737826e-08
11.57,6.746107147529201e-08
11.575000000000001,6.699783189218596e-08
11.58,6.653777667000334e-08
11.585,6.608088389277283e-08
11.59,6.562713179556662e-08
11.595,6.517649876345611e-08
11.6,6.47289633304647e-08
11.605,6.428450417855466e-08
11.61,6.384310013660597e-08
11.615,6.340473017937912e-08
11.620000000000001,6.296937342654447e-08
11.625,6.25370091416475e-08
11.63,6.210761673114092e-08
11.635,6.168117574339509e-08
11.64,6.125766586769348e-08
11.645,6.083706693329536e-08
11.65,6.041935890844532e-08
11.655,6.00045218994231e-08
11.66,5.959253614959558e-08
11.665000000000001,5.9183382038450595e-08
11.67,5.8777040080699314e-08
11.675,5.8373490925284e-08
11.68,5.7972715354517286e-08
11.685,5.7574694283083466e-08
11.69,5.7179408757225766e-08
11.695,5.6786839953730864e-08
11.700000000000001,5.6396969179103904e-08
11.705,5.6009777868659156e-08
11.71,5.5625247585603024e-08
11.715,5.5243360020165276e-08
11.72,5.48640969887511e-08
11.725,5.4487440433021015e-08
11.73,5.411337241907112e-08
11.735,5.374187513653972e-08
11.74,5.337293089778514e-08
11.745000000000001,5.300652213700752e-08
11.75,5.2642631409446325e-08
11.755,5.228124139050251e-08
11.76,5.19223348749394e-08
11.765,5.1565894776057885e-08
11.77,5.121190412485526e-08
11.775,5.086034606923414e-08
11.78,5.0511203873208174e-08
11.785,5.0164460916059415e-08
11.790000000000001,4.9820100691579e-08
11.795,4.947810680727115e-08
11.8,4.913846298353646e-08
11.805,4.8801153052959366e-08
11.81,4.846616095946104e-08
11.815,4.813347075758165e-08
11.82,4.7803066611691006e-08
11.825000000000001,4.747493279525298e-08
11.83,4.714905369003794e-08
11.835,4.682541378542184e-08
11.84,4.650399767761082e-08
11.845,4.618479006889992e-08
11.85,4.586777576697464e-08
11.855,4.5552939684146845e-08
11.86,4.52402668366746e-08
11.865,4.49297423439924e-08
11.870000000000001,4.462135142803762e-08
11.875,4.431507941253976e-08
11.88,4.4010911722307965e-08
11.885,4.3708833882542105e-08
11.89,4.3408831518116234e-08
11.895,4.3110890352951475e-08
11.9,4.28149962092382e-08
11.905,4.25211350068698e-08
11.91,4.222929276266167e-08
11.915000000000001,4.1939455589765396e-08
11.92,4.16516096969602e-08
11.925,4.136574138800155e-08
11.93,4.108183706096792e-08
11.935,4.079988320763034e-08
11.94,4.051986641276112e-08
11.945,4.024177335352941e-08
11.950000000000001,3.996559079885808e-08
11.955,3.969130560878652e-08
11.96,3.941890473382967e-08
11.965,3.914837521438006e-08
11.97,3.8879704180072785e-08
11.975,3.8612878849159666e-08
11.98,3.834788652791833e-08
11.985,3.808471461004603e-08
11.99,3.782335057603058e-08
11.995000000000001,3.756378199257026e-08
12.0,3.7305996511994725e-08
12.005,3.704998187163721e-08
12.01,3.679572589329147e-08
12.015,3.6543216482585733e-08
12.02,3.6292441628437444e-08
12.025,3.604338940245564e-08
12.030000000000001,3.579604795840315e-08
12.035,3.555040553158444e-08
12.040000000000001,3.53064504383375e-08
12.045,3.506417107540727e-08
12.05,3.482355591947305e-08
12.055,3.458459352652013e-08
12.06,3.434727253134388e-08
12.065,3.4111581646980153e-08
12.07,3.387750966418448e-08
12.075000000000001,3.3645045450884637e-08
12.08,3.3414177951637616e-08
12.085,3.318489618713811e-08
12.09,3.295718925366256e-08
12.095,3.27310463225312e-08
12.1,3.25064566396513e-08
12.105,3.228340952493872e-08
12.11,3.2061894371858845e-08
12.115,3.184190064687413e-08
12.120000000000001,3.1623417888977485e-08
12.125,3.140643570916408e-08
12.13,3.1190943789973416e-08
12.135,3.097693188495105e-08
12.14,3.0764389818181184e-08
12.145,3.055330748380406e-08
12.15,3.034367484551658e-08
12.155000000000001,3.013548193612935e-08
12.16,2.992871885704076e-08
12.165000000000001,2.9723375777798024e-08
12.17,2.9519442935609637e-08
12.175,2.9316910634899456e-08
12.18,2.9115769246819743e-08
12.185,2.8916009208806385e-08
12.19,2.8717621024132363e-08
12.195,2.8520595261406022e-08
12.200000000000001,2.8324922554188894e-08
12.205,2.8130593600491096e-08
12.21,2.793759916235892e-08
12.215,2.7745930065414866e-08
12.22,2.7555577198449145e-08
12.225,2.7366531512942396e-08
12.23,2.7178784022657114e-08
12.235,2.6992325803232326e-08
12.24,2.6807147991684794e-08
12.245000000000001,2.6623241786074964e-08
12.25,2.6440598445020697e-08
12.255,2.6259209287305626e-08
12.26,2.607906569146184e-08
12.265,2.5900159095372768e-08
12.27,2.572248099582506e-08
12.275,2.5546022948141328e-08
12.280000000000001,2.5370776565765996e-08
12.285,2.5196733519838785e-08
12.290000000000001,2.502388553884498e-08
12.295,2.4852224408186284e-08
12.3,2.4681741969787426e-08
12.305,2.451243012173233e-08
12.31,2.434428081783998e-08
12.315,2.4177286067329558e-08
12.32,2.401143793437837e-08
12.325000000000001,2.3846728537792542e-08
12.33,2.3683150050619727e-08
12.335,2.3520694699754942e-08
12.34,2.335935476558957e-08
12.345,2.3199122581639235e-08
12.35,2.3039990534173007e-08
12.355,2.2881951061837138e-08
12.36,2.2724996655337346e-08
12.365,2.2569119857028422e-08
12.370000000000001,2.2414313260594188e-08
12.375,2.226056951067043e-08
12.38,2.210788130251805e-08
12.385,2.1956241381655317e-08
12.39,2.180564254350869e-08
12.395,2.1656077633091176e-08
12.4,2.150753954463654e-08
12.405000000000001,2.1360021221278355e-08
12.41,2.1213515654693386e-08
12.415000000000001,2.1068015884798906e-08
12.42,2.0923514999378834e-08
12.425,2.0780006133799207e-08
12.43,2.063748247062412e-08
12.435,2.0495937239359798e-08
12.44,2.0355363716063812e-08
12.445,2.0215755223078877e-08
12.450000000000001,2.0077105128682498e-08
12.455,1.9939406846770792e-08
12.46,1.9802653836550184e-08
12.465,1.9666839602243908e-08
12.47,1.953195769275164e-08
12.475,1.939800170136027e-08
12.48,1.9264965265429202e-08
12.485,1.9132842066095456e-08
12.49,1.9001625827954883e-08
12.495000000000001,1.8871310318790816e-08
12.5,1.874188934925281e-08
12.505,1.861335677256299e-08
12.51,1.848570648425343e-08
12.515,1.8358932421813445e-08
12.52,1.8233028564471227e-08
12.525,1.8107988932855545e-08
12.530000000000001,1.7983807588723605e-08
12.535,1.7860478634690224e-08
12.540000000000001,1.773799621394219e-08
12.545,1.7616354509944477e-08
12.55,1.749554774618353e-08
12.555,1.7375570185868263e-08
12.56,1.725641613168421e-08
12.565,1.713807992548493e-08
12.57,1.7020555948068484e-08
12.575000000000001,1.690383861887146e-08
12.58,1.6787922395718622e-08
12.585,1.667280177455414e-08
12.59,1.655847128917971e-08
12.595,1.6444925511006446e-08
12.6,1.6332159048768836e-08
12.605,1.6220166548287384e-08
12.61,1.6108942692220064e-08
12.615,1.599848219979113e-08
12.620000000000001,1.588877982653609e-08
12.625,1.577983036407458e-08
12.63,1.5671628639838077e-08
12.635,1.556416951685035e-08
12.64,1.5457447893444352e-08
12.645,1.5351458703059472e-08
12.65,1.524619691396332e-08
12.655000000000001,1.5141657529058583e-08
12.66,1.503783558557296e-08
12.665000000000001,1.493472615490113e-08
12.67,1.4832324342317898e-08
12.675,1.4730625286763086e-08
12.68,1.4629624160607469e-08
12.685,1.452931616942624e-08
12.69,1.4429696551757225e-08
12.695,1.4330760578890735e-08
12.700000000000001,1.4232503554636177e-08
12.705,1.4134920815094225e-08
12.71,1.4038007728443215e-08
12.715,1.3941759694712228e-08
12.72,1.3846172145560179e-08
12.725,1.3751240544073334e-08
12.73,1.3656960384507377e-08
12.735,1.3563327192137852e-08
12.74,1.3470336522999387e-08
12.745000000000001,1.3377983963666079e-08
12.75,1.3286265131080854e-08
12.755,1.3195175672322381e-08
12.76,1.3104711264401623e-08
12.765,1.3014867614060325e-08
12.77,1.2925640457542813e-08
12.775,1.2837025560424324e-08
12.780000000000001,1.2749018717412117e-08
12.785,1.2661615752086368e-08
12.790000000000001,1.2574812516789784e-08
12.795,1.2488604892359397e-08
12.8,1.2402988787958047e-08
12.805,1.2317960140879789e-08
12.81,1.2233514916353974e-08
12.815,1.2149649107345386e-08
12.82,1.2066358734373605e-08
12.825000000000001,1.1983639845320135e-08
12.83,1.1901488515237293e-08
12.835,1.1819900846157986e-08
12.84,1.1738872966933274e-08
12.845,1.1658401033006754e-08
12.85,1.1578481226271522e-08
12.855,1.1499109754855881e-08
12.86,1.1420282852976875e-08
12.865,1.1341996780719904e-08
12.870000000000001,1.1264247823898666e-08
12.875,1.1187032293855304e-08
12.88,1.1110346527293107e-08
12.885,1.1034186886098646e-08
12.89,1.095854975717121e-08
12.895,1.0883431552248295e-08
12.9,1.0808828707728713e-08
12.905000000000001,1.0734737684528373e-08
12.91,1.0661154967869655e-08
12.915000000000001,1.0588077067153295e-08
12.92,1.0515500515773425e-08
12.925,1.0443421870947873e-08
12.93,1.0371837713569297e-08
12.935,1.0300744648032767e-08
12.94,1.0230139302075202e-08
12.945,1.0160018326605641e-08
12.950000000000001,1.009037839556525e-08
12.955,1.0021216205764124e-08
12.96,9.952528476709853e-09
12.965,9.88431195045127e-09
12.97,9.816563391450924e-09
12.975,9.749279586404129e-09
12.98,9.68245734409069e-09
12.985,9.61609349521592e-09
12.99,9.55018489229776e-09
12.995000000000001,9.484728409466746e-09
13.0,9.419720942344571e-09
13.005,9.355159407893389e-09
13.01,9.291040744255612e-09
13.015,9.227361910638279e-09
13.02,9.164119887133236e-09
13.025,9.101311674595808e-09
13.030000000000001,9.038934294491627e-09
13.035,8.976984788761128e-09
13.040000000000001,8.915460219668696e-09
13.045,8.854357669686512e-09
13.05,8.793674241319172e-09
13.055,8.733407056996993e-09
13.06,8.673553258921983e-09
13.065,8.6141100089443e-09
13.07,8.55507448841619e-09
13.075000000000001,8.496443898058283e-09
13.08,8.43821545783682e-09
13.085,8.38038640681177e-09
13.09,8.322954003035605e-09
13.095,8.265915523388129e-09
13.1,8.209268263479528e-09
13.105,8.153009537480822e-09
13.11,8.09713667805369e-09
13.115,8.041647036168782e-09
13.120000000000001,7.986537980999007e-09
13.125,7.93180689981172e-09
13.13,7.877451197821853e-09
13.135,7.823468298067149e-09
13.14,7.769855641311297e-09
13.145,7.716610685889772e-09
13.15,7.663730907616463e-09
13.155000000000001,7.611213799646418e-09
13.16,7.559056872348108e-09
13.165000000000001,7.507257653218989e-09
13.17,7.455813686734017e-09
13.175,7.404722534250229e-09
13.18,7.353981773871326e-09
13.185,7.303589000352392e-09
13.19,7.253541824968504e-09
13.195,7.20383787541031e-09
13.200000000000001,7.154474795679028e-09
13.205,7.1054502459476035e-09
13.21,7.056761902485249e-09
13.215,7.008407457511476e-09
13.22,6.960384619113022e-09
13.225,6.912691111116027e-09
13.23,6.8653246729957665e-09
13.235,6.818283059760897e-09
13.24,6.771564041830698e-09
13.245000000000001,6.725165404954748e-09
13.25,6.679084950087955e-09
13.255,6.633320493316165e-09
13.26,6.5878698657042695e-09
13.265,6.5427309132324385e-09
13.27,6.497901496663555e-09
13.275,6.45337949149453e-09
13.280000000000001,6.409162787775962e-09
13.285,6.365249290082344e-09
13.290000000000001,6.32163691738087e-09
13.295,6.278323602925613e-09
13.3,6.2353072941816716e-09
13.305,6.192585952702969e-09
13.31,6.150157554053124e-09
13.315,6.1080200877193315e-09
13.32,6.066171556970553e-09
13.325000000000001,6.02460997882146e-09
13.33,5.98333338388959e-09
13.335,5.942339816336637e-09
13.34,5.901627333757458e-09
13.345,5.861194007078193e-09
13.35,5.821037920500278e-09
13.355,5.78115717135873e-09
13.36,5.741549870082222e-09
13.365,5.702214140061916e-09
13.370000000000001,5.663148117598462e-09
13.375,5.6243499517847525e-09
13.38,5.585817804423406e-09
13.385,5.547549849954579e-09
13.39,5.509544275350288e-09
13.395,5.47179928005408e-09
13.4,5.434313075854996e-09
13.405000000000001,5.397083886833231e-09
13.41,5.3601099492788515e-09
13.415000000000001,5.323389511580679e-09
13.42,5.286920834164425e-09
13.425,5.250702189418605e-09
13.43,5.214731861579935e-09
13.435,5.1790081466776974e-09
13.44,5.143529352447338e-09
13.445,5.108293798248979e-09
13.450000000000001,5.073299814975585e-09
13.455,5.038545744999879e-09
13.46,5.004029942067007e-09
13.465,4.969750771249456e-09
13.47,4.9357066088192726e-09
13.475,4.9018958422229e-09
13.48,4.868316869974858e-09
13.485,4.834968101597205e-09
13.49,4.801847957515499e-09
13.495000000000001,4.768954869040874e-09
13.5,4.73628727821008e-09
13.505,4.703843637800663e-09
13.51,4.671622411202135e-09
13.515,4.639622072352098e-09
13.52,4.607841105672441e-09
13.525,4.576278006004326e-09
13.530000000000001,4.544931278512234e-09
13.535,4.513799438627521e-09
13.540000000000001,4.482881011982516e-09
13.545,4.452174534343016e-09
13.55,4.4216785515098965e-09
13.555,4.3913916192892945e-09
13.56,4.3613123034089615e-09
13.565,4.331439179414161e-09
13.57,4.301770832674124e-09
13.575000000000001,4.272305858246315e-09
13.58,4.243042860846166e-09
13.585,4.213980454764957e-09
13.59,4.18511726381927e-09
13.595,4.156451921260783e-09
13.6,4.1279830697468206e-09
13.605,4.0997093612393574e-09
13.61,4.071629456970869e-09
13.615,4.04374202735067e-09
13.620000000000001,4.01604575193545e-09
13.625,3.988539319339615e-09
13.63,3.961221427179773e-09
13.635,3.934090782021508e-09
13.64,3.907146099323115e-09
13.645,3.8803861033293404e-09
13.65,3.853809527092052e-09
13.655000000000001,3.827415112310651e-09
13.66,3.801201609373279e-09
13.665000000000001,3.775167777224215e-09
13.67,3.749312383322256e-09
13.675,3.7236342036037405e-09
13.68,3.6981320224107123e-09
13.685,3.6728046324237626e-09
13.69,3.647650834609065e-09
13.695,3.6226694381873005e-09
13.700000000000001,3.5978592605289194e-09
13.705,3.5732191271446662e-09
13.71,3.5487478715884254e-09
13.715,3.5244443354551523e-09
13.72,3.5003073682644063e-09
13.725,3.4763358274390367e-09
13.73,3.4525285782527734e-09
13.735,3.428884493776067e-09
13.74,3.4054024548076227e-09
13.745000000000001,3.3820813498292575e-09
13.75,3.358920074956256e-09
13.755,3.3359175338937374e-09
13.76,3.3130726378532428e-09
13.765,3.290384305539995e-09
13.77,3.267851463067649e-09
13.775,3.2454730439260464e-09
13.780000000000001,3.2232479889340834e-09
13.785,3.201175246186832e-09
13.790000000000001,3.179253770984867e-09
13.795,3.1574825258124797e-09
13.8,3.135860480261708e-09
13.805,3.1143866110233383e-09
13.81,3.0930599017906645e-09
13.815,3.0718793432462644e-09
13.82,3.0508439330007632e-09
13.825000000000001,3.029952675546343e-09
13.83,3.009204582186943e-09
13.835,2.9885986710593655e-09
13.84,2.9681339669960897e-09
13.845,2.9478095015521004e-09
13.85,2.9276243129144797e-09
13.855,2.9075774458811977e-09
13.86,2.88766795180716e-09
13.865,2.867894888555206e-09
13.870000000000001,2.84825732046067e-09
13.875,2.8287543182653836e-09
13.88,2.8093849591176045e-09
13.885,2.790148326485005e-09
13.89,2.771043510119701e-09
13.895,2.752069606026285e-09
13.9,2.733225716435468e-09
13.905000000000001,2.7145109497084824e-09
13.91,2.6959244203438124e-09
13.915000000000001,2.6774652489147887e-09
13.92,2.6591325620454464e-09
13.925,2.640925492315715e-09
13.93,2.622843178302056e-09
13.935,2.6048847644701915e-09
13.94,2.5870494011731455e-09
13.945,2.5693362445790175e-09
13.950000000000001,2.5517444566483826e-09
13.955,2.534273205112417e-09
13.96,2.516921663402735e-09
13.965,2.499689010619127e-09
13.97,2.48257443150488e-09
13.975,2.465577116392475e-09
13.98,2.448696261178616e-09
13.985,2.4319310672624353e-09
13.99,2.415280741558912e-09
13.995000000000001,2.398744496378567e-09
14.0,2.3823215494672e-09
14.005,2.3660111239522824e-09
14.01,2.3498124482601486e-09
14.015,2.3337247561290183e-09
14.02,2.317747286563364e-09
14.025,2.3018792837739326e-09
14.030000000000001,2.2861199971702573e-09
14.035,2.2704686813080412e-09
14.040000000000001,2.254924595859409e-09
14.045,2.2394870055838893e-09
14.05,2.2241551802797123e-09
14.055,2.208928394754569e-09
14.06,2.1938059287877207e-09
14.065,2.178787067121653e-09
14.07,2.163871099395553e-09
14.075000000000001,2.1490573201199462e-09
14.08,2.1343450286389762e-09
14.085,2.119733529135733e-09
14.09,2.105222130530524e-09
14.095,2.0908101465127635e-09
14.1,2.0764968954741883e-09
14.105,2.062281700472965e-09
14.11,2.0481638892295018e-09
14.115,2.034142794072212e-09
14.120000000000001,2.0202177519077734e-09
14.125,2.006388104186633e-09
14.13,1.992653196883145e-09
14.135,1.9790123804856067e-09
14.14,1.9654650098955843e-09
14.145,1.9520104444617234e-09
14.15,1.9386480479444644e-09
14.155000000000001,1.925377188436669e-09
14.16,1.912197238389961e-09
14.165000000000001,1.8991075745599512e-09
14.17,1.886107577967614e-09
14.175,1.8731966338970842e-09
14.18,1.8603741318371463e-09
14.185,1.847639465482155e-09
14.19,1.8349920326590784e-09
14.195,1.822431235356156e-09
14.200000000000001,1.8099564796422728e-09
14.205,1.7975671756695228e-09
14.21,1.7852627376490225e-09
14.215,1.7730425837902665e-09
14.22,1.7609061363131113e-09
14.225,1.7488528213831378e-09
14.23,1.7368820691212782e-09
14.235,1.724993313547405e-09
14.24,1.713185992562168e-09
14.245000000000001,1.701459547942769e-09
14.25,1.6898134252650202e-09
14.255,1.6782470739378796e-09
14.26,1.66675994712527e-09
14.265,1.655351501762954e-09
14.27,1.6440211984926437e-09
14.275,1.6327685016727166e-09
14.280000000000001,1.6215928793314596e-09
14.285,1.6104938031288444e-09
14.290000000000001,1.599470748389189e-09
14.295,1.5885231939917552e-09
14.3,1.5776506224364083e-09
14.305,1.5668525197235853e-09
14.31,1.5561283754197112e-09
14.315,1.5454776825746101e-09
14.32,1.5348999377285299e-09
14.325000000000001,1.5243946408586806e-09
14.33,1.5139612953743287e-09
14.335,1.50359940811987e-09
14.34,1.4933084892737139e-09
14.345,1.4830880524232617e-09
14.35,1.4729376144559512e-09
14.355,1.4628566956015017e-09
14.36,1.4528448193670992e-09
14.365,1.4429015125196436e-09
14.370000000000001,1.4330263050936705e-09
14.375,1.4232187303242959e-09
14.38,1.4134783246661713e-09
14.385,1.4038046277495484e-09
14.39,1.3941971823623683e-09
14.395,1.384655534416388e-09
14.4,1.3751792329725117e-09
14.405000000000001,1.3657678301344445e-09
14.41,1.3564208811220727e-09
14.415000000000001,1.347137944186461e-09
14.42,1.337918580616494e-09
14.425,1.3287623546967385e-09
14.43,1.3196688337184372e-09
14.435,1.310637587923718e-09
14.44,1.3016681905147664e-09
14.445,1.2927602176231204e-09
14.450000000000001,1.2839132482737512e-09
14.455,1.2751268643884647e-09
14.46,1.2664006507628213e-09
14.465,1.2577341950267013e-09
14.47,1.2491270876416432e-09
14.475,1.2405789218864965e-09
14.48,1.2320892938274472e-09
14.485,1.2236578023007597e-09
14.49,1.2152840488809905e-09
14.495000000000001,1.206967637893665e-09
14.5,1.1987081763644902e-09
14.505,1.1905052740271612e-09
14.51,1.1823585432919033e-09
14.515,1.1742675991914682e-09
14.52,1.1662320594676287e-09
14.525,1.1582515444173068e-09
14.530000000000001,1.1503256769849086e-09
14.535,1.142454082673584e-09
14.540000000000001,1.1346363895719503e-09
14.545,1.1268722283076338e-09
14.55,1.1191612320596762e-09
14.555,1.1115030364968628e-09
14.56,1.103897279803673e-09
14.565,1.0963436026609003e-09
14.57,1.0888416481696473e-09
14.575000000000001,1.0813910619143334e-09
14.58,1.0739914919019709e-09
14.585,1.0666425885506798e-09
14.59,1.0593440046731494e-09
14.595,1.0520953954827209e-09
14.6,1.044896418514539e-09
14.605,1.0377467337047016e-09
14.61,1.0306460032780081e-09
14.615,1.0235938918005957e-09
14.620000000000001,1.0165900661330396e-09
14.625,1.009634195414869e-09
14.63,1.0027259510648177e-09
14.635,9.958650067394272e-10
14.64,9.890510383534154e-10
14.645,9.822837240280888e-10
14.65,9.75562744098179e-10
14.655000000000001,9.688877810864732e-10
14.66,9.622585196912773e-10
14.665000000000001,9.556746467921563e-10
14.67,9.491358513904313e-10
14.675,9.42641824635601e-10
14.68,9.361922597781787e-10
14.685,9.297868521981852e-10
14.69,9.234252993420421e-10
14.695,9.171073007486411e-10
14.700000000000001,9.108325579942954e-10
14.705,9.046007747246207e-10
14.71,8.984116565964777e-10
14.715,8.922649113132621e-10
14.72,8.861602485468573e-10
14.725,8.800973799877281e-10
14.73,8.740760193037849e-10
14.735,8.680958820961702e-10
14.74,8.621566859394717e-10
14.745000000000001,8.562581503597003e-10
14.75,8.503999967716277e-10
14.755,8.44581948520157e-10
14.76,8.388037308411476e-10
14.765,8.330650708605634e-10
14.77,8.273656975682833e-10
14.775,8.217053418073228e-10
14.780000000000001,8.160837362962156e-10
14.785,8.105006155416396e-10
14.790000000000001,8.049557159069539e-10
14.795,7.994487755341428e-10
14.8,7.939795343924317e-10
14.805,7.88547734201076e-10
14.81,7.831531184755071e-10
14.815,7.777954324792026e-10
14.82,7.724744232137606e-10
14.825000000000001,7.671898394378826e-10
14.83,7.619414316132966e-10
14.835,7.567289519124921e-10
14.84,7.515521542225505e-10
14.845,7.464107941021014e-10
14.85,7.413046287947602e-10
14.855,7.362334172011018e-10
14.86,7.311969198842712e-10
14.865,7.261948990408573e-10
14.870000000000001,7.212271185065637e-10
14.875,7.162933437066226e-10
14.88,7.113933417298745e-10
14.885,7.06526881211298e-10
14.89,7.016937323982193e-10
14.895,6.96893667093727e-10
14.9,6.921264586911515e-10
14.905000000000001,6.873918821142366e-10
14.91,6.826897138395128e-10
14.915000000000001,6.780197318753138e-10
14.92,6.733817157467957e-10
14.925,6.687754465056501e-10
14.93,6.642007066852656e-10
14.935,6.596572803255031e-10
14.94,6.551449529242482e-10
14.945,6.506635114787984e-10
14.950000000000001,6.462127444295371e-10
14.955,6.417924416640091e-10
14.96,6.374023945202155e-10
14.965,6.330423957748678e-10
14.97,6.287122395957036e-10
14.975,6.244117215812476e-10
14.98,6.201406387327254e-10
14.985,6.158987894345121e-10
14.99,6.116859734548893e-10
14.995000000000001,6.075019919465436e-10
15.0,6.033466474119187e-10
15.005,5.992197437057521e-10
15.01,5.951210860346019e-10
15.015,5.910504809377018e-10
15.02,5.870077362803171e-10
15.025,5.829926612446905e-10
15.030000000000001,5.790050663209759e-10
15.035,5.750447632982806e-10
15.040000000000001,5.71111565255748e-10
15.045,5.672052865537091e-10
15.05,5.633257428248985e-10
15.055,5.5947275096572e-10
15.06,5.556461291275772e-10
15.065,5.518456967082764e-10
15.07,5.480712743434539e-10
15.075000000000001,5.443226838981124e-10
15.08,5.405997484581631e-10
15.085,5.369022923220653e-10
15.09,5.332301409925073e-10
15.095,5.295831211681429e-10
15.1,5.259610607353849e-10
15.105,5.223637887602628e-10
15.11,5.187911354803334e-10
15.115,5.152429322966371e-10
15.120000000000001,5.117190117657203e-10
15.125,5.082192075917098e-10
15.13,5.047433546184482e-10
15.135,5.012912888216643e-10
15.14,4.978628473012179e-10
15.145,4.944578682733817e-10
15.15,4.910761910631921e-10
15.155000000000001,4.877176560968408e-10
15.16,4.843821048941212e-10
15.165000000000001,4.810693800609288e-10
15.17,4.777793252818044e-10
15.175,4.745117853125523e-10
15.18,4.712666059728752e-10
15.185,4.680436341390858e-10
15.19,4.648427177368595e-10
15.195,4.6166370573403677e-10
15.200000000000001,4.5850644813347404e-10
15.205,4.553707959659464e-10
15.21,4.522566012830923e-10
15.215,4.4916371715042587e-10
15.22,4.4609199764036657e-10
15.225,4.430412978253417e-10
15.23,4.4001147377092574e-10
15.235,4.370023825290376e-10
15.24,4.340138821311562e-10
15.245000000000001,4.310458315816259e-10
15.25,4.2809809085096787e-10
15.255,4.251705208692615e-10
15.26,4.222629835195606e-10
15.265,4.1937534163135705e-10
15.27,4.165074589740953e-10
15.275,4.13659200250718e-10
15.280000000000001,4.1083043109127216e-10
15.285,4.0802101804654717e-10
15.290000000000001,4.05230828581762e-10
15.295,4.024597310702889e-10
15.3,3.9970759478743386e-10
15.305,3.969742899042456e-10
15.31,3.942596874813744e-10
15.315,3.915636594629737e-10
15.32,3.8888607867063473e-10
15.325000000000001,3.862268187973817e-10
15.33,3.835857544016791e-10
15.335,3.8096276090151177e-10
15.34,3.7835771456848436e-10
15.345,3.757704925219681e-10
15.35,3.7320097272328583e-10
15.355,3.7064903396994404e-10
15.36,3.68114555889894e-10
15.365,3.6559741893583705e-10
15.370000000000001,3.630975043795716e-10
15.375,3.6061469430637316e-10
15.38,3.581488716094232e-10
15.385,3.5569991998426116e-10
15.39,3.532677239232821e-10
15.395,3.508521687102875e-10
15.4,3.4845314041503653e-10
15.405000000000001,3.4607052588787606e-10
15.41,3.4370421275437594e-10
15.415000000000001,3.4135408941001817e-10
15.42,3.3902004501491787e-10
15.425,3.367019694885841e-10
15.43,3.343997535047002e-10
15.435,3.3211328848596777e-10
15.44,3.2984246659896234e-10
15.445,3.2758718074903754e-10
15.450000000000001,3.2534732457525087e-10
15.455,3.231227924453477e-10
15.46,3.2091347945075055e-10
15.465,3.187192814016061e-10
15.47,3.165400948218518e-10
15.475,3.1437581694432915e-10
15.48,3.1222634570591425e-10
15.485000000000001,3.100915797426993e-10
15.49,3.0797141838519366e-10
15.495000000000001,3.0586576165356236e-10
15.5,3.0377451025290066e-10
15.505,3.0169756556853707e-10
15.51,2.9963482966136956e-10
15.515,2.9758620526323266e-10
15.52,2.9555159577229894e-10
15.525,2.935309052485111e-10
15.530000000000001,2.91524038409043e-10
15.535,2.895309006237948e-10
15.540000000000001,2.8755139791092097e-10
15.545,2.855854369323764e-10
15.55,2.836329249895183e-10
15.555,2.816937700187105e-10
15.56,2.797678805869707e-10
15.565,2.778551658876518e-10
15.57,2.759555357361459e-10
15.575000000000001,2.7406890056562267e-10
15.58,2.7219517142278606e-10
15.585,2.70334259963678e-10
15.59,2.684860784494958e-10
15.595,2.6665053974244613e-10
15.6,2.6482755730162036e-10
15.605,2.6301704517890847e-10
15.610000000000001,2.6121891801493016e-10
15.615,2.5943309103500655e-10
15.620000000000001,2.57659480045144e-10
15.625,2.558980014280541e-10
15.63,2.541485721392069e-10
15.635,2.5241110970289776e-10
15.64,2.5068553220835363e-10
15.645,2.4897175830585454e-10
15.65,2.4726970720289296e-10
15.655000000000001,2.4557929866035135e-10
15.66,2.4390045298870865e-10
15.665000000000001,2.422330910442761e-10
15.67,2.4057713422544856e-10
15.675,2.389325044689996e-10
15.68,2.372991242463803e-10
15.685,2.3567691656006327e-10
15.69,2.340658049398924e-10
15.695,2.3246571343947847e-10
15.700000000000001,2.308765666326029e-10
15.705,2.2929828960965495e-10
15.71,2.2773080797408898e-10
15.715,2.2617404783890719e-10
15.72,2.246279358231703e-10
15.725,2.2309239904852616e-10
15.73,2.2156736513576354e-10
15.735000000000001,2.2005276220139375e-10
15.74,2.1854851885425508e-10
15.745000000000001,2.170545641921314e-10
15.75,2.1557082779840642e-10
15.755,2.1409723973873138e-10
15.76,2.126337305577257e-10
15.765,2.1118023127568826e-10
15.77,2.0973667338533785e-10
15.775,2.0830298884857943e-10
15.780000000000001,2.0687911009328434e-10
15.785,2.0546497001009516e-10
15.790000000000001,2.0406050194926256e-10
15.795,2.0266563971748453e-10
15.8,2.01280317574784e-10
15.805,1.9990447023140278e-10
15.81,1.9853803284471123e-10
15.815,1.9718094101614913e-10
15.82,1.9583313078817713e-10
15.825000000000001,1.9449453864125865e-10
15.83,1.9316510149085782e-10
15.835,1.918447566844508e-10
15.84,1.9053344199857619e-10
15.845,1.89231095635888e-10
15.85,1.879376562222342e-10
15.855,1.8665306280376323e-10
15.860000000000001,1.8537725484403404e-10
15.865,1.841101722211638e-10
15.870000000000001,1.828517552249832e-10
15.875,1.8160194455421575e-10
15.88,1.8036068131367357e-10
15.885,1.791279070114784e-10
15.89,1.7790356355629372e-10
15.895,1.766875932545813e-10
15.9,1.7547993880787978e-10
15.905000000000001,1.7428054331008478e-10
15.91,1.7308935024477618e-10
15.915000000000001,1.7190630348253656e-10
15.92,1.7073134727830303e-10
15.925,1.6956442626873112e-10
15.93,1.6840548546958432e-10
15.935,1.672544702731259e-10
15.94,1.6611132644555428e-10
15.945,1.6497600012442404e-10
15.950000000000001,1.6384843781611346e-10
15.955,1.6272858639329056e-10
15.96,1.616163930924081e-10
15.965,1.6051180551120408e-10
15.97,1.5941477160623203e-10
15.975,1.5832523969040142e-10
15.98,1.5724315843053153e-10
15.985000000000001,1.561684768449309e-10
15.99,1.5510114430098985e-10
15.995000000000001,1.54041110512781e-10
16.0,1.5298832553869332e-10
16.005,1.5194273977906603e-10
16.01,1.5090430397384827e-10
16.015,1.4987296920027156e-10
16.02,1.4884868687053965e-10
16.025,1.4783140872953027e-10
16.03,1.468210868525211e-10
16.035,1.4581767364291963e-10
16.04,1.4482112183002073e-10
16.045,1.4383138446676805e-10
16.05,1.428484149275413e-10
16.055,1.418721669059517e-10
16.06,1.409025944126551e-10
16.065,1.399396517731776e-10
16.07,1.3898329362576286e-10
16.075,1.3803347491922494e-10
16.080000000000002,1.3709015091082327e-10
16.085,1.3615327716414682e-10
16.09,1.3522280954702016e-10
16.095,1.342987042294108e-10
16.1,1.3338091768136781e-10
16.105,1.3246940667095925e-10
16.11,1.3156412826223483e-10
16.115000000000002,1.3066503981319571e-10
16.12,1.297720989737833e-10
16.125,1.288852636838715e-10
16.13,1.280044921712918e-10
16.135,1.2712974294985049e-10
16.14,1.262609748173747e-10
16.145,1.2539814685376718e-10
16.15,1.2454121841906847e-10
16.155,1.2369014915154323e-10
16.16,1.2284489896577168e-10
16.165,1.220054280507563e-10
16.17,1.211716968680438e-10
16.175,1.2034366614985398e-10
16.18,1.1952129689723275e-10
16.185,1.1870455037819943e-10
16.19,1.178933881259295e-10
16.195,1.1708777193693002e-10
16.2,1.162876638692389e-10
16.205000000000002,1.1549302624063257e-10
16.21,1.147038216268472e-10
16.215,1.1392001285981059e-10
16.22,1.1314156302588856e-10
16.225,1.1236843546413973e-10
16.23,1.1160059376458643e-10
16.235,1.1083800176649498e-10
16.240000000000002,1.1008062355666824e-10
16.245,1.0932842346774807e-10
16.25,1.0858136607653609e-10
16.255,1.0783941620231553e-10
16.26,1.0710253890519409e-10
16.265,1.0637069948445199e-10
16.27,1.0564386347690466e-10
16.275,1.0492199665527636e-10
16.28,1.0420506502658207e-10
16.285,1.0349303483052377e-10
16.29,1.027858725378979e-10
16.295,1.0208354484900986e-10
16.3,1.0138601869210491e-10
16.305,1.0069326122180177e-10
16.31,1.0000523981754693e-10
16.315,9.93219220820742e-11
16.32,9.864327583987235e-11
16.325,9.796926913566855e-11
16.330000000000002,9.729987023291729e-11
16.335,9.663504761230713e-11
16.34,9.597476997026637e-11
16.345,9.531900621749093e-11
16.35,9.466772547747179e-11
16.355,9.402089708504263e-11
16.36,9.337849058492761e-11
16.365000000000002,9.274047573030579e-11
16.37,9.210682248138399e-11
16.375,9.147750100397891e-11
16.38,9.085248166810553e-11
16.385,9.023173504658243e-11
16.39,8.961523191364111e-11
16.395,8.900294324354642e-11
16.4,8.839484020922738e-11
16.405,8.779089418091474e-11
16.41,8.719107672478978e-11
16.415,8.659535960164674e-11
16.42,8.600371476555251e-11
16.425,8.541611436252858e-11
16.43,8.483253072923406e-11
16.435,8.425293639166142e-11
16.44,8.367730406383736e-11
16.445,8.310560664653691e-11
16.45,8.253781722600401e-11
16.455000000000002,8.197390907268156e-11
16.46,8.141385563994894e-11
16.465,8.085763056287182e-11
16.47,8.030520765695107e-11
16.475,7.9756560916897e-11
16.48,7.92116645153935e-11
16.485,7.86704928018828e-11
16.490000000000002,7.813302030135647e-11
16.495,7.759922171314901e-11
16.5,7.70690719097479e-11
16.505,7.654254593560364e-11
16.51,7.601961900595762e-11
16.515,7.550026650566657e-11
16.52,7.498446398804516e-11
16.525,7.447218717371007e-11
16.53,7.396341194943676e-11
16.535,7.345811436701782e-11
16.54,7.295627064213566e-11
16.545,7.245785715324053e-11
16.55,7.196285044043395e-11
16.555,7.147122720436283e-11
16.56,7.098296430512029e-11
16.565,7.04980387611526e-11
16.57,7.001642774817448e-11
16.575,6.953810859809587e-11
16.580000000000002,6.906305879794835e-11
16.585,6.859125598882402e-11
16.59,6.812267796482072e-11
16.595,6.765730267199284e-11
16.6,6.719510820731587e-11
16.605,6.673607281764427e-11
16.61,6.628017489869369e-11
16.615000000000002,6.58273929940194e-11
16.62,6.537770579399604e-11
16.625,6.493109213482628e-11
16.63,6.448753099752925e-11
16.635,6.404700150695847e-11
16.64,6.360948293080892e-11
16.645,6.31749546786464e-11
16.65,6.274339630093099e-11
16.655,6.231478748805368e-11
16.66,6.188910806937947e-11
16.665,6.146633801229405e-11
16.67,6.104645742125968e-11
16.675,6.062944653687551e-11
16.68,6.021528573494762e-11
16.685,5.980395552556176e-11
16.69,5.939543655216286e-11
16.695,5.898970959064407e-11
16.7,5.858675554843807e-11
16.705000000000002,5.818655546361812e-11
16.71,5.7789090504002905e-11
16.715,5.739434196626773e-11
16.72,5.700229127506027e-11
16.725,5.6612919982130564e-11
16.73,5.622620976545348e-11
16.735,5.5842142428369174e-11
16.740000000000002,5.546069989872435e-11
16.745,5.5081864228016177e-11
16.75,5.4705617590549715e-11
16.755,5.433194228259612e-11
16.76,5.39608207215573e-11
16.765,5.35922354451355e-11
16.77,5.322616911050961e-11
16.775,5.286260449352077e-11
16.78,5.2501524487855804e-11
16.785,5.214291210424156e-11
16.79,5.178675046964404e-11
16.795,5.14330228264736e-11
16.8,5.108171253179297e-11
16.805,5.073280305653174e-11
16.81,5.0386277984708394e-11
16.815,5.00421210126564e-11
16.82,4.970031594825323e-11
16.825,4.936084671015899e-11
16.830000000000002,4.90236973270552e-11
16.835,4.8688851936895585e-11
16.84,4.8356294786153334e-11
16.845,4.802601022908224e-11
16.85,4.769798272697502e-11
16.855,4.737219684743571e-11
16.86,4.704863726364588e-11
16.865000000000002,4.672728875364542e-11
16.87,4.640813619961438e-11
16.875,4.609116458716061e-11
16.88,4.577635900460772e-11
16.885,4.546370464229851e-11
16.89,4.515318679189084e-11
16.895,4.4844790845666454e-11
16.9,4.453850229584244e-11
16.905,4.4234306733885234e-11
16.91,4.393218984983486e-11
16.915,4.363213743162574e-11
16.92,4.333413536441901e-11
16.925,4.303816962993781e-11
16.93,4.274422630580334e-11
16.935,4.2452291564880836e-11
16.94,4.216235167462638e-11
16.945,4.1874392996440586e-11
16.95,4.1588401985023743e-11
16.955000000000002,4.130436518773985e-11
16.96,4.102226924397894e-11
16.965,4.074210088452914e-11
16.97,4.046384693095029e-11
16.975,4.0187494294954486e-11
16.98,3.991302997778635e-11
16.985,3.9640441069611786e-11
16.990000000000002,3.936971474890793e-11
16.995,3.9100838281860855e-11
17.0,3.8833799021762274e-11
17.005,3.856858440841664e-11
17.01,3.830518196754608e-11
17.015,3.804357931020411e-11
17.02,3.778376413219076e-11
17.025,3.7525724213471605e-11
17.03,3.7269447417604945e-11
17.035,3.701492169116547e-11
17.04,3.67621350631781e-11
17.045,3.651107564455479e-11
17.05,3.626173162753091e-11
17.055,3.601409128511184e-11
17.06,3.576814297051825e-11
17.065,3.552387511663765e-11
17.07,3.528127623547881e-11
17.075,3.504033491763034e-11
17.080000000000002,3.4801039831723415e-11
17.085,3.456337972389605e-11
17.09,3.4327343417265086e-11
17.095,3.4092919811396424e-11
17.1,3.3860097881784244e-11
17.105,3.362886667933013e-11
17.11,3.33992153298265e-11
17.115000000000002,3.3171133033445873e-11
17.12,3.294460906422967e-11
17.125,3.271963276958348e-11
17.13,3.249619356977574e-11
17.135,3.2274280957438034e-11
17.14,3.205388449707055e-11
17.145,3.1834993824548396e-11
17.150000000000002,3.161759864663608e-11
17.155,3.140168874050061e-11
17.16,3.118725395322813e-11
17.165,3.0974284201350316e-11
17.17,3.076276947036247e-11
17.175,3.055269981425619e-11
17.18,3.034406535505073e-11
17.185,3.0136856282323735e-11
17.19,2.99310628527533e-11
17.195,2.972667538965528e-11
17.2,2.952368428252891e-11
17.205000000000002,2.9322079986603933e-11
17.21,2.912185302238992e-11
17.215,2.8922993975230207e-11
17.22,2.8725493494858226e-11
17.225,2.852934229495552e-11
17.23,2.8334531152717043e-11
17.235,2.8141050908413472e-11
17.240000000000002,2.794889246496029e-11
17.245,2.7758046787491032e-11
17.25,2.7568504902928324e-11
17.255,2.7380257899563343e-11
17.26,2.71932969266361e-11
17.265,2.700761319391737e-11
17.27,2.682319797129192e-11
17.275000000000002,2.664004258835384e-11
17.28,2.6458138433990712e-11
17.285,2.62774769559819e-11
17.29,2.6098049660596063e-11
17.295,2.5919848112187255e-11
17.3,2.5742863932801015e-11
17.305,2.556708880177859e-11
17.31,2.5392514455363007e-11
17.315,2.5219132686313057e-11
17.32,2.5046935343513582e-11
17.325,2.487591433159271e-11
17.330000000000002,2.4706061610539825e-11
17.335,2.4537369195328145e-11
17.34,2.4369829155537185e-11
17.345,2.420343361497895e-11
17.35,2.4038174751327014e-11
17.355,2.387404479574987e-11
17.36,2.3711036032541358e-11
17.365000000000002,2.3549140798759785e-11
17.37,2.3388351483866373e-11
17.375,2.3228660529366245e-11
17.38,2.3070060428452205e-11
17.385,2.2912543725651782e-11
17.39,2.275610301647397e-11
17.395,2.260073094706601e-11
17.400000000000002,2.244642021385799e-11
17.405,2.2293163563226108e-11
17.41,2.2140953791149e-11
17.415,2.1989783742866995e-11
17.42,2.1839646312544965e-11
17.425,2.1690534442939692e-11
17.43,2.1542441125065877e-11
17.435,2.1395359397866318e-11
17.44,2.1249282347883266e-11
17.445,2.1104203108934836e-11
17.45,2.0960114861787522e-11
17.455000000000002,2.0817010833840762e-11
17.46,2.0674884298801554e-11
17.465,2.0533728576371847e-11
17.47,2.0393537031934122e-11
17.475,2.0254303076235974e-11
17.48,2.011602016508047e-11
17.485,1.9978681799020744e-11
17.490000000000002,1.9842281523048736e-11
17.495,1.970681292629724e-11
17.5,1.95722696417324e-11
17.505,1.9438645345857122e-11
17.51,1.9305933758411214e-11
17.515,1.917412864207881e-11
17.52,1.9043223802189576e-11
17.525000000000002,1.8913213086431743e-11
17.53,1.8784090384558943e-11
17.535,1.865584962810451e-11
17.54,1.8528484790095104e-11
17.545,1.8401989884765376e-11
17.55,1.8276358967277622e-11
17.555,1.8151586133442532e-11
17.56,1.8027665519439007e-11
17.565,1.7904591301538668e-11
17.57,1.7782357695832082e-11
17.575,1.7660958957956854e-11
17.580000000000002,1.7540389382824887e-11
17.585,1.7420643304356992e-11
17.59,1.7301715095212216e-11
17.595,1.7183599166525586e-11
17.6,1.706628996764482e-11
17.605,1.69497819858667e-11
17.61,1.6834069746180526e-11
17.615000000000002,1.6719147811006783e-11
17.62,1.6605010779943937e-11
17.625,1.6491653289513373e-11
17.63,1.6379070012906436e-11
17.635,1.6267255659732203e-11
17.64,1.6156204975772118e-11
17.645,1.6045912742728213e-11
17.650000000000002,1.5936373777980952e-11
17.655,1.5827582934341372e-11
17.66,1.571953509981381e-11
17.665,1.561222519734997e-11
17.67,1.550564818461439e-11
17.675,1.53997990537406e-11
17.68,1.529467283110462e-11
17.685,1.5190264577082375e-11
17.69,1.5086569385820628e-11
17.695,1.498358238500664e-11
17.7,1.4881298735636907e-11
17.705000000000002,1.4779713631789875e-11
17.71,1.4678822300401218e-11
17.715,1.4578620001036278e-11
17.72,1.4479102025669773e-11
17.725,1.4380263698460816e-11
17.73,1.428210037553615e-11
17.735,1.4184607444769185e-11
17.740000000000002,1.408778032556455e-11
17.745,1.3991614468639998e-11
17.75,1.3896105355814922e-11
17.755,1.3801248499794793e-11
17.76,1.37070394439642e-11
17.765,1.3613473762170411e-11
17.77,1.3520547058522689e-11
17.775000000000002,1.342825496717929e-11
17.78,1.3336593152143615e-11
17.785,1.3245557307062595e-11
17.79,1.3155143155019917e-11
17.795,1.3065346448338044e-11
17.8,1.2976162968374987e-11
17.805,1.288758852532984e-11
17.81,1.2799618958041252e-11
17.815,1.2712250133794191e-11
17.82,1.2625477948124873e-11
17.825,1.253929832462725e-11
17.830000000000002,1.2453707214761444e-11
17.835,1.2368700597660886e-11
17.84,1.2284274479947424e-11
17.845,1.2200424895539928e-11
17.85,1.211714790546862e-11
17.855,1.203443959768934e-11
17.86,1.1952296086900295e-11
17.865000000000002,1.1870713514356899e-11
17.87,1.1789688047694009e-11
17.875,1.1709215880740835e-11
17.88,1.1629293233345738e-11
17.885,1.1549916351195838e-11
17.89,1.1471081505641988e-11
17.895,1.1392784993521493e-11
17.900000000000002,1.1315023136985126e-11
17.905,1.1237792283323588e-11
17.91,1.116108880479538e-11
17.915,1.1084909098455898e-11
17.92,1.10092495859893e-11
17.925,1.0934106713536422e-11
17.93,1.0859476951533598e-11
17.935,1.078535679453965e-11
17.94,1.0711742761076198e-11
17.945,1.0638631393460373e-11
17.95,1.0566019257644504e-11
17.955000000000002,1.0493902943052554e-11
17.96,1.0422279062421172e-11
17.965,1.0351144251638924e-11
17.97,1.0280495169588479e-11
17.975,1.0210328497990885e-11
17.98,1.014064094124504e-11
17.985,1.007142922627893e-11
17.990000000000002,1.0002690102389232e-11
17.995,9.93442034109292e-12
18.0,9.866616735973677e-12
18.005,9.799276102528882e-12
18.01,9.732395278024625e-12
18.015,9.665971121341617e-12
18.02,9.600000512830765e-12
18.025000000000002,9.53448035416555e-12
18.03,9.469407568195668e-12
18.035,9.404779098802372e-12
18.04,9.340591910754659e-12
18.045,9.276842989566864e-12
18.05,9.213529341356602e-12
18.055,9.150647992703735e-12
18.06,9.088195990511014e-12
18.065,9.026170401862351e-12
18.07,8.964568313889433e-12
18.075,8.903386833631742e-12
18.080000000000002,8.842623087899124e-12
18.085,8.782274223140569e-12
18.09,8.722337405306968e-12
18.095,8.662809819718054e-12
18.1,8.603688670929744e-12
18.105,8.544971182605916e-12
18.11,8.486654597382499e-12
18.115000000000002,8.428736176740454e-12
18.12,8.371213200877429e-12
18.125,8.314082968579778e-12
18.13,8.2573427970933e-12
18.135,8.200990021999798e-12
18.14,8.145021997089162e-12
18.145,8.089436094237151e-12
18.150000000000002,8.034229703279837e-12
18.155,7.979400231892453e-12
18.16,7.924945105465651e-12
18.165,7.870861766985702e-12
18.17,7.81714767691343e-12
18.175,7.763800313065981e-12
18.18,7.710817170496351e-12
18.185,7.658195761376258e-12
18.19,7.605933614880107e-12
18.195,7.55402827706678e-12
18.2,7.502477310766118e-12
18.205000000000002,7.451278295462876e-12
18.21,7.400428827183126e-12
18.215,7.34992651838278e-12
18.22,7.2997689978313e-12
18.225,7.249953910505613e-12
18.23,7.20047891747422e-12
18.235,7.151341695789719e-12
18.240000000000002,7.1025399383803275e-12
18.245,7.05407135393817e-12
18.25,7.005933666815199e-12
18.255,6.958124616913585e-12
18.26,6.9106419595795125e-12
18.265,6.86348346550046e-12
18.27,6.816646920595157e-12
18.275000000000002,6.770130125914917e-12
18.28,6.723930897535773e-12
18.285,6.678047066458082e-12
18.29,6.632476478505583e-12
18.295,6.587216994220059e-12
18.3,6.542266488765308e-12
18.305,6.4976228518234425e-12
18.31,6.453283987497053e-12
18.315,6.4092478142127424e-12
18.32,6.365512264618301e-12
18.325,6.322075285491344e-12
18.330000000000002,6.278934837636565e-12
18.335,6.236088895797336e-12
18.34,6.193535448550244e-12
18.345,6.151272498221776e-12
18.35,6.1092980607849415e-12
18.355,6.06761016577307e-12
18.36,6.026206856181567e-12
18.365000000000002,5.985086188379532e-12
18.37,5.944246232015949e-12
18.375,5.903685069931168e-12
18.38,5.863400798064516e-12
18.385,5.823391525366322e-12
18.39,5.783655373709448e-12
18.395,5.744190477796522e-12
18.400000000000002,5.70499498507993e-12
18.405,5.666067055667273e-12
18.41,5.6274048622392136e-12
18.415,5.589006589961779e-12
18.42,5.550870436400944e-12
18.425,5.512994611439355e-12
18.43,5.475377337191422e-12
18.435,5.438016847917378e-12
18.44,5.400911389944304e-12
18.445,5.3640592215802015e-12
18.45,5.327458613035775e-12
18.455000000000002,5.291107846337637e-12
18.46,5.255005215251118e-12
18.465,5.219149025203195e-12
18.47,5.183537593194267e-12
18.475,5.148169247727824e-12
18.48,5.113042328725027e-12
18.485,5.078155187451039e-12
18.490000000000002,5.043506186436031e-12
18.495,5.0090936993973255e-12
18.5,4.974916111164265e-12
18.505,4.940971817601019e-12
18.51,4.907259225532903e-12
18.515,4.8737767526697335e-12
18.52,4.8405228275316364e-12
18.525000000000002,4.807495889375742e-12
18.53,4.774694388123287e-12
18.535,4.742116784285589e-12
18.54,4.709761548891724e-12
18.545,4.677627163417518e-12
18.55,4.645712119713421e-12
18.555,4.614014919934067e-12
18.56,4.582534076467798e-12
18.565,4.551268111863778e-12
18.57,4.520215558770051e-12
18.575,4.4893749598557155e-12
18.580000000000002,4.458744867747611e-12
18.585,4.4283238449615375e-12
18.59,4.398110463833872e-12
18.595,4.368103306454801e-12
18.6,4.33830096460048e-12
18.605,4.3087020396699395e-12
18.61,4.27930514261506e-12
18.615000000000002,4.250108893880128e-12
18.62,4.221111923331271e-12
18.625,4.192312870197297e-12
18.63,4.16371038300255e-12
18.635,4.1353031195051145e-12
18.64,4.107089746632155e-12
18.645,4.079068940418245e-12
18.650000000000002,4.0512393859425426e-12
18.655,4.023599777268672e-12
18.66,3.996148817379939e-12
18.665,3.968885218121404e-12
18.67,3.94180770013856e-12
18.675,3.9149149928161646e-12
18.68,3.888205834220253e-12
18.685,3.861678971036291e-12
18.69,3.8353331585130866e-12
18.695,3.809167160402731e-12
18.7,3.783179748901646e-12
18.705000000000002,3.757369704594824e-12
18.71,3.731735816396933e-12
18.715,3.706276881497057e-12
18.72,3.680991705300601e-12
18.725,3.655879101372853e-12
18.73,3.630937891385038e-12
18.735,3.6061669050568843e-12
18.740000000000002,3.581564980103345e-12
18.745,3.557130962179929e-12
18.75,3.5328637048250686e-12
18.755,3.5087620694120873e-12
18.76,3.4848249250903284e-12
18.765,3.461051148734486e-12
18.77,3.437439624892302e-12
18.775000000000002,3.4139892457297787e-12
18.78,3.3906989109821893e-12
18.785,3.367567527899789e-12
18.79,3.3445940111973815e-12
18.795,3.3217772830038405e-12
18.8,3.2991162728104405e-12
18.805,3.2766099174218746e-12
18.81,3.2542571609040312e-12
18.815,3.2320569545368063e-12
18.82,3.210008256763801e-12
18.825,3.1881100331430134e-12
18.830000000000002,3.166361256297877e-12
18.835,3.144760905871223e-12
18.84,3.1233079684740733e-12
18.845,3.1020014376402664e-12
18.85,3.0808403137792916e-12
18.855,3.0598236041270745e-12
18.86,3.0389503227019803e-12
18.865000000000002,3.0182194902570367e-12
18.87,2.997630134233413e-12
18.875,2.9771812887165884e-12
18.88,2.9568719943883086e-12
18.885,2.936701298484805e-12
18.89,2.9166682547486243e-12
18.895,2.8967719233867897e-12
18.900000000000002,2.8770113710251424e-12
18.905,2.85738567066399e-12
18.91,2.837893901637645e-12
18.915,2.818535149566827e-12
18.92,2.799308506319001e-12
18.925,2.7802130699636847e-12
18.93,2.761247944731923e-12
18.935,2.742412240972601e-12
18.94,2.7237050751100436e-12
18.945,2.705125569606396e-12
18.95,2.686672852914955e-12
18.955000000000002,2.66834605944296e-12
18.96,2.650144329509877e-12
18.965,2.632066809306849e-12
18.97,2.614112650856628e-12
18.975,2.5962810119737198e-12
18.98,2.5785710562246333e-12
18.985,2.560981952889612e-12
18.990000000000002,2.543512876921533e-12
18.995,2.526163008909236e-12
19.0,2.508931535038626e-12
19.005,2.491817647052316e-12
19.01,2.474820542214295e-12
19.015,2.4579394232717927e-12
19.02,2.441173498416209e-12
19.025000000000002,2.424521981246907e-12
19.03,2.407984090735036e-12
19.035,2.3915590511854393e-12
19.04,2.3752460922014593e-12
19.045,2.3590444486469536e-12
19.05,2.3429533606125513e-12
19.055,2.326972073378828e-12
19.06,2.3110998373795237e-12
19.065,2.2953359081704885e-12
19.07,2.279679546388523e-12
19.075,2.264130017722104e-12
19.080000000000002,2.2486865928748817e-12
19.085,2.2333485475301376e-12
19.09,2.2181151623189887e-12
19.095,2.202985722785046e-12
19.1,2.1879595193513315e-12
19.105,2.1730358472872093e-12
19.11,2.15821400667427e-12
19.115000000000002,2.1434933023753494e-12
19.12,2.1288730440002677e-12
19.125,2.1143525458729278e-12
19.13,2.099931127000867e-12
19.135,2.0856081110424118e-12
19.14,2.071382826275109e-12
19.145,2.0572546055623265e-12
19.150000000000002,2.0432227863256853e-12
19.155,2.0292867105102536e-12
19.16,2.0154457245557545e-12
19.165,2.00169917936511e-12
19.17,1.9880464302744095e-12
19.175,1.9744868370213005e-12
19.18,1.961019763716774e-12
19.185,1.9476445788144955e-12
19.19,1.9343606550801126e-12
19.195,1.9211673695640086e-12
19.2,1.9080641035696036e-12
19.205000000000002,1.8950502426259533e-12
19.21,1.8821251764584537e-12
19.215,1.8692882989598646e-12
19.22,1.856539008161975e-12
19.225,1.843876706207792e-12
19.23,1.8313007993226713e-12
19.235,1.8188106977871107e-12
19.240000000000002,1.8064058159081459e-12
19.245,1.794085571993435e-12
19.25,1.7818493883221717e-12
19.255,1.7696966911187523e-12
19.26,1.757626910525874e-12
19.265,1.745639480578148e-12
19.27,1.733733839174275e-12
19.275000000000002,1.721909428051882e-12
19.28,1.7101656927607876e-12
19.285,1.6985020826366957e-12
19.29,1.686918050775884e-12
19.295,1.6754130540091836e-12
19.3,1.6639865528767836e-12
19.305,1.6526380116018868e-12
19.31,1.641366898066876e-12
19.315,1.6301726837876985e-12
19.32,1.6190548438893192e-12
19.325,1.6080128570801094e-12
19.330000000000002,1.5970462056286706e-12
19.335,1.586154375338495e-12
19.34,1.575336855525238e-12
19.345,1.5645931389898976e-12
19.35,1.5539227219983193e-12
19.355,1.5433251042561884e-12
19.36,1.5327997888843388e-12
19.365000000000002,1.5223462823971048e-12
19.37,1.5119640946778885e-12
19.375,1.5016527389576204e-12
19.38,1.4914117317907667e-12
19.385,1.4812405930323154e-12
19.39,1.4711388458166733e-12
19.395,1.4611060165332938e-12
19.400000000000002,1.4511416348066102e-12
19.405,1.4412452334722284e-12
19.41,1.4314163485560214e-12
19.415,1.4216545192513824e-12
19.42,1.4119592878989434e-12
19.425,1.4023301999631804e-12
19.43,1.392766804012746e-12
19.435,1.3832686516993273e-12
19.44,1.373835297734765e-12
19.445,1.364466299872191e-12
19.45,1.3551612188838766e-12
19.455000000000002,1.3459196185411698e-12
19.46,1.336741065594312e-12
19.465,1.3276251297511492e-12
19.47,1.3185713836581662e-12
19.475,1.3095794028792707e-12
19.48,1.3006487658767819e-12
19.485,1.2917790539903944e-12
19.490000000000002,1.2829698514193034e-12
19.495,1.2742207452011115e-12
19.5,1.2655313251931775e-12
19.505,1.2569011840531191e-12
19.51,1.2483299172198531e-12
19.515,1.2398171228945346e-12
19.52,1.2313624020212381e-12
19.525000000000002,1.222965358269688e-12
19.53,1.2146255980141198e-12
19.535,1.2063427303177659e-12
19.54,1.1981163669119835e-12
19.545,1.1899461221794256e-12
19.55,1.1818316131355972e-12
19.555,1.1737724594106011e-12
19.56,1.1657682832319058e-12
19.565,1.1578187094056216e-12
19.57,1.1499233653001656e-12
19.575,1.1420818808275807e-12
19.580000000000002,1.1342938884265243e-12
19.585,1.1265590230451953e-12
19.59,1.1188769221253677e-12
19.595,1.1112472255819072e-12
19.6,1.1036695757897802e-12
19.605,1.096143617565063e-12
19.61,1.0886689981481618e-12
19.615000000000002,1.0812453671891728e-12
19.62,1.0738723767291448e-12
19.625,1.0665496811843209e-12
19.63,1.0592769373315386e-12
19.635,1.0520538042899983e-12
19.64,1.0448799435064976e-12
19.645,1.0377550187387242e-12
19.650000000000002,1.0306786960403812e-12
19.655,1.023650643745103e-12
19.66,1.0166705324503367e-12
19.665,1.0097380350033827e-12
19.67,1.002852826483108e-12
19.675,9.960145841885657e-13
19.68,9.892229876205561e-13
19.685,9.824777184690752e-13
19.69,9.757784605963125e-13
19.695,9.691249000227586e-13
19.7,9.625167249128966e-13
19.705000000000002,9.559536255593337e-13
19.71,9.494352943699175e-13
19.715,9.429614258514757e-13
19.72,9.365317165969289e-13
19.725,9.301458652699719e-13
19.73,9.238035725922725e-13
19.735,9.175045413281219e-13
19.740000000000002,9.112484762702654e-13
19.745,9.050350842282605e-13
19.75,8.98864074011818e-13
19.755,8.927351564192114e-13
19.76,8.866480442221387e-13
19.765,8.806024521546377e-13
19.77,8.745980968964638e-13
19.775000000000002,8.68634697062644e-13
19.78,8.627119731886233e-13
19.785,8.568296477173627e-13
19.79,8.50987444987088e-13
19.795,8.451850912173773e-13
19.8,8.3942231449735e-13
19.805,8.336988447713988e-13
19.81,8.280144138283146e-13
19.815,8.223687552872799e-13
19.82,8.167616045857965e-13
19.825,8.111926989681934e-13
19.830000000000002,8.056617774714184e-13
19.835,8.00168580914079e-13
19.84,7.947128518842593e-13
19.845,7.892943347276805e-13
19.85,7.839127755341922e-13
19.855,7.785679221272319e-13
19.86,7.732595240523077e-13
19.865000000000002,7.679873325636842e-13
19.87,7.627511006142833e-13
19.875,7.575505828422195e-13
19.88,7.523855355622312e-13
19.885,7.472557167514839e-13
19.89,7.421608860391716e-13
19.895,7.371008046952026e-13
19.900000000000002,7.320752356190716e-13
19.905,7.270839433296286e-13
19.91,7.221266939516476e-13
19.915,7.172032552077649e-13
19.92,7.123133964046441e-13
19.925,7.074568884250184e-13
19.93,7.026335037145493e-13
19.935,6.978430162727078e-13
19.94,6.93085201641382e-13
19.945,6.883598368949722e-13
19.95,6.836667006287502e-13
19.955000000000002,6.790055729501144e-13
19.96,6.74376235466783e-13
19.965,6.697784712772353e-13
19.97,6.652120649606997e-13
19.975,6.606768025668962e-13
19.98,6.561724716051973e-13
19.985,6.516988610361345e-13
19.990000000000002,6.472557612607426e-13
19.995,6.428429641099839e-13
20.0,6.384602628360226e-13
20.005,6.341074521030883e-13
20.01,6.297843279752598e-13
20.015,6.254906879098751e-13
20.02,6.212263307462697e-13
20.025000000000002,6.169910566967839e-13
20.03,6.127846673375152e-13
20.035,6.086069655991194e-13
20.04,6.044577557569108e-13
20.045,6.003368434217981e-13
20.05,5.96244035532376e-13
20.055,5.921791403444082e-13
20.06,5.881419674227991e-13
20.065,5.841323276315686e-13
20.07,5.801500331263084e-13
20.075,5.761948973438384e-13
20.080000000000002,5.72266734995546e-13
20.085,5.683653620563421e-13
20.09,5.644905957576597e-13
20.095,5.606422545782818e-13
20.1,5.56820158236506e-13
20.105,5.530241276797345e-13
20.11,5.492539850786423e-13
20.115000000000002,5.455095538170403e-13
20.12,5.417906584843354e-13
20.125,5.380971248667926e-13
20.13,5.344287799406871e-13
20.135,5.307854518615249e-13
20.14,5.271669699593721e-13
20.145,5.235731647283616e-13
20.150000000000002,5.200038678186254e-13
20.155,5.164589120312585e-13
20.16,5.129381313070125e-13
20.165,5.094413607199224e-13
20.17,5.059684364702702e-13
20.175,5.025191958762393e-13
20.18,4.990934773660818e-13
20.185,4.956911204706831e-13
20.19,4.923119658156989e-13
20.195,4.889558551155109e-13
20.2,4.856226311636619e-13
20.205000000000002,4.823121378277692e-13
20.21,4.790242200399907e-13
20.215,4.757587237913801e-13
20.22,4.725154961234362e-13
20.225,4.692943851221682e-13
20.23,4.660952399102767e-13
20.235,4.629179106397457e-13
20.240000000000002,4.597622484853468e-13
20.245,4.566281056380002e-13
20.25,4.5351533529662234e-13
20.255,4.5042379166319e-13
20.26,4.4735332993249047e-13
20.265,4.443038062895855e-13
20.27,4.4127507790065907e-13
20.275000000000002,4.382670029058251e-13
20.28,4.352794404141427e-13
20.285,4.3231225049519547e-13
20.29,4.2936529417471254e-13
20.295,4.2643843342603507e-13
20.3,4.23531531164635e-13
20.305,4.2064445124172003e-13
20.31,4.1777705843715443e-13
20.315,4.1492921845397196e-13
20.32,4.121007979118852e-13
20.325,4.092916643402875e-13
20.330000000000002,4.065016861727425e-13
20.335,4.037307327406353e-13
20.34,4.0097867426754587e-13
20.345,3.982453818621068e-13
20.35,3.9553072751265976e-13
20.355,3.9283458408062127e-13
20.36,3.901568252969265e-13
20.365000000000002,3.8749732575158324e-13
20.37,3.8485596089198586e-13
20.375,3.8223260701553906e-13
20.38,3.79627141263171e-13
20.385,3.7703944161389054e-13
20.39,3.7446938688061945e-13
20.395,3.7191685670226807e-13
20.400000000000002,3.6938173153942736e-13
20.405,3.6686389266843645e-13
20.41,3.643632221754789e-13
20.415,3.6187960295190493e-13
20.42,3.594129186880206e-13
20.425,3.5696305386720363e-13
20.43,3.5452989376208075e-13
20.435,3.521133244276918e-13
20.44,3.4971323269635996e-13
20.445,3.4732950617302254e-13
20.45,3.4496203322928426e-13
20.455000000000002,3.4261070299871853e-13
20.46,3.402754053713674e-13
20.465,3.379560309886208e-13
20.47,3.356524712382405e-13
20.475,3.333646182486525e-13
20.48,3.3109236488474944e-13
20.485,3.2883560474233326e-13
20.490000000000002,3.2659423214373e-13
20.495,3.243681421314713e-13
20.5,3.2215723046492596e-13
20.505,3.199613936148671e-13
20.51,3.1778052875754496e-13
20.515,3.1561453377216355e-13
20.52,3.134633072339857e-13
20.525000000000002,3.1132674841033465e-13
20.53,3.092047572555241e-13
20.535,3.070972344080147e-13
20.54,3.0500408118244957e-13
20.545,3.0292519956770216e-13
20.55,3.0086049222207324e-13
20.555,2.988098624662102e-13
20.56,2.967732142824029e-13
20.565,2.9475045230672687e-13
20.57,2.9274148182667425e-13
20.575,2.907462087757693e-13
20.580000000000002,2.8876453972954167e-13
20.585,2.8679638190046485e-13
20.59,2.848416431348023e-13
20.595,2.829002319075398e-13
20.6,2.8097205731704006e-13
20.605,2.7905702908327635e-13
20.61,2.7715505754217433e-13
20.615000000000002,2.7526605363991033e-13
20.62,2.733899289322164e-13
20.625,2.7152659557691447e-13
20.63,2.6967596633214563e-13
20.635,2.6783795455074623e-13
20.64,2.660124741763465e-13
20.645,2.641994397407316e-13
20.650000000000002,2.6239876635787644e-13
20.655,2.6061036972212503e-13
20.66,2.5883416610145194e-13
20.665,2.5707007233683823e-13
20.67,2.5531800583510635e-13
20.675,2.5357788456780185e-13
20.68,2.5184962706509186e-13
20.685,2.501331524139038e-13
20.69,2.484283802527688e-13
20.695,2.4673523076852004e-13
20.7,2.450536246931698e-13
20.705000000000002,2.4338348329796284e-13
20.71,2.417247283931024e-13
20.715,2.400772823212785e-13
20.72,2.384410679550554e-13
20.725,2.368160086934474e-13
20.73,2.352020284583913e-13
20.735,2.3359905169036513e-13
20.740000000000002,2.3200700334507586e-13
20.745,2.3042580889101807e-13
20.75,2.2885539430501543e-13
20.755,2.2729568606802259e-13
20.76,2.2574661116429578e-13
20.765,2.2420809707461346e-13
20.77,2.2268007177509599e-13
20.775000000000002,2.2116246373354838e-13
20.78,2.1965520190549407e-13
20.785,2.181582157310643e-13
20.79,2.1667143513226322e-13
20.795,2.1519479050855285e-13
20.8,2.1372821273434701e-13
20.805,2.1227163315665721e-13
20.81,2.1082498358937434e-13
20.815,2.0938819631262202e-13
20.82,2.0796120406795742e-13
20.825,2.0654394005613637e-13
20.830000000000002,2.0513633793343795e-13
20.835,2.0373833180947343e-13
20.84,2.0234985624194328e-13
20.845,2.0097084623573866e-13
20.85,1.9960123724016208e-13
20.855,1.9824096514293333e-13
20.86,1.9688996627122373e-13
20.865000000000002,1.955481773845388e-13
20.87,1.9421553567552003e-13
20.875,1.928919787645656e-13
20.88,1.9157744469764085e-13
20.885,1.9027187194323851e-13
20.89,1.8897519938978312e-13
20.895,1.8768736634260672e-13
20.900000000000002,1.8640831252153034e-13
20.905,1.8513797805694645e-13
20.91,1.8387630348749177e-13
20.915,1.8262322975839164e-13
20.92,1.8137869821700051e-13
20.925,1.8014265061132786e-13
20.93,1.7891502908593587e-13
20.935,1.77695776181176e-13
20.94,1.76484834828285e-13
20.945,1.7528214834867301e-13
20.95,1.7408766045001976e-13
20.955000000000002,1.7290131522389748e-13
20.96,1.7172305714355082e-13
20.965,1.7055283106084326e-13
20.97,1.6939058220425425e-13
20.975,1.6823625617499696e-13
20.98,1.670897989463072e-13
20.985,1.6595115685970042e-13
20.990000000000002,1.6482027662226451e-13
20.995,1.6369710530555643e-13
21.0,1.625815903409353e-13
21.005,1.6147367951940878e-13
21.01,1.6037332098796532e-13
21.015,1.5928046324704034e-13
21.02,1.5819505514850778e-13
21.025000000000002,1.5711704589313048e-13
21.03,1.560463850280296e-13
21.035,1.5498302244458101e-13
21.04,1.5392690837673304e-13
21.045,1.528779933963711e-13
21.05,1.5183622841391868e-13
21.055,1.5080156467419912e-13
21.06,1.4977395375409553e-13
21.065,1.4875334756207534e-13
21.07,1.4773969833327286e-13
21.075,1.4673295862909298e-13
21.080000000000002,1.4573308133542903e-13
21.085,1.447400196581683e-13
21.09,1.4375372712313625e-13
21.095,1.4277415757336406e-13
21.1,1.4180126516609021e-13
21.105,1.4083500437187438e-13
21.11,1.3987532997129475e-13
21.115000000000002,1.3892219705384313e-13
21.12,1.3797556101524654e-13
21.125,1.370353775552642e-13
21.13,1.3610160267610716e-13
21.135,1.3517419268025795e-13
21.14,1.3425310416731713e-13
21.145,1.3333829403404214e-13
21.150000000000002,1.3242971947048513e-13
21.155,1.3152733795957196e-13
21.16,1.3063110727309052e-13
21.165,1.2974098547177141e-13
21.17,1.2885693090164588e-13
21.175,1.2797890219348136e-13
21.18,1.2710685825996635e-13
21.185,1.262407582947022e-13
21.19,1.2538056176826627e-13
21.195,1.2452622842898703e-13
21.2,1.236777182987579e-13
21.205000000000002,1.2283499167282574e-13
21.21,1.21998009117343e-13
21.215,1.2116673146645698e-13
21.22,1.2034111982297466e-13
21.225,1.1952113555373642e-13
21.23,1.1870674028928828e-13
21.235,1.1789789592250787e-13
21.240000000000002,1.170945646058014e-13
21.245,1.162967087498432e-13
21.25,1.1550429102105948e-13
21.255,1.147172743413992e-13
21.26,1.1393562188549704e-13
21.265,1.1315929707927342e-13
21.27,1.1238826359736173e-13
21.275000000000002,1.1162248536246798e-13
21.28,1.1086192654396426e-13
21.285,1.1010655155529376e-13
21.29,1.0935632505218827e-13
21.295,1.0861121193211319e-13
21.3,1.0787117733150062e-13
21.305,1.071361866245451e-13
21.31,1.0640620542212011e-13
21.315,1.0568119956887543e-13
21.32,1.0496113514295386e-13
21.325,1.0424597845395365e-13
21.330000000000002,1.0353569604082673e-13
21.335,1.0283025467095066e-13
21.34,1.0212962133856123e-13
21.345,1.0143376326273684e-13
21.35,1.007426478859689e-13
21.355,1.000562428734977e-13
21.36,9.93745161101974e-14
21.365000000000002,9.869743570081267e-14
21.37,9.802496996678127e-14
21.375,9.735708744660411e-14
21.38,9.669375689226048e-14
21.385,9.603494726981302e-14
21.39,9.538062775646812e-14
21.395,9.473076773977447e-14
21.400000000000002,9.408533681560732e-14
21.405,9.344430478810314e-14
21.41,9.280764166684245e-14
21.415,9.217531766542423e-14
21.42,9.154730320203248e-14
21.425,9.092356889531432e-14
21.43,9.030408556447112e-14
21.435,8.968882422812336e-14
21.44,8.907775610234528e-14
21.445,8.84708525994109e-14
21.45,8.786808532675616e-14
21.455000000000002,8.726942608547436e-14
21.46,8.667484686904768e-14
21.465,8.60843198617051e-14
21.47,8.54978174369416e-14
21.475,8.491531215806626e-14
21.48,8.433677677405815e-14
21.485,8.376218422052465e-14
21.490000000000002,8.319150761724373e-14
21.495,8.26247202678828e-14
21.5,8.206179565718092e-14
21.505,8.150270745177107e-14
21.51,8.09474294975655e-14
21.515,8.039593581853636e-14
21.52,7.984820061618023e-14
21.525000000000002,7.930419826731172e-14
21.53,7.876390332390666e-14
21.535,7.822729051180771e-14
21.54,7.769433472881613e-14
21.545,7.716501104390009e-14
21.55,7.663929469643016e-14
21.555,7.611716109419586e-14
21.56,7.559858581262051e-14
21.565,7.508354459438145e-14
21.57,7.457201334682474e-14
21.575,7.406396814158057e-14
21.580000000000002,7.355938521469802e-14
21.585,7.305824096285046e-14
21.59,7.256051194394664e-14
21.595,7.206617487639041e-14
21.6,7.157520663674522e-14
21.605,7.108758425984261e-14
21.61,7.060328493634366e-14
21.615000000000002,7.012228601316303e-14
21.62,6.964456499142584e-14
21.625,6.917009952566732e-14
21.63,6.869886742250488e-14
21.635,6.823084664037334e-14
21.64,6.776601528820893e-14
21.645,6.730435162333391e-14
21.650000000000002,6.684583405234297e-14
21.655,6.639044112855264e-14
21.66,6.593815155112325e-14
21.665,6.5488944165795e-14
21.67,6.504279796049888e-14
21.675,6.459969206891128e-14
21.68,6.415960576512124e-14
21.685,6.372251846518338e-14
21.69,6.328840972592858e-14
21.695,6.285725924288872e-14
21.7,6.24290468499644e-14
21.705000000000002,6.200375251976684e-14
21.71,6.158135636023587e-14
21.715,6.116183861531352e-14
21.72,6.074517966379693e-14
21.725,6.033136001804723e-14
21.73,5.992036032426063e-14
21.735,5.95121613588069e-14
21.740000000000002,5.910674403087592e-14
21.745,5.870408937895576e-14
21.75,5.830417857076677e-14
21.755,5.79069929028742e-14
21.76,5.75125137991448e-14
21.765,5.712072281016387e-14
21.77,5.673160161245807e-14
21.775000000000002,5.634513200721018e-14
21.78,5.5961295919525506e-14
21.785,5.558007539887094e-14
21.79,5.520145261578817e-14
21.795,5.482540986314069e-14
21.8,5.445192955383662e-14
21.805,5.408099422167599e-14
21.81,5.37125865190955e-14
21.815,5.334668921644846e-14
21.82,5.298328520238439e-14
21.825,5.262235748128144e-14
21.830000000000002,5.226388917408977e-14
21.835,5.190786351660009e-14
21.84,5.155426385930864e-14
21.845,5.120307366521182e-14
21.85,5.0854276511611094e-14
21.855,5.050785608651046e-14
21.86,5.016379618943767e-14
21.865000000000002,4.9822080730344655e-14
21.87,4.948269372914162e-14
21.875,4.914561931536919e-14
21.88,4.881084172471853e-14
21.885,4.8478345302950734e-14
21.89,4.81481145002716e-14
21.895,4.7820133874597205e-14
21.900000000000002,4.749438808801658e-14
21.905,4.717086190786586e-14
21.91,4.6849540205082995e-14
21.915,4.653040795406127e-14
21.92,4.62134502310839e-14
21.925,4.589865221435688e-14
21.93,4.5585999183270253e-14
21.935,4.527547651836989e-14
21.94,4.4967069697812145e-14
21.945,4.4660764301415236e-14
21.95,4.43565460047496e-14
21.955000000000002,4.405440058323556e-14
21.96,4.3754313907894755e-14
21.965,4.3456271946554605e-14
21.97,4.316026076235408e-14
21.975,4.286626651407508e-14
21.98,4.2574275454781716e-14
21.985,4.228427393068009e-14
21.990000000000002,4.199624838156386e-14
21.995,4.171018533913129e-14
22.0,4.1426071428214665e-14
22.005,4.1143893363293565e-14
22.01,4.086363795025728e-14
22.015,4.058529208490321e-14
22.02,4.0308842751958826e-14
22.025000000000002,4.003427702534169e-14
22.03,3.9761582067264357e-14
22.035,3.949074512692928e-14
22.04,3.922175354019024e-14
22.045,3.895459473050934e-14
22.05,3.868925620611006e-14
22.055,3.8425725560440493e-14
22.06,3.8163990471949914e-14
22.065,3.7904038702377756e-14
22.07,3.764585809780889e-14
22.075,3.7389436586659345e-14
22.080000000000002,3.7134762179589186e-14
22.085,3.6881822969008876e-14
22.09,3.6630607129647626e-14
22.095,3.638110291433664e-14
22.1,3.6133298658591614e-14
22.105,3.588718277645297e-14
22.11,3.564274376050169e-14
22.115000000000002,3.539997018168706e-14
22.12,3.51588506904883e-14
22.125,3.4919374012580195e-14
22.13,3.4681528952203895e-14
22.135,3.4445304388934074e-14
22.14,3.421068927846224e-14
22.145,3.397767265216219e-14
22.150000000000002,3.374624361542316e-14
22.155,3.35163913485021e-14
22.16,3.328810510564656e-14
22.165,3.306137421327364e-14
22.17,3.2836188071548056e-14
22.175,3.2612536152625246e-14
22.18,3.23904080003442e-14
22.185,3.216979323024246e-14
22.19,3.195068152742793e-14
22.195,3.1733062648949114e-14
22.2,3.151692642106275e-14
22.205000000000002,3.130226273895671e-14
22.21,3.108906156689484e-14
22.215,3.087731293784796e-14
22.22,3.066700695248489e-14
22.225,3.045813377906822e-14
22.23,3.0250683652942816e-14
22.235,3.004464687587799e-14
22.240000000000002,2.984001381608442e-14
22.245,2.9636774906541156e-14
22.25,2.9434920646569543e-14
22.255,2.9234441599793685e-14
22.26,2.9035328394153124e-14
22.265,2.883757172134465e-14
22.27,2.864116233643879e-14
22.275000000000002,2.844609105817217e-14
22.28,2.8252348767429416e-14
22.285,2.80599264065165e-14
22.29,2.7868814980973193e-14
22.295,2.7679005556654915e-14
22.3,2.7490489261121797e-14
22.305,2.7303257281154427e-14
22.31,2.711730086463719e-14
22.315,2.693261131901326e-14
22.32,2.6749180010493338e-14
22.325,2.6566998364455478e-14
22.330000000000002,2.6386057865338554e-14
22.335,2.6206350054081754e-14
22.34,2.6027866531080766e-14
22.345,2.585059895234792e-14
22.35,2.5674539032249974e-14
22.355,2.5499678540518505e-14
22.36,2.5326009303445028e-14
22.365000000000002,2.515352320343147e-14
22.37,2.4982212177364915e-14
22.375,2.481206821775757e-14
22.38,2.4643083371213784e-14
22.385,2.447524973923122e-14
22.39,2.4308559476686693e-14
22.395,2.4143004791776826e-14
22.400000000000002,2.3978577946000388e-14
22.405,2.3815271253747617e-14
22.41,2.3653077081979483e-14
22.415,2.3491987848810823e-14
22.42,2.3331996024980587e-14
22.425,2.3173094132193286e-14
22.43,2.301527474330563e-14
22.435,2.2858530481269864e-14
22.44,2.270285401994251e-14
22.445,2.254823808272706e-14
22.45,2.2394675443054713e-14
22.455000000000002,2.224215892305454e-14
22.46,2.209068139391516e-14
22.465,2.1940235776094316e-14
22.47,2.1790815037235288e-14
22.475,2.1642412194217174e-14
22.48,2.1495020309507942e-14
22.485,2.1348632495262362e-14
22.490000000000002,2.1203241908893174e-14
22.495,2.105884175548608e-14
22.5,2.0915425285147123e-14
22.505,2.0772985795976044e-14
22.51,2.063151662962266e-14
22.515,2.0491011174244942e-14
22.52,2.0351462863310548e-14
22.525000000000002,2.021286517428872e-14
22.53,2.007521162969613e-14
22.535,1.9938495796067652e-14
22.54,1.980271128330807e-14
22.545,1.96678517453896e-14
22.55,1.9533910879860478e-14
22.555,1.9400882426292015e-14
22.56,1.9268760167636838e-14
22.565,1.9137537929008333e-14
22.57,1.9007209577793897e-14
22.575,1.8877769022472522e-14
22.580000000000002,1.8749210214257824e-14
22.585,1.8621527144304113e-14
22.59,1.8494713845816094e-14
22.595,1.8368764391938665e-14
22.6,1.8243672896451127e-14
22.605,1.8119433513431465e-14
22.61,1.7996040436501243e-14
22.615000000000002,1.7873487899018014e-14
22.62,1.775177017359628e-14
22.625,1.763088157195031e-14
22.63,1.751081644461541e-14
22.635,1.739156918043807e-14
22.64,1.7273134206637737e-14
22.645,1.7155505988321452e-14
22.650000000000002,1.7038679028673012e-14
22.655,1.6922647867910544e-14
22.66,1.6807407083384374e-14
22.665,1.6692951290214034e-14
22.67,1.657927513902418e-14
22.675,1.6466373318033134e-14
22.68,1.6354240550912592e-14
22.685,1.6242871597587082e-14
22.69,1.6132261253578984e-14
22.695,1.6022404350289776e-14
22.7,1.5913295753633036e-14
22.705000000000002,1.580493036508546e-14
22.71,1.5697303120673184e-14
22.715,1.559040899090543e-14
22.72,1.548424298063576e-14
22.725,1.5378800128881313e-14
22.73,1.5274075508177224e-14
22.735,1.517006422486832e-14
22.740000000000002,1.506676141861113e-14
22.745,1.49641622621158e-14
22.75,1.4862261961142358e-14
22.755,1.4761055753993336e-14
22.76,1.4660538911357967e-14
22.765,1.4560706736373716e-14
22.77,1.4461554564121457e-14
22.775000000000002,1.4363077761403686e-14
22.78,1.4265271726417176e-14
22.785,1.416813188915613e-14
22.79,1.4071653710552705e-14
22.795,1.3975832682374192e-14
22.8,1.3880664327332005e-14
22.805,1.3786144198350559e-14
22.81,1.3692267878997665e-14
22.815,1.3599030982679045e-14
22.82,1.3506429152801767e-14
22.825,1.3414458062552366e-14
22.830000000000002,1.332311341435461e-14
22.835,1.3232390940451635e-14
22.84,1.3142286401278243e-14
22.845,1.3052795587098698e-14
22.85,1.2963914316294752e-14
22.855,1.2875638435858725e-14
22.86,1.2787963821321324e-14
22.865000000000002,1.2700886376076249e-14
22.87,1.2614402031305463e-14
22.875,1.2528506746513071e-14
22.88,1.2443196507969223e-14
22.885,1.2358467329828778e-14
22.89,1.2274315253298097e-14
22.895,1.2190736346435863e-14
22.900000000000002,1.2107726704314396e-14
22.905,1.2025282448286727e-14
22.91,1.1943399726567828e-14
22.915,1.1862074713261182e-14
22.92,1.1781303608757741e-14
22.925,1.1701082639177506e-14
22.93,1.1621408056548913e-14
22.935,1.1542276138205055e-14
22.94,1.1463683187197929e-14
22.945,1.1385625531309941e-14
22.95,1.1308099523868976e-14
22.955000000000002,1.1231101542547444e-14
22.96,1.1154627990051396e-14
22.965,1.1078675293727813e-14
22.97,1.1003239904396936e-14
22.975,1.0928318298498677e-14
22.98,1.0853906975134528e-14
22.985,1.0780002458158583e-14
22.990000000000002,1.0706601294558318e-14
22.995,1.0633700055112075e-14
23.0,1.0561295334174652e-14
23.005,1.048938374886693e-14
23.01,1.0417961939578279e-14
23.015,1.0347026569435214e-14
23.02,1.0276574324742775e-14
23.025000000000002,1.0206601913933818e-14
23.03,1.0137106067942236e-14
23.035,1.0068083540512521e-14
23.04,9.999531106611141e-15
23.045,9.931445563718785e-15
23.05,9.863823731160717e-15
23.055,9.796662449968534e-15
23.06,9.729958582200768e-15
23.065,9.663709012097218e-15
23.07,9.597910644249444e-15
23.075,9.532560405418295e-15
23.080000000000002,9.467655242190169e-15
23.085,9.403192122461446e-15
23.09,9.339168035111596e-15
23.095,9.275579988977833e-15
23.1,9.212425013497997e-15
23.105,9.149700158636663e-15
23.11,9.087402493931952e-15
23.115000000000002,9.025529109248256e-15
23.12,8.964077114324125e-15
23.125,8.903043638310632e-15
23.13,8.842425829969268e-15
23.135,8.782220857898622e-15
23.14,8.722425909398524e-15
23.145,8.663038191501682e-15
23.150000000000002,8.604054929711215e-15
23.155,8.54547336904448e-15
23.16,8.48729077264779e-15
23.165,8.429504422952535e-15
23.17,8.37211162027492e-15
23.175,8.31510968384569e-15
23.18,8.258495950986012e-15
23.185,8.202267777078636e-15
23.19,8.146422535643158e-15
23.195,8.090957618076973e-15
23.2,8.035870433378564e-15
23.205000000000002,7.981158408420458e-15
23.21,7.926818987714205e-15
23.215,7.872849632802755e-15
23.22,7.819247822600931e-15
23.225,7.766011053647319e-15
23.23,7.7131368389598e-15
23.235,7.660622708954165e-15
23.240000000000002,7.608466210597958e-15
23.245,7.556664907891962e-15
23.25,7.505216380664342e-15
23.255,7.454118226450474e-15
23.26,7.403368058027687e-15
23.265,7.352963505036149e-15
23.27,7.302902213080706e-15
23.275000000000002,7.253181843921977e-15
23.28,7.203800075241552e-15
23.285,7.15475460040201e-15
23.29,7.106043128462078e-15
23.295,7.0576633844336016e-15
23.3,7.009613108481755e-15
23.305,6.961890056348189e-15
23.31,6.914491998890111e-15
23.315,6.8674167225404055e-15
23.32,6.820662028210747e-15
23.325,6.774225732070096e-15
23.330000000000002,6.7281056658061066e-15
23.335,6.6822996746143076e-15
23.34,6.636805619614738e-15
23.345,6.591621375632748e-15
23.35,6.546744832349412e-15
23.355,6.5021738939304085e-15
23.36,6.457906478267852e-15
23.365000000000002,6.41394051836495e-15
23.37,6.3702739602940946e-15
23.375,6.326904764869411e-15
23.38,6.283830906556598e-15
23.385,6.2410503733244885e-15
23.39,6.198561167457209e-15
23.395,6.156361304454053e-15
23.400000000000002,6.1144488132018105e-15
23.405,6.0728217364374564e-15
23.41,6.0314781298796595e-15
23.415,5.990416062694297e-15
23.42,5.9496336170658584e-15
23.425,5.9091288885661736e-15
23.43,5.868899985231421e-15
23.435,5.828945028342263e-15
23.44,5.789262151941085e-15
23.445,5.7498495026594625e-15
23.45,5.710705239689893e-15
23.455000000000002,5.671827535194755e-15
23.46,5.633214573497722e-15
23.465,5.59486455106493e-15
23.47,5.556775677090972e-15
23.475,5.518946172751947e-15
23.48,5.4813742711913324e-15
23.485,5.444058217991372e-15
23.490000000000002,5.406996270212742e-15
23.495,5.3701866972977384e-15
23.5,5.33362777996188e-15
23.505,5.297317811313743e-15
23.51,5.2612550949709154e-15
23.515,5.225437947508811e-15
23.52,5.1898646957449216e-15
23.525000000000002,5.154533678799841e-15
23.53,5.119443246550086e-15
23.535,5.0845917604357326e-15
23.54,5.049977592685113e-15
23.545,5.0155991270404864e-15
23.55,4.9814547580305855e-15
23.555,4.9475428911606276e-15
23.56,4.9138619427588306e-15
23.565,4.880410339946509e-15
23.57,4.847186520956788e-15
23.575,4.8141889337023495e-15
23.580000000000002,4.7814160378564734e-15
23.585,4.7488663025449206e-15
23.59,4.7165382081318396e-15
23.595,4.684430244888322e-15
23.6,4.652540913399775e-15
23.605,4.6208687245074375e-15
23.61,4.589412199199486e-15
23.615000000000002,4.558169868717741e-15
23.62,4.527140274261229e-15
23.625,4.496321966644721e-15
23.63,4.465713506818295e-15
23.635,4.435313465583017e-15
23.64,4.40512042324258e-15
23.645,4.375132970106109e-15
23.650000000000002,4.345349705815003e-15
23.655,4.315769239635673e-15
23.66,4.286390190424211e-15
23.665,4.2572111861992376e-15
23.67,4.2282308644472644e-15
23.675,4.199447872148109e-15
23.68,4.170860865041454e-15
23.685,4.142468508493177e-15
23.69,4.114269476781851e-15
23.695,4.086262453069964e-15
23.7,4.058446129554471e-15
23.705000000000002,4.030819207540149e-15
23.71,4.0033803971061205e-15
23.715,3.9761284169073754e-15
23.72,3.949061994436778e-15
23.725,3.922179866076649e-15
23.73,3.895480776601455e-15
23.735,3.868963479214368e-15
23.740000000000002,3.84262673594309e-15
23.745,3.816469317075067e-15
23.75,3.7904900012171065e-15
23.755,3.764687575279929e-15
23.76,3.73906083465917e-15
23.765,3.713608582653373e-15
23.77,3.688329631169953e-15
23.775000000000002,3.6632227996770394e-15
23.78,3.638286915963546e-15
23.785,3.61352081583527e-15
23.79,3.588923342786587e-15
23.795,3.56449334853404e-15
23.8,3.5402296924436272e-15
23.805,3.516131241639279e-15
23.81,3.4921968709158517e-15
23.815,3.468425462778986e-15
23.82,3.4448159074268262e-15
23.825,3.42136710249778e-15
23.830000000000002,3.398077953379538e-15
23.835,3.374947372546113e-15
23.84,3.351974279976092e-15
23.845,3.3291576033835624e-15
23.85,3.3064962775485223e-15
23.855,3.2839892439639717e-15
23.86,3.2616354521400084e-15
23.865000000000002,3.239433858534077e-15
23.87,3.217383426497539e-15
23.875,3.1954831266601107e-15
23.88,3.1737319365083143e-15
23.885,3.1521288404056926e-15
23.89,3.1306728299371857e-15
23.895,3.109362903258695e-15
23.900000000000002,3.088198065640059e-15
23.905,3.0671773289941554e-15
23.91,3.0462997117443607e-15
23.915,3.025564239563175e-15
23.92,3.004969944037087e-15
23.925,2.984515863816606e-15
23.93,2.9642010441183487e-15
23.935000000000002,2.9440245364571902e-15
23.94,2.9239853988561695e-15
23.945,2.9040826958312803e-15
23.95,2.884315498385986e-15
23.955000000000002,2.8646828834402454e-15
23.96,2.8451839346775215e-15
23.965,2.8258177415393057e-15
23.97,2.806583400257422e-15
23.975,2.787480012786648e-15
23.98,2.768506687234049e-15
23.985,2.749662537906998e-15
23.990000000000002,2.730946685148224e-15
23.995,2.7123582551949075e-15
24.0,2.693896380402832e-15
24.005,2.675560198593174e-15
24.01,2.657348854260947e-15
24.015,2.6392614968357274e-15
24.02,2.6212972823938666e-15
24.025000000000002,2.603455371833429e-15
24.03,2.585734932651928e-15
24.035,2.568135137458836e-15
24.04,2.550655164647824e-15
24.045,2.5332941983573875e-15
24.05,2.516051428167151e-15
24.055,2.4989260491193457e-15
24.060000000000002,2.4819172615723536e-15
24.065,2.4650242719180534e-15
24.07,2.4482462913920505e-15
24.075,2.4315825366606026e-15
24.080000000000002,2.4150322302301077e-15
24.085,2.3985945992409953e-15
24.09,2.3822688765182742e-15
24.095,2.3660542997761705e-15
24.1,2.3499501125966775e-15
24.105,2.3339555628028163e-15
24.11,2.318069903836236e-15
24.115000000000002,2.3022923942628633e-15
24.12,2.2866222978828003e-15
24.125,2.2710588827115363e-15
24.13,2.2556014226474933e-15
24.135,2.2402491960713427e-15
24.14,2.225001486311065e-15
24.145,2.20985758164288e-15
24.150000000000002,2.1948167754004296e-15
24.155,2.1798783652005396e-15
24.16,2.165041654090942e-15
24.165,2.1503059492033416e-15
24.17,2.13567056293797e-15
24.175,2.1211348119690806e-15
24.18,2.1066980181949944e-15
24.185000000000002,2.0923595072224007e-15
24.19,2.0781186102662226e-15
24.195,2.0639746624473773e-15
24.2,2.04992700352258e-15
24.205000000000002,2.035974977727669e-15
24.21,2.0221179341032724e-15
24.215,2.0083552256178014e-15
24.22,1.994686210113287e-15
24.225,1.981110249400281e-15
24.23,1.9676267099777973e-15
24.235,1.954234962395746e-15
24.240000000000002,1.940934381678035e-15
24.245,1.9277243469737557e-15
24.25,1.9146042417425125e-15
24.255,1.9015734536478317e-15
24.26,1.8886313744559355e-15
24.265,1.8757773999537183e-15
24.27,1.8630109304901758e-15
24.275000000000002,1.8503313701500094e-15
24.28,1.837738126867669e-15
24.285,1.8252306133211945e-15
24.29,1.8128082453404446e-15
24.295,1.800470443272612e-15
24.3,1.788216631603381e-15
24.305,1.7760462378254947e-15
24.310000000000002,1.7639586942949672e-15
24.315,1.7519534368081512e-15
24.32,1.7400299050738496e-15
24.325,1.7281875426230903e-15
24.330000000000002,1.7164257967263015e-15
24.335,1.704744118323906e-15
24.34,1.6931419625543977e-15
24.345,1.6816187873674127e-15
24.35,1.6701740555651113e-15
24.355,1.6588072326441722e-15
24.36,1.647517788295772e-15
24.365000000000002,1.6363051954482263e-15
24.37,1.6251689309659222e-15
24.375,1.6141084752020791e-15
24.38,1.6031233118167742e-15
24.385,1.592212928133817e-15
24.39,1.5813768149223154e-15
24.395,1.5706144666559735e-15
24.400000000000002,1.559925381044543e-15
24.405,1.5493090590526523e-15
24.41,1.5387650053499338e-15
24.415,1.528292727874935e-15
24.42,1.5178917377734998e-15
24.425,1.5075615498150704e-15
24.43,1.4973016819168058e-15
24.435000000000002,1.4871116551615251e-15
24.44,1.4769909939973132e-15
24.445,1.4669392262841735e-15
24.45,1.4569558827543913e-15
24.455000000000002,1.44704049749467e-15
24.46,1.4371926079207862e-15
24.465,1.4274117544823691e-15
24.47,1.4176974805041537e-15
24.475,1.4080493330462246e-15
24.48,1.3984668613644913e-15
24.485,1.388949618648643e-15
24.490000000000002,1.3794971606130064e-15
24.495,1.3701090463783655e-15
24.5,1.3607848375545988e-15
24.505,1.3515240990653862e-15
24.51,1.3423263989550278e-15
24.515,1.3331913078390229e-15
24.52,1.3241183994619205e-15
24.525000000000002,1.3151072503680122e-15
24.53,1.3061574401874388e-15
24.535,1.297268551248721e-15
24.54,1.28844016865389e-15
24.545,1.279671880596493e-15
24.55,1.2709632777845925e-15
24.555,1.2623139539081917e-15
24.560000000000002,1.2537235053577162e-15
24.565,1.2451915310831598e-15
24.57,1.2367176332315815e-15
24.575,1.2283014162805518e-15
24.580000000000002,1.2199424874576964e-15
24.585,1.2116404568653387e-15
24.59,1.2033949368875425e-15
24.595,1.1952055427592238e-15
24.6,1.1870718926609568e-15
24.605,1.1789936067171208e-15
24.61,1.17097030823069e-15
24.615000000000002,1.1630016225772008e-15
24.62,1.1550871781759007e-15
24.625,1.147226605424744e-15
24.63,1.1394195378713661e-15
24.635,1.1316656109887519e-15
24.64,1.1239644630609673e-15
24.645,1.1163157347392203e-15
24.650000000000002,1.1087190691458255e-15
24.655,1.1011741117233425e-15
24.66,1.0936805105981746e-15
24.665,1.0862379158887822e-15
24.67,1.078845980498132e-15
24.675,1.071504359414245e-15
24.68,1.0642127101979833e-15
24.685000000000002,1.0569706924824005e-15
24.69,1.049777968618192e-15
24.695,1.0426342026372476e-15
24.7,1.0355390614572279e-15
24.705000000000002,1.028492213901595e-15
24.71,1.0214933312850388e-15
24.715,1.0145420870566857e-15
24.72,1.0076381567218046e-15
24.725,1.0007812182636434e-15
24.73,9.939709517887148e-16
24.735,9.872070394144576e-16
24.740000000000002,9.804891658073901e-16
24.745,9.738170171231117e-16
24.75,9.671902823404483e-16
24.755,9.606086524421214e-16
24.76,9.540718198975007e-16
24.765,9.475794800580513e-16
24.77,9.411313298844427e-16
24.775000000000002,9.3472706840125e-16
24.78,9.283663971560127e-16
24.785,9.220490191048387e-16
24.79,9.157746395671517e-16
24.795,9.095429657615003e-16
24.8,9.03353707128838e-16
24.805,8.972065745836807e-16
24.810000000000002,8.911012817608616e-16
24.815,8.850375433528568e-16
24.82,8.790150766808361e-16
24.825,8.730336008555564e-16
24.830000000000002,8.670928368830009e-16
24.835,8.61192507154986e-16
24.84,8.553323367206469e-16
24.845,8.495120522788518e-16
24.85,8.437313819817549e-16
24.855,8.379900562885263e-16
24.86,8.322878075324464e-16
24.865000000000002,8.266243692955758e-16
24.87,8.209994776085948e-16
24.875,8.154128700341253e-16
24.88,8.098642858959934e-16
24.885,8.043534664466319e-16
24.89,7.988801544562198e-16
24.895,7.934440945983142e-16
24.900000000000002,7.880450332542205e-16
24.905,7.826827184558589e-16
24.91,7.773569002783592e-16
24.915,7.72067330136459e-16
24.92,7.668137613312792e-16
24.925,7.615959485777902e-16
24.93,7.564136486115319e-16
24.935000000000002,7.51266619741461e-16
24.94,7.461546217135178e-16
24.945,7.410774160421028e-16
24.95,7.360347659890184e-16
24.955000000000002,7.310264362073007e-16
24.96,7.260521930676375e-16
24.965,7.211118045217492e-16
24.97,7.162050401808914e-16
24.975,7.113316710557288e-16
24.98,7.064914697130618e-16
24.985,7.01684210550292e-16
24.990000000000002,6.969096692432171e-16
24.995,6.921676230321801e-16
25.0,6.874578508637591e-16
25.005,6.827801328210342e-16
25.01,6.781342506266815e-16
25.015,6.735199877108437e-16
25.02,6.689371288963802e-16
25.025000000000002,6.643854602826244e-16
25.03,6.598647694158497e-16
25.035,6.553748457521404e-16
25.04,6.509154796513576e-16
25.045,6.4648646295137105e-16
25.05,6.42087589344786e-16
25.055,6.377186532832143e-16
25.060000000000002,6.333794513370991e-16
25.065,6.290697809001724e-16
25.07,6.247894408887858e-16
25.075,6.205382317162705e-16
25.080000000000002,6.163159551528571e-16
25.085,6.121224141016866e-16
25.09,6.07957412844534e-16
25.095,6.038207575313101e-16
25.1,5.997122548709572e-16
25.105,5.956317132251992e-16
25.11,5.915789422980608e-16
25.115000000000002,5.87553753106403e-16
25.12,5.835559578095225e-16
25.125,5.795853698782561e-16
25.13,5.756418042479204e-16
25.135,5.717250769691363e-16
25.14,5.678350052167434e-16
25.145,5.639714077906983e-16
25.150000000000002,5.601341041753179e-16
25.155,5.563229153794034e-16
25.16,5.525376638447175e-16
25.165,5.487781729000709e-16
25.17,5.450442672157616e-16
25.175,5.413357725750486e-16
25.18,5.376525161307087e-16
25.185000000000002,5.3399432602116825e-16
25.19,5.303610314145081e-16
25.195,5.2675246316753615e-16
25.2,5.231684527879099e-16
25.205000000000002,5.196088330229503e-16
25.21,5.160734380605744e-16
25.215,5.125621029342759e-16
25.22,5.090746637681467e-16
25.225,5.056109579892878e-16
25.23,5.021708239466576e-16
25.235,4.987541013759251e-16
25.240000000000002,4.953606307742103e-16
25.245,4.919902537614904e-16
25.25,4.886428133192396e-16
25.255,4.853181532437374e-16
25.26,4.820161184329284e-16
25.265,4.787365550566476e-16
25.27,4.754793098767085e-16
25.275000000000002,4.722442312682901e-16
25.28,4.690311680250833e-16
25.285,4.6583997054276115e-16
25.29,4.62670489993952e-16
25.295,4.595225783308322e-16
25.3,4.563960889734875e-16
25.305,4.532908759884847e-16
25.310000000000002,4.502067944798192e-16
25.315,4.471437006409018e-16
25.32,4.441014516500053e-16
25.325,4.410799057187722e-16
25.330000000000002,4.3807892167126726e-16
25.335,4.350983598541373e-16
25.34,4.3213808114622526e-16
25.345,4.291979472559897e-16
25.35,4.2627782140358076e-16
25.355,4.233775672257295e-16
25.36,4.2049704948797624e-16
25.365000000000002,4.1763613380042007e-16
25.37,4.147946868476433e-16
25.375,4.119725759969738e-16
25.38,4.0916966956912907e-16
25.385,4.0638583705078813e-16
25.39,4.0362094843737114e-16
25.395,4.0087487499103006e-16
25.400000000000002,3.9814748842113003e-16
25.405,3.954386616488243e-16
25.41,3.927482682640888e-16
25.415,3.900761828338279e-16
25.42,3.8742228088653483e-16
25.425,3.847864384527957e-16
25.43,3.8216853266402097e-16
25.435000000000002,3.7956844133717224e-16
25.44,3.7698604349776923e-16
25.445,3.7442121841260937e-16
25.45,3.718738467760012e-16
25.455000000000002,3.6934380936813085e-16
25.46,3.668309886184295e-16
25.465,3.6433526716503367e-16
25.47,3.618565286432071e-16
25.475,3.593946574992325e-16
25.48,3.569495386249442e-16
25.485,3.545210583372631e-16
25.490000000000002,3.5210910330759924e-16
25.495,3.4971356110882093e-16
25.5,3.473343198008768e-16
25.505,3.449712687774563e-16
25.51,3.4262429748147173e-16
25.515,3.402932966173957e-16
25.52,3.3797815764215195e-16
25.525000000000002,3.356787723927064e-16
25.53,3.3339503378555964e-16
25.535,3.311268351242355e-16
25.54,3.2887407077461345e-16
25.545,3.2663663562845406e-16
25.55,3.2441442540379366e-16
25.555,3.2220733645890205e-16
25.560000000000002,3.20015265826058e-16
25.565,3.1783811143693587e-16
25.57,3.156757715142465e-16
25.575,3.1352814556331293e-16
25.580000000000002,3.1139513304317203e-16
25.585,3.092766347726255e-16
25.59,3.0717255192550234e-16
25.595,3.050827863256987e-16
25.6,3.0300724051521957e-16
25.605,3.0094581755897253e-16
25.61,2.988984217444787e-16
25.615000000000002,2.9686495717502515e-16
25.62,2.9484532943607317e-16
25.625,2.928394440738659e-16
25.63,2.9084720758707786e-16
25.635,2.8886852705935725e-16
25.64,2.8690331029752735e-16
25.645,2.849514656788599e-16
25.650000000000002,2.8301290217594773e-16
25.655,2.8108752927902935e-16
25.66,2.7917525734732016e-16
25.665,2.772759971887975e-16
25.67,2.7538966021443896e-16
25.675,2.7351615851490023e-16
25.68,2.716554046652745e-16
25.685000000000002,2.698073118920992e-16
25.69,2.6797179416627703e-16
25.695,2.661487656170444e-16
25.7,2.6433814151760855e-16
25.705000000000002,2.625398374852805e-16
25.71,2.6075376942567303e-16
25.715,2.5897985406481644e-16
25.72,2.572180089015461e-16
25.725,2.5546815164917947e-16
25.73,2.537302008446511e-16
25.735,2.5200407520433594e-16
25.740000000000002,2.502896944382189e-16
25.745,2.485869784485257e-16
25.75,2.4689584824011673e-16
25.755,2.452162244629312e-16
25.76,2.4354802907570617e-16
25.765,2.418911843581585e-16
25.77,2.402456127782531e-16
25.775000000000002,2.386112379047594e-16
25.78,2.369879832932746e-16
25.785,2.3537577352746965e-16
25.79,2.3377453323775857e-16
25.795,2.321841877597259e-16
25.8,2.306046630012978e-16
25.805,2.290358853962029e-16
25.810000000000002,2.2747778169339644e-16
25.815,2.2593027917919393e-16
25.82,2.243933058584416e-16
25.825,2.228667901419422e-16
25.830000000000002,2.2135066059125028e-16
25.835,2.198448466992748e-16
25.84,2.1834927813184652e-16
25.845,2.1686388535614339e-16
25.85,2.1538859894370158e-16
25.855,2.1392335027205939e-16
25.86,2.1246807084170303e-16
25.865000000000002,2.1102269291870943e-16
25.87,2.095871489721221e-16
25.875,2.0816137232242954e-16
25.88,2.067452963767526e-16
25.885,2.0533885507915732e-16
25.89,2.0394198282675655e-16
25.895,2.025546146267915e-16
25.900000000000002,2.011766856676398e-16
25.905,1.9980813187665348e-16
25.91,1.9844888922519381e-16
25.915,1.9709889451785526e-16
25.92,1.957580847521458e-16
25.925,1.9442639740377085e-16
25.93,1.9310377039705027e-16
25.935000000000002,1.9179014199324772e-16
25.94,1.9048545113644201e-16
25.945,1.8918963685491113e-16
25.95,1.879026388020775e-16
25.955000000000002,1.866243969157486e-16
25.96,1.853548517757851e-16
25.965,1.8409394393684977e-16
25.97,1.8284161485132598e-16
25.975,1.8159780591274923e-16
25.98,1.803624593120017e-16
25.985,1.7913551749141348e-16
25.990000000000002,1.7791692307574868e-16
25.995,1.7670661926581453e-16
26.0,1.7550454990242684e-16
26.005,1.7431065868480602e-16
26.01,1.731248899274059e-16
26.015,1.7194718857733585e-16
26.02,1.7077749955891488e-16
26.025000000000002,1.6961576844137146e-16
26.03,1.6846194094441013e-16
26.035,1.6731596333302668e-16
26.04,1.661777823153711e-16
26.045,1.650473447655335e-16
26.05,1.639245977738259e-16
26.055,1.6280948926779885e-16
26.060000000000002,1.6170196715192813e-16
26.065,1.606019797297938e-16
26.07,1.5950947599283369e-16
26.075,1.5842440456921165e-16
26.080000000000002,1.5734671541091198e-16
26.085,1.5627635781753662e-16
26.09,1.5521328228222096e-16
26.095,1.5415743888602535e-16
26.1,1.5310877862232618e-16
26.105,1.520672525955724e-16
26.11,1.5103281196854394e-16
26.115000000000002,1.5000540905493027e-16
26.12,1.4898499558021242e-16
26.125,1.4797152403911026e-16
26.13,1.4696494721501517e-16
26.135,1.459652182152561e-16
26.14,1.449722903903406e-16
26.145,1.4398611756963012e-16
26.150000000000002,1.4300665367504977e-16
26.155,1.4203385297345004e-16
26.16,1.4106767032192018e-16
26.165,1.4010806056458568e-16
26.17,1.3915497886034566e-16
26.175,1.382083809704172e-16
26.18,1.372682227745222e-16
26.185000000000002,1.3633446032427441e-16
26.19,1.3540705012281707e-16
26.195,1.3448594897876198e-16
26.2,1.3357111402655421e-16
26.205000000000002,1.3266250243999496e-16
26.21,1.3176007202353416e-16
26.215,1.308637805022185e-16
26.22,1.2997358653045348e-16
26.225,1.2908944819533587e-16
26.23,1.2821132430525888e-16
26.235,1.2733917419946826e-16
26.240000000000002,1.2647295709938167e-16
26.245,1.2561263268065521e-16
26.25,1.2475816055031264e-16
26.255,1.2390950122988855e-16
26.26,1.2306661492665382e-16
26.265,1.2222946270861598e-16
26.27,1.2139800506726545e-16
26.275000000000002,1.2057220354236146e-16
26.28,1.1975201949157045e-16
26.285,1.1893741496622015e-16
26.29,1.1812835174864148e-16
26.295,1.1732479218094923e-16
26.3,1.1652669878973258e-16
26.305,1.1573403444997935e-16
26.310000000000002,1.1494676214220843e-16
26.315,1.1416484518906874e-16
26.32,1.1338824718196656e-16
26.325,1.1261693202784582e-16
26.330000000000002,1.1185086354272998e-16
26.335,1.110900060049038e-16
26.34,1.1033432416107763e-16
26.345,1.0958378272808828e-16
26.35,1.0883834672788447e-16
26.355,1.0809798138316303e-16
26.36,1.0736265219427469e-16
26.365000000000002,1.0663232483494088e-16
26.37,1.059069654900148e-16
26.375,1.0518653988083088e-16
26.38,1.0447101497526918e-16
26.385,1.0376035715933969e-16
26.39,1.0305453329815124e-16
26.395,1.0235351050487164e-16
26.400000000000002,1.0165725613414798e-16
26.405,1.0096573784375675e-16
26.41,1.0027892308649378e-16
26.415,9.95967802507531e-17
26.42,9.891927721445543e-17
26.425,9.824638253930113e-17
26.43,9.757806495025654e-17
26.435000000000002,9.691429324173546e-17
26.44,9.625503648139459e-17
26.445,9.56002638296351e-17
26.45,9.494994478042215e-17
26.455000000000002,9.430404925156405e-17
26.46,9.366254683463663e-17
26.465,9.302540797390699e-17
26.47,9.239260263833569e-17
26.475,9.176410154832827e-17
26.48,9.113987541082718e-17
26.485,9.051989500798095e-17
26.490000000000002,8.990413147753666e-17
26.495,8.929255616872195e-17
26.5,8.868514071507477e-17
26.505,8.808185651541696e-17
26.51,8.748267561012761e-17
26.515,8.688757003699797e-17
26.52,8.629651226879148e-17
26.525000000000002,8.570947439476028e-17
26.53,8.512642938311263e-17
26.535,8.454734986361491e-17
26.54,8.397220894319529e-17
26.545,8.340097984521873e-17
26.55,8.283363579380735e-17
26.555,8.227015045481808e-17
26.560000000000002,8.171049749073041e-17
26.565,8.115465097305509e-17
26.57,8.060258490618678e-17
26.575,8.005427364389425e-17
26.580000000000002,7.950969133157935e-17
26.585,7.896881302915778e-17
26.59,7.843161336688332e-17
26.595,7.789806711385017e-17
26.6,7.736814969436342e-17
26.605,7.684183622485662e-17
26.61,7.63191020950557e-17
26.615000000000002,7.579992326601963e-17
26.62,7.528427527708999e-17
26.625,7.477213417697256e-17
26.63,7.426347623964462e-17
26.635,7.375827744945611e-17
26.64,7.325651467275347e-17
26.645,7.275816395428123e-17
26.650000000000002,7.226320266253984e-17
26.655,7.177160749386466e-17
26.66,7.128335543924602e-17
26.665,7.079842382630343e-17
26.67,7.031679001406178e-17
26.675,6.983843179985218e-17
26.68,6.93633265467174e-17
26.685000000000002,6.889145237137548e-17
26.69,6.842278714955895e-17
26.695,6.795730908712987e-17
26.7,6.749499646257074e-17
26.705000000000002,6.703582784416754e-17
26.71,6.657978163078595e-17
26.715,6.612683678934888e-17
26.72,6.567697212278313e-17
26.725,6.523016658585935e-17
26.73,6.478639958919241e-17
26.735,6.434565011638841e-17
26.740000000000002,6.390789781351424e-17
26.745,6.347312228455635e-17
26.75,6.304130342957606e-17
26.755,6.261242087630528e-17
26.76,6.218645473695845e-17
26.765,6.176338522106422e-17
26.77,6.134319241787363e-17
26.775000000000002,6.092585681362369e-17
26.78,6.051135927806488e-17
26.785,6.009968013986165e-17
26.79,5.96908003122633e-17
26.795,5.928470085771224e-17
26.8,5.888136253389864e-17
26.805,5.848076690879018e-17
26.810000000000002,5.808289516748525e-17
26.815,5.76877286366126e-17
26.82,5.729524935245985e-17
26.825,5.690543851613262e-17
26.830000000000002,5.651827819966225e-17
26.835,5.613375026091746e-17
26.84,5.5751837001296e-17
26.845,5.537252039276406e-17
26.85,5.4995782862570266e-17
26.855,5.46216068083625e-17
26.86,5.424997490844004e-17
26.865000000000002,5.3880869675513244e-17
26.87,5.351427405216878e-17
26.875,5.3150170931654724e-17
26.88,5.2788543375180223e-17
26.885,5.2429374386947154e-17
26.89,5.207264744740785e-17
26.895,5.171834566556779e-17
26.900000000000002,5.1366452854626246e-17
26.905,5.1016952459103856e-17
26.91,5.0669828154075015e-17
26.915,5.032506362748282e-17
26.92,4.998264320041696e-17
26.925,4.964255064916313e-17
26.93,4.930477016156618e-17
26.935000000000002,4.896928609653462e-17
26.94,4.863608254121689e-17
26.945,4.8305144504081e-17
26.95,4.7976456122283206e-17
26.955000000000002,4.7650002199052456e-17
26.96,4.7325767526582617e-17
26.965,4.700373699645777e-17
26.97,4.6683895598236855e-17
26.975,4.636622858634405e-17
26.98,4.605072077600428e-17
26.985,4.573735784495232e-17
26.990000000000002,4.542612513597785e-17
26.995,4.51170079688435e-17
27.0,4.480999215691349e-17
27.005,4.450506319433721e-17
27.01,4.420220694498476e-17
27.015,4.3901409376278634e-17
27.02,4.360265642601869e-17
27.025000000000002,4.330593416970397e-17
27.03,4.3011228690468355e-17
27.035,4.2718526560950746e-17
27.04,4.2427813669526536e-17
27.045,4.2139077018760334e-17
27.05,4.1852302715686617e-17
27.055,4.156747760509342e-17
27.060000000000002,4.1284588321908614e-17
27.065,4.10036218655604e-17
27.07,4.0724564874801873e-17
27.075,4.044740465408848e-17
27.080000000000002,4.017212806030015e-17
27.085,3.989872230817338e-17
27.09,3.962717469628218e-17
27.095,3.93574725980959e-17
27.1,3.9089603466021526e-17
27.105,3.882355473171292e-17
27.11,3.8559313983570077e-17
27.115000000000002,3.8296869067765965e-17
27.12,3.803620767615154e-17
27.125,3.777731752430749e-17
27.13,3.75201869115462e-17
27.135,3.72648035817344e-17
27.14,3.701115551066987e-17
27.145,3.6759231306301707e-17
27.150000000000002,3.650901876810702e-17
27.155,3.6260506563644814e-17
27.16,3.6013683079645953e-17
27.165,3.576853665997833e-17
27.17,3.552505597978271e-17
27.175,3.528322967716161e-17
27.18,3.504304653969579e-17
27.185000000000002,3.480449525076961e-17
27.19,3.456756490582244e-17
27.195,3.433224451509784e-17
27.2,3.4098522659626266e-17
27.205000000000002,3.3866388755600634e-17
27.21,3.3635832152476494e-17
27.215,3.340684194017737e-17
27.22,3.317940727753331e-17
27.225,3.2953517791101124e-17
27.23,3.272916302786875e-17
27.235,3.250633228432479e-17
27.240000000000002,3.2285015312662586e-17
27.245,3.206520195223167e-17
27.25,3.1846881697510484e-17
27.255,3.163004464561972e-17
27.26,3.141468038804778e-17
27.265,3.120077910332132e-17
27.27,3.098833078025191e-17
27.275000000000002,3.077732548316472e-17
27.28,3.0567753459918744e-17
27.285,3.0359604971887523e-17
27.29,3.015287028375794e-17
27.295,2.994753967536931e-17
27.3,2.9743603595373866e-17
27.305,2.9541052663848564e-17
27.310000000000002,2.9339877413440995e-17
27.315,2.9140068429206586e-17
27.32,2.8941616356533003e-17
27.325,2.874451206557609e-17
27.330000000000002,2.854874642253064e-17
27.335,2.8354310081061746e-17
27.34,2.816119405205693e-17
27.345,2.796938952810564e-17
27.35,2.777888737930642e-17
27.355,2.758967892346659e-17
27.36,2.7401755064111987e-17
27.365000000000002,2.7215107304702822e-17
27.37,2.702972686981907e-17
27.375,2.684560519075244e-17
27.38,2.666273350382497e-17
27.385,2.6481103375414236e-17
27.39,2.6300706484681272e-17
27.395,2.6121534207845013e-17
27.400000000000002,2.594357839104845e-17
27.405,2.5766830660824073e-17
27.41,2.559128282350773e-17
27.415,2.5416926537698744e-17
27.42,2.5243753926363322e-17
27.425,2.5071756682434925e-17
27.43,2.4900927068658334e-17
27.435000000000002,2.4731257150182857e-17
27.44,2.456273853867201e-17
27.445,2.4395363857637395e-17
27.45,2.4229125075904777e-17
27.455000000000002,2.406401470182477e-17
27.46,2.390002479128343e-17
27.465,2.3737147735042512e-17
27.47,2.3575376048044542e-17
27.475,2.3414702226161175e-17
27.48,2.325511871858857e-17
27.485,2.3096617979398745e-17
27.490000000000002,2.293919271874025e-17
27.495,2.278283573010454e-17
27.5,2.2627539539321868e-17
27.505,2.2473297268730316e-17
27.51,2.2320101231508175e-17
27.515,2.216794440428803e-17
27.52,2.2016820066295548e-17
27.525000000000002,2.186672090764002e-17
27.53,2.17176398277427e-17
27.535,2.15695701107694e-17
27.54,2.1422504757680204e-17
27.545,2.1276436980232376e-17
27.55,2.1131360000099963e-17
27.555,2.0987266959041145e-17
27.560000000000002,2.0844151099899955e-17
27.565,2.07020058487256e-17
27.57,2.056082484479877e-17
27.575,2.0420600852080407e-17
27.580000000000002,2.028132797332307e-17
27.585,2.0142999346786786e-17
27.59,2.0005608740858987e-17
27.595,1.9869149670452012e-17
27.6,1.973361590109185e-17
27.605,1.9599000861711715e-17
27.61,1.9465298470252298e-17
27.615000000000002,1.9332502553637143e-17
27.62,1.9200606716220744e-17
27.625,1.9069605080828295e-17
27.63,1.8939491441678068e-17
27.635,1.8810259554724988e-17
27.64,1.8681903584396678e-17
27.645,1.855441757001589e-17
27.650000000000002,1.8427795582862718e-17
27.655,1.8302031577489726e-17
27.66,1.817711987527666e-17
27.665,1.805305458261179e-17
27.67,1.7929829809237177e-17
27.675,1.780744011042807e-17
27.68,1.76858793614355e-17
27.685000000000002,1.7565142428115125e-17
27.69,1.7445223269923075e-17
27.695,1.7326116416959858e-17
27.7,1.7207816282989564e-17
27.705000000000002,1.7090317431275987e-17
27.71,1.6973614552022674e-17
27.715,1.685770191983249e-17
27.72,1.6742574285443697e-17
27.725,1.662822620194013e-17
27.73,1.6514652474144258e-17
27.735,1.6401847652497677e-17
27.740000000000002,1.6289806721486734e-17
27.745,1.6178524213101746e-17
27.75,1.606799513140111e-17
27.755,1.595821424395817e-17
27.76,1.5849176266248493e-17
27.765,1.5740876517224423e-17
27.77,1.5633309752381245e-17
27.775000000000002,1.5526470795282298e-17
27.78,1.542035494415964e-17
27.785,1.5314957006202046e-17
27.79,1.5210272323124546e-17
27.795,1.510629587877065e-17
27.8,1.5003022918445778e-17
27.805,1.4900448418849595e-17
27.810000000000002,1.4798567938573985e-17
27.815,1.469737641277947e-17
27.82,1.4596869516701857e-17
27.825,1.4497042098441906e-17
27.830000000000002,1.43978897753848e-17
27.835,1.4299408040481e-17
27.84,1.420159194974438e-17
27.845,1.4104437370638863e-17
27.85,1.400793947442816e-17
27.855,1.391209387221959e-17
27.86,1.3816895988771395e-17
27.865000000000002,1.3722341657608402e-17
27.87,1.3628426361324124e-17
27.875,1.3535145608109749e-17
27.88,1.3442495127331375e-17
27.885,1.3350470645840233e-17
27.89,1.325906776808087e-17
27.895,1.316828238617844e-17
27.900000000000002,1.3078110265762994e-17
27.905,1.2988547120761818e-17
27.91,1.2899588886550109e-17
27.915,1.2811231082646723e-17
27.92,1.2723470127337571e-17
27.925,1.2636301564954044e-17
27.93,1.2549721347602872e-17
27.935000000000002,1.2463725736019528e-17
27.94,1.2378310446942636e-17
27.945,1.2293471571663044e-17
27.95,1.2209205163536923e-17
27.955000000000002,1.2125507311732237e-17
27.96,1.2042374270786231e-17
27.965,1.1959801842112513e-17
27.97,1.1877786449431561e-17
27.975,1.1796324258767935e-17
27.98,1.1715411299785321e-17
27.985,1.1635043933141749e-17
27.990000000000002,1.1555218444943554e-17
27.995,1.1475930950278966e-17
28.0,1.1397178060114022e-17
28.005,1.131895585626656e-17
28.01,1.1241260840243094e-17
28.015,1.1164089235226139e-17
28.02,1.1087437623536834e-17
28.025000000000002,1.1011302341719104e-17
28.03,1.0935679773567019e-17
28.035,1.0860566657562659e-17
28.04,1.0785959200268996e-17
28.045,1.071185401577754e-17
28.05,1.0638247857794996e-17
28.055,1.0565136969740688e-17
28.060000000000002,1.0492518336661271e-17
28.065,1.0420388207790129e-17
28.07,1.0348743326130723e-17
28.075,1.027758059779703e-17
28.080000000000002,1.0206896451650755e-17
28.085,1.013668765326792e-17
28.09,1.0066950922750976e-17
28.095,9.997683176537305e-18
28.1,9.928881060896767e-18
28.105,9.860541278486459e-18
28.11,9.792660733210716e-18
28.115000000000002,9.725236277650218e-18
28.12,9.658264884738683e-18
28.125,9.591743295005199e-18
28.13,9.525668381204114e-18
28.135,9.460037231138522e-18
28.14,9.394846610589897e-18
28.145,9.330093589760987e-18
28.150000000000002,9.265775104609876e-18
28.155,9.201888283816692e-18
28.16,9.13843005028821e-18
28.165,9.075397289369991e-18
28.17,9.01278756873939e-18
28.175,8.950597572041888e-18
28.18,8.888824353806586e-18
28.185000000000002,8.82746517690501e-18
28.19,8.766517285850953e-18
28.195,8.705977623030906e-18
28.2,8.645843577405704e-18
28.205000000000002,8.586112285167652e-18
28.21,8.526780811868168e-18
28.215,8.467846597519925e-18
28.22,8.409306904973068e-18
28.225,8.351158935914384e-18
28.23,8.293399967246418e-18
28.235,8.236027276063586e-18
28.240000000000002,8.179038289834563e-18
28.245,8.122430320563393e-18
28.25,8.066200677618125e-18
28.255,8.010347022964496e-18
28.26,7.954866390811514e-18
28.265,7.899756195067001e-18
28.27,7.845014304393644e-18
28.275000000000002,7.790637704602992e-18
28.28,7.736624194613851e-18
28.285,7.682970949970848e-18
28.29,7.629675731228213e-18
28.295,7.57673603494483e-18
28.3,7.524149341361216e-18
28.305,7.471913103608998e-18
28.310000000000002,7.420025067242737e-18
28.315,7.368482648851775e-18
28.32,7.317283628897188e-18
28.325,7.266425563341906e-18
28.330000000000002,7.2159060042709e-18
28.335,7.16572261089914e-18
28.34,7.115873210882634e-18
28.345,7.066355355277056e-18
28.35,7.017166826092303e-18
28.355,6.968305175939203e-18
28.36,6.919768264820538e-18
28.365000000000002,6.871553819632434e-18
28.37,6.823659517461028e-18
28.375,6.776083239535424e-18
28.38,6.72882275613362e-18
28.385,6.681875787146599e-18
28.39,6.6352402490510665e-18
28.395,6.588913865209444e-18
28.400000000000002,6.542894604319128e-18
28.405,6.497180206848418e-18
28.41,6.451768674852367e-18
28.415,6.4066577058599916e-18
28.42,6.361845562791541e-18
28.425,6.317329809964126e-18
28.43,6.273108399146908e-18
28.435000000000002,6.229179384013352e-18
28.44,6.185540808627929e-18
28.445,6.142190535046506e-18
28.45,6.099126505111376e-18
28.455000000000002,6.056346738014895e-18
28.46,6.01384942331131e-18
28.465,5.971632362848399e-18
28.47,5.929693634514134e-18
28.475,5.888031276850706e-18
28.48,5.8466435667245976e-18
28.485,5.805528097541659e-18
28.490000000000002,5.7646836128798975e-18
28.495,5.724107771283783e-18
28.5,5.6837987838737196e-18
28.505,5.643754691609671e-18
28.51,5.6039738313123914e-18
28.515,5.564454324223767e-18
28.52,5.525194104582803e-18
28.525000000000002,5.486191588153341e-18
28.53,5.4474448423202624e-18
28.535,5.408952226555957e-18
28.54,5.370711744121679e-18
28.545,5.332721527869669e-18
28.55,5.294980207472445e-18
28.555,5.257485625291457e-18
28.560000000000002,5.2202363641254e-18
28.565,5.1832304963062675e-18
28.57,5.1464664686078686e-18
28.575,5.109942315587422e-18
28.580000000000002,5.073656627858827e-18
28.585,5.0376074476124185e-18
28.59,5.001793263692916e-18
28.595,4.966212434647405e-18
28.6,4.930863203977489e-18
28.605,4.895744029363525e-18
28.61,4.860853183559288e-18
28.615000000000002,4.826189097006276e-18
28.62,4.79175021718245e-18
28.625,4.7575347300610875e-18
28.63,4.723541365165202e-18
28.635,4.689768233128729e-18
28.64,4.656214068938842e-18
28.645,4.622877025993823e-18
28.650000000000002,4.589755782431705e-18
28.655,4.55684863471612e-18
28.66,4.524154185435794e-18
28.665,4.491670741046406e-18
28.67,4.4593969995066186e-18
28.675,4.427331455099347e-18
28.68,4.39547241344124e-18
28.685000000000002,4.363818485459012e-18
28.69,4.332368221251136e-18
28.695,4.3011202984375224e-18
28.7,4.2700730527042225e-18
28.705000000000002,4.239225161326386e-18
28.71,4.2085751632744165e-18
28.715,4.178121586472556e-18
28.72,4.147863111643821e-18
28.725,4.117798293769876e-18
28.73,4.087925703135732e-18
28.735,4.058244040574182e-18
28.740000000000002,4.028751801234254e-18
28.745,3.9994477019884145e-18
28.75,3.9703304634256714e-18
28.755,3.9413984522212014e-18
28.76,3.912650621649725e-18
28.765,3.884085471852286e-18
28.77,3.855701869279059e-18
28.775000000000002,3.827498186175127e-18
28.78,3.7994733786321346e-18
28.785,3.771626080454864e-18
28.79,3.7439549446785035e-18
28.795,3.716458782995703e-18
28.8,3.6891361361119634e-18
28.805,3.661985894347029e-18
28.810000000000002,3.635006808892791e-18
28.815,3.608197622080745e-18
28.82,3.581557020140424e-18
28.825,3.555083736710476e-18
28.830000000000002,3.528776583243209e-18
28.835,3.5026344560912134e-18
28.84,3.476656075963683e-18
28.845,3.450840061235133e-18
28.85,3.42518547799575e-18
28.855,3.3996910362183975e-18
28.86,3.374355526635527e-18
28.865000000000002,3.349177780936477e-18
28.87,3.3241566640936024e-18
28.875,3.2992909221579187e-18
28.88,3.274579640515198e-18
28.885,3.250021289533433e-18
28.89,3.2256150912463183e-18
28.895,3.201359736554625e-18
28.900000000000002,3.1772541648328e-18
28.905,3.1532972049396247e-18
28.91,3.1294878249208014e-18
28.915,3.1058247638928015e-18
28.92,3.082307098677692e-18
28.925,3.058933700170941e-18
28.93,3.0357034415405145e-18
28.935000000000002,3.0126152906753877e-18
28.94,2.9896681856799558e-18
28.945,2.9668610022031407e-18
28.95,2.9441926866199938e-18
28.955000000000002,2.9216622159354434e-18
28.96,2.8992686459683082e-18
28.965,2.8770107704139872e-18
28.97,2.8548876367292483e-18
28.975,2.8328982049764547e-18
28.98,2.8110414804034375e-18
28.985,2.7893164527503432e-18
28.990000000000002,2.7677220167507606e-18
28.995,2.7462573757287827e-18
29.0,2.7249213558654594e-18
29.005,2.703713054710766e-18
29.01,2.6826314968058285e-18
29.015,2.661675772375928e-18
29.02,2.6408445810129328e-18
29.025000000000002,2.6201373794668988e-18
29.03,2.5995529670586037e-18
29.035,2.5790904993310568e-18
29.04,2.558749049911714e-18
29.045,2.5385275137379134e-18
29.05,2.5184249886527306e-18
29.055,2.4984407182401155e-18
29.060000000000002,2.478573706549776e-18
29.065,2.4588229003362052e-18
29.07,2.4391875939377947e-18
29.075,2.4196666568829912e-18
29.080000000000002,2.4002593970560496e-18
29.085,2.3809648029054744e-18
29.09,2.361782083439248e-18
29.095,2.34271010908418e-18
29.1,2.3237481867060355e-18
29.105,2.3048955840124194e-18
29.11,2.28615118845753e-18
29.115000000000002,2.267514239080701e-18
29.12,2.248983726045863e-18
29.125,2.230559113570846e-18
29.13,2.2122392515278496e-18
29.135,2.194023304286887e-18
29.14,2.1759106693321665e-18
29.145,2.157900259057447e-18
29.150000000000002,2.1399913935136194e-18
29.155,2.1221832598805355e-18
29.16,2.1044748743462685e-18
29.165,2.086865528490172e-18
29.17,2.0693544184507488e-18
29.175,2.0519407946215496e-18
29.18,2.034623735672104e-18
29.185000000000002,2.0174024540676567e-18
29.19,2.000276241561312e-18
29.195,1.9832442039711768e-18
29.2,1.966305689406179e-18
29.205000000000002,1.9494597624047883e-18
29.21,1.9327057405950774e-18
29.215,1.9160429009876364e-18
29.22,1.8994703667795326e-18
29.225,1.882987472072076e-18
29.23,1.866593210403939e-18
29.235,1.8502871760564795e-18
29.240000000000002,1.834068393469157e-18
29.245,1.8179361974884552e-18
29.25,1.80188992025175e-18
29.255,1.7859286477950915e-18
29.26,1.770051734970217e-18
29.265,1.7542584873877714e-18
29.27,1.738548131053476e-18
29.275000000000002,1.7229199469293051e-18
29.28,1.7073731820004956e-18
29.285,1.6919072571751995e-18
29.29,1.6765212238913294e-18
29.295,1.661214564459429e-18
29.3,1.6459865747453856e-18
29.305,1.630836449131737e-18
29.310000000000002,1.6157636481946264e-18
29.315,1.6007672430070175e-18
29.32,1.5858466548350357e-18
29.325,1.5710013657490908e-18
29.330000000000002,1.5562305104177678e-18
29.335,1.5415333781030063e-18
29.34,1.5269093961922685e-18
29.345,1.512357966729796e-18
29.35,1.497878158607032e-18
29.355,1.4834696336684258e-18
29.36,1.469131424239583e-18
29.365000000000002,1.454863073888098e-18
29.37,1.440663861537023e-18
29.375,1.4265331215300717e-18
29.38,1.4124701947493985e-18
29.385,1.3984744849855935e-18
29.39,1.3845453560230737e-18
29.395,1.3706821859394312e-18
29.400000000000002,1.3568843268123939e-18
29.405,1.3431508664874786e-18
29.41,1.3294816699011833e-18
29.415,1.315875900294473e-18
29.42,1.3023326922029442e-18
29.425,1.2888517650788514e-18
29.43,1.2754323742230858e-18
29.435000000000002,1.2620738727652574e-18
29.44,1.248775642884213e-18
29.445,1.2355372019179914e-18
29.45,1.2223578547467987e-18
29.455000000000002,1.2092369464496157e-18
29.46,1.1961739193554193e-18
29.465,1.1831681647323634e-18
29.47,1.1702191840032815e-18
29.475,1.1573262458008078e-18
29.48,1.1444889383035543e-18
29.485,1.1317064544074497e-18
29.490000000000002,1.118978328526287e-18
29.495,1.106304044607731e-18
29.5,1.0936828324044003e-18
29.505,1.0811143502183752e-18
29.51,1.0685977223448643e-18
29.515,1.0561327493734968e-18
29.52,1.0437186237772452e-18
29.525000000000002,1.0313547617662869e-18
29.53,1.0190408070555179e-18
29.535,1.006775947223723e-18
29.54,9.945597604504444e-19
29.545,9.823916571548827e-19
29.55,9.702710715109863e-19
29.555,9.581974821076065e-19
29.560000000000002,9.461703480276986e-19
29.565,9.341890810430958e-19
29.57,9.222531789714344e-19
29.575,9.103619554899186e-19
29.580000000000002,8.985152105657352e-19
29.585,8.867120782401943e-19
29.59,8.749520517330264e-19
29.595,8.632347705593459e-19
29.6,8.515596099111589e-19
29.605,8.399259131325085e-19
29.61,8.28333346267441e-19
29.615000000000002,8.167812865185115e-19
29.62,8.052692481248728e-19
29.625,7.937967541939243e-19
29.63,7.82363090156578e-19
29.635,7.709679354807086e-19
29.64,7.596106757357113e-19
29.645,7.4829080231575935e-19
29.650000000000002,7.370078943328687e-19
29.655,7.257613326513796e-19
29.66,7.1455065597088e-19
29.665,7.033753504908012e-19
29.67,6.922348392282919e-19
29.675,6.811287128232958e-19
29.68,6.700564640844471e-19
29.685000000000002,6.590175212818069e-19
29.69,6.480114372034814e-19
29.695,6.370377507320655e-19
29.7,6.260958960771215e-19
29.705000000000002,6.151854031666524e-19
29.71,6.04305789275894e-19
29.715,5.93456564067526e-19
29.72,5.826371730161645e-19
29.725,5.71847168997701e-19
29.73,5.610861143252455e-19
29.735,5.503534926292371e-19
29.740000000000002,5.396487624243076e-19
29.745,5.289714708343195e-19
29.75,5.183212294441488e-19
29.755,5.076974538857285e-19
29.76,4.970996718777476e-19
29.765,4.865274432487946e-19
29.77,4.759802822213167e-19
29.775000000000002,4.654576855446774e-19
29.78,4.5495924799800925e-19
29.785,4.444843690455972e-19
29.79,4.340327031507511e-19
29.795,4.2360373956671595e-19
29.8,4.1319695570721885e-19
29.805,4.028119724919583e-19
29.810000000000002,3.9244829416811776e-19
29.815,3.8210542626794634e-19
29.82,3.7178289916820213e-19
29.825,3.6148029625670415e-19
29.830000000000002,3.5119713581487617e-19
29.835,3.4093292211104856e-19
29.84,3.30687233965559e-19
29.845,3.204596047446655e-19
29.85,3.1024955959892576e-19
29.855,3.000566669866378e-19
29.86,2.898804552904593e-19
29.865000000000002,2.7972047130717786e-19
29.87,2.6957620628961426e-19
29.875,2.5944728745477733e-19
29.88,2.493332429790581e-19
29.885,2.392336218025847e-19
29.89,2.291479243927457e-19
29.895,2.190757454461474e-19
29.900000000000002,2.0901661418921902e-19
29.905,1.9897011977166255e-19
29.91,1.8893573038592605e-19
29.915,1.7891309213762612e-19
29.92,1.6890169628709643e-19
29.925,1.589011198122757e-19
29.93,1.489108888074267e-19
29.935000000000002,1.3893061008372038e-19
29.94,1.289597942729906e-19
29.945,1.18998006129028e-19
29.95,1.0904481573874728e-19
29.955000000000002,9.909976440196818e-20
29.96,8.916242991039294e-20
29.965,7.923233205473293e-20
29.97,6.930906222919474e-20
29.975,5.93921653293754e-20
29.98,4.9481206581842844e-20
29.985,3.957573957858097e-20
29.990000000000002,2.9675323677102127e-20
29.995,1.9779521520025286e-20
30.0,9.887894870091347e-21
