Radial Distance r (a.u.),Computed Wavefunction
0.005,1.2799602975956088
0.01,1.2672352684849664
0.015,1.2546441964940664
0.02,1.242185951630575
0.025,1.2298593967932925
0.03,1.2176633887024673
0.035,1.2055967787876638
0.04,1.1936584140347906
0.045,1.1818471377938333
0.05,1.1701617905485686
0.055,1.1586012106499497
0.06,1.1471642350141922
0.065,1.135849699787138
0.07,1.1246564409760686
0.075,1.113583295050214
0.08,1.102629099511089
0.085,1.0917926934339977
0.09,1.0810729179815894
0.095,1.0704686168907271
0.1,1.0599786369336357
0.105,1.0496018283543582
0.11,1.0393370452814799
0.115,1.0291831461181036
0.12,1.019138993909944
0.125,1.0092034566924393
0.13,0.9993754078177579
0.135,0.9896537262624473
0.14,0.9800372969165893
0.145,0.9705250108552017
0.15,0.9611157655926198
0.155,0.9518084653205164
0.16,0.9426020211303898
0.165,0.9334953512209675
0.17,0.9244873810914014
0.17500000000000002,0.915577043720638
0.18,0.9067632797337217
0.185,0.8980450375555389
0.19,0.8894212735525272
0.195,0.880890952162891
0.2,0.8724530460158987
0.20500000000000002,0.8641065360406376
0.21,0.8558504115647594
0.215,0.8476836704037197
0.22,0.8396053189407866
0.225,0.8316143721984386
0.23,0.8237098539014102
0.23500000000000001,0.8158907965318087
0.24,0.8081562413767371
0.245,0.8005052385686635
0.25,0.7929368471189981
0.255,0.7854501349451141
0.26,0.7780441788912237
0.265,0.7707180647433148
0.27,0.7634708872385257
0.275,0.7563017500691782
0.28,0.7492097658817937
0.28500000000000003,0.7421940562712868
0.29,0.7352537517706472
0.295,0.7283879918363304
0.3,0.7215959248295318
0.305,0.7148767079936891
0.31,0.7082295074282621
0.315,0.7016534980591277
0.32,0.6951478636057079
0.325,0.6887117965450663
0.33,0.6823444980730937
0.335,0.6760451780629957
0.34,0.6698130550212302
0.34500000000000003,0.6636473560410869
0.35000000000000003,0.6575473167539606
0.355,0.651512181278581
0.36,0.6455412021682806
0.365,0.6396336403563939
0.37,0.633788765099993
0.375,0.6280058539220145
0.38,0.6222841925519285
0.385,0.6166230748650449
0.39,0.6110218028205663
0.395,0.6054796863984812
0.4,0.5999960435353913
0.405,0.5945702000593962
0.41000000000000003,0.5892014896240602
0.41500000000000004,0.5838892536416176
0.42,0.5786328412154196
0.425,0.5734316090717739
0.43,0.5682849214911813
0.435,0.5631921502390927
0.44,0.5581526744962135
0.445,0.5531658807884364
0.45,0.5482311629164507
0.455,0.5433479218851013
0.46,0.5385155658325312
0.465,0.5337335099591746
0.47000000000000003,0.5290011764566238
0.47500000000000003,0.5243179944364619
0.48,0.5196833998590449
0.485,0.5150968354623254
0.49,0.5105577506907384
0.495,0.5060656016241647
0.5,0.5016198509070355
0.505,0.4972199676776287
0.51,0.4928654274975097
0.515,0.48855571228125344
0.52,0.4842903102263663
0.525,0.48006871574354615
0.53,0.47589042938718173
0.535,0.47175495778624943
0.54,0.4676618135754963
0.545,0.4636105153270319
0.55,0.459600587482301
0.555,0.4556315602844542
0.56,0.4517029697111602
0.5650000000000001,0.44781435740782766
0.5700000000000001,0.44396527062131835
0.5750000000000001,0.44015526213409917
0.58,0.43638389019888113
0.585,0.4326507184737625
0.59,0.42895531595785424
0.595,0.42529725692743603
0.6,0.4216761208726209
0.605,0.41809149243455984
0.61,0.4145429613431734
0.615,0.41103012235542097
0.62,0.40755257519415544
0.625,0.40410992448748356
0.63,0.40070177970872645
0.635,0.3973277551169256
0.64,0.39398746969791604
0.645,0.39068054710598743
0.65,0.38740661560609874
0.655,0.38416530801668397
0.66,0.3809562616530348
0.665,0.37777911827125266
0.67,0.3746335240127927
0.675,0.37151912934959036
0.68,0.3684355890297531
0.685,0.3653825620238533
0.6900000000000001,0.3623597114717875
0.6950000000000001,0.3593667046302331
0.7000000000000001,0.35640321282065635
0.705,0.3534689113779212
0.71,0.35056347959947254
0.715,0.3476866006950787
0.72,0.34483796173715997
0.725,0.34201566695219243
0.73,0.3392194429565487
0.735,0.3364490193642214
0.74,0.33370412875900807
0.745,0.3309845066665833
0.75,0.3282898915264972
0.755,0.32562002466412304
0.76,0.3229746502625576
0.765,0.3203535153345211
0.77,0.3177563696942505
0.775,0.3151829659294036
0.78,0.3126330593730249
0.785,0.31010640807553275
0.79,0.30760277277678977
0.795,0.30512191687824974
0.8,0.3026636064151848
0.805,0.30022761002902826
0.81,0.2978136989398203
0.8150000000000001,0.2954216469187717
0.8200000000000001,0.2930512302609783
0.8250000000000001,0.29070222775826055
0.8300000000000001,0.2883744206721501
0.835,0.2860675927070502
0.84,0.2837815299835337
0.845,0.2815160210118375
0.85,0.2792708566655101
0.855,0.277045830155254
0.86,0.27484073700295203
0.865,0.2726553750158771
0.87,0.2704895442611055
0.875,0.268343047040127
0.88,0.266215687863654
0.885,0.2641072734266368
0.89,0.26201761258349227
0.895,0.2599465163235402
0.9,0.2578937977466499
0.905,0.2558592720391094
0.91,0.25384275644970383
0.915,0.25184407026601957
0.92,0.24986303479096234
0.925,0.24789947331950088
0.93,0.24595321111563553
0.935,0.24402407538957394
0.9400000000000001,0.24211189527515395
0.9450000000000001,0.2402165018074747
0.9500000000000001,0.23833772790074617
0.9550000000000001,0.2364754083263863
0.96,0.23462937969131586
0.965,0.2327994804164939
0.97,0.23098555071567237
0.975,0.22918743257437113
0.98,0.22740496972907934
0.985,0.22563800764667527
0.99,0.22388639350407225
0.995,0.22214997616807955
1.0,0.2204286061754901
1.0050000000000001,0.21872213571337534
1.01,0.21703041859961092
1.0150000000000001,0.21535331026360724
1.02,0.21369066772726597
1.025,0.2120423495861402
1.03,0.21040821599081344
1.035,0.2087881286284889
1.04,0.20718195070478806
1.045,0.2055895469257576
1.05,0.2040107834800851
1.055,0.20244552802151788
1.06,0.20089364965148465
1.065,0.1993550189019263
1.07,0.19782950771831412
1.075,0.19631698944288706
1.08,0.19481733879806337
1.085,0.19333043187006885
1.09,0.19185614609274185
1.095,0.19039436023154385
1.1,0.1889449543677507
1.105,0.1875078098828381
1.11,0.1860828094430594
1.115,0.18466983698418635
1.12,0.18326877769646616
1.125,0.18187951800973295
1.1300000000000001,0.18050194557870847
1.135,0.17913594926848556
1.1400000000000001,0.17778141914018264
1.145,0.1764382464367735
1.1500000000000001,0.17510632356908618
1.155,0.17378554410198024
1.16,0.1724758027406875
1.165,0.17117699531731925
1.17,0.1698890187775459
1.175,0.16861177116742962
1.18,0.1673451516204278
1.185,0.16608906034454995
1.19,0.16484339860968353
1.195,0.1636080687350557
1.2,0.16238297407687655
1.205,0.1611680190161096
1.21,0.159963108946414
1.215,0.15876815026222316
1.22,0.1575830503469758
1.225,0.1564077175614936
1.23,0.15524206123250087
1.235,0.15408599164129097
1.24,0.15293942001252656
1.245,0.151802258503187
1.25,0.1506744201916483
1.2550000000000001,0.14955581906690227
1.26,0.14844637001790548
1.2650000000000001,0.1473459888230662
1.27,0.14625459213985822
1.2750000000000001,0.14517209749456875
1.28,0.1440984232721697
1.285,0.1430334887063157
1.29,0.14197721386947362
1.295,0.14092951966316494
1.3,0.1398903278083395
1.305,0.13885956083586265
1.31,0.13783714207712228
1.315,0.13682299565476344
1.32,0.13581704647351828
1.325,0.13481922021117307
1.33,0.1338294433096302
1.335,0.1328476429660925
1.34,0.1318737471243539
1.345,0.1309076844661999
1.35,0.1299493844029146
1.355,0.12899877706689078
1.36,0.1280557933033545
1.365,0.12712036466217996
1.37,0.12619242338981856
1.375,0.12527190242131983
1.3800000000000001,0.12435873537245624
1.385,0.1234528565319463
1.3900000000000001,0.12255420085377017
1.395,0.12166270394958834
1.4000000000000001,0.12077830208125097
1.405,0.11990093215339506
1.41,0.11903053170614468
1.415,0.11816703890789594
1.42,0.1173103925481877
1.425,0.11646053203067103
1.43,0.11561739736615627
1.435,0.11478092916575296
1.44,0.11395106863409095
1.445,0.113127757562629
1.45,0.11231093832304258
1.455,0.11150055386069532
1.46,0.110696547688196
1.465,0.10989886387902471
1.47,0.109107447061248
1.475,0.1083222424113054
1.48,0.10754319564787729
1.485,0.10677025302582449
1.49,0.10600336133020509
1.495,0.10524246787036359
1.5,0.10448752047409635
1.5050000000000001,0.10373846748188077
1.51,0.10299525774118438
1.5150000000000001,0.10225784060084214
1.52,0.10152616590549648
1.5250000000000001,0.10080018399011302
1.53,0.10007984567455906
1.5350000000000001,0.09936510225825217
1.54,0.0986559055148699
1.545,0.09795220768712755
1.55,0.09725396148162015
1.555,0.09656112006372293
1.56,0.09587363705256077
1.565,0.09519146651603283
1.57,0.09451456296590136
1.575,0.09384288135293872
1.58,0.09317637706213623
1.585,0.09251500590796556
1.59,0.09185872412970324
1.595,0.09120748838681195
1.6,0.09056125575436959
1.605,0.08991998371856678
1.61,0.08928363017224622
1.615,0.08865215341050399
1.62,0.08802551212634278
1.625,0.087403665406374
1.6300000000000001,0.08678657272657343
1.635,0.08617419394809177
1.6400000000000001,0.08556648931310853
1.645,0.0849634194407433
1.6500000000000001,0.0843649453230087
1.655,0.08377102832081781
1.6600000000000001,0.08318163016003534
1.665,0.08259671292757963
1.67,0.08201623906756828
1.675,0.08144017137751139
1.68,0.08086847300454898
1.685,0.08030110744173456
1.69,0.07973803852436336
1.695,0.07917923042634094
1.7,0.07862464765659916
1.705,0.0780742550555532
1.71,0.07752801779159688
1.715,0.07698590135764773
1.72,0.07644787156772376
1.725,0.0759138945535664
1.73,0.07538393676130113
1.735,0.07485796494814019
1.74,0.0743359461791196
1.745,0.0738178478238781
1.75,0.07330363755347222
1.7550000000000001,0.07279328333722984
1.76,0.07228675343964161
1.7650000000000001,0.07178401641728192
1.77,0.07128504111577823
1.7750000000000001,0.07078979666680439
1.78,0.07029825248511488
1.7850000000000001,0.06981037826561166
1.79,0.069326143980447
1.795,0.06884551987615659
1.8,0.06836847647082958
1.805,0.06789498455130989
1.81,0.0674250151704296
1.815,0.06695853964427514
1.82,0.06649552954948444
1.825,0.06603595672057481
1.83,0.0655797932473047
1.835,0.06512701147206103
1.84,0.06467758398728056
1.845,0.06423148363289899
1.85,0.06378868349382981
1.855,0.063349156897472
1.86,0.06291287741124621
1.865,0.06247981884015961
1.87,0.06204995522439859
1.875,0.06162326083694649
1.8800000000000001,0.061199710181232464
1.885,0.06077927798880443
1.8900000000000001,0.06036193921702996
1.895,0.05994766904681992
1.9000000000000001,0.059536442880383934
1.905,0.059128236339005796
1.9100000000000001,0.05872302526084599
1.915,0.0583207856987699
1.92,0.057921493918199944
1.925,0.05752512639499004
1.93,0.057131659813327865
1.935,0.05674107106365727
1.94,0.05635333724062499
1.945,0.05596843564105153
1.95,0.05558634376192352
1.955,0.055207039298408936
1.96,0.05483050014189407
1.965,0.05445670437804383
1.97,0.054085630284881135
1.975,0.053717256330890764
1.98,0.05335156117314133
1.985,0.052988523655430914
1.99,0.05262812280645032
1.995,0.0522703378379688
2.0,0.05191514814304005
2.005,0.051562533294225915
2.0100000000000002,0.05121247304184156
2.015,0.050864947312219216
2.02,0.050519936205992065
2.025,0.05017741999639455
2.0300000000000002,0.04983737912758456
2.035,0.049499794212980994
2.04,0.04916464603362192
2.045,0.048831915536539296
2.05,0.04850158383315179
2.055,0.04817363219767464
2.06,0.04784804206554966
2.065,0.047524795031886474
2.07,0.047203872849926685
2.075,0.04688525742952246
2.08,0.04656893083562973
2.085,0.0462548752868208
2.09,0.045943073153810826
2.095,0.045633506958001814
2.1,0.04532615937004086
2.105,0.045021013208394856
2.11,0.04471805143793976
2.115,0.04441725716856669
2.12,0.0441186136538002
2.125,0.04382210428943441
2.13,0.043527712612181246
2.1350000000000002,0.043235422298334825
2.14,0.042945217162449
2.145,0.04265708115602955
2.15,0.04237099836624029
2.1550000000000002,0.04208695301462297
2.16,0.04180492945583004
2.165,0.04152491217637195
2.17,0.04124688579337719
2.1750000000000003,0.04097083505336545
2.18,0.04069674483103346
2.185,0.04042460012805456
2.19,0.0401543860718894
2.195,0.03988608791461088
2.2,0.03961969103174045
2.205,0.03935518092109684
2.21,0.03909254320165641
2.215,0.038831763612426275
2.22,0.038572828011329045
2.225,0.03831572237409821
2.23,0.03806043279318615
2.235,0.037806945476684076
2.24,0.03755524674725035
2.245,0.03730532304105397
2.25,0.03705716090672596
2.255,0.03681074700432279
2.2600000000000002,0.03656606810429949
2.265,0.036323111086496676
2.27,0.03608186293913289
2.275,0.035842310757811816
2.2800000000000002,0.035604441744537314
2.285,0.035368243206739466
2.29,0.03513370255631047
2.295,0.034900807308650035
2.3000000000000003,0.03466954508172125
2.305,0.03443990359511615
2.31,0.034211870669129306
2.315,0.033985434223843196
2.32,0.03376058227822149
2.325,0.03353730294921119
2.33,0.03331558445085502
2.335,0.03309541509341281
2.34,0.032876783282490635
2.345,0.03265967751817961
2.35,0.03244408639420348
2.355,0.032229998597074754
2.36,0.032017402905258986
2.365,0.031806288188347416
2.37,0.031596643406239557
2.375,0.031388457608331054
2.38,0.031181719932712473
2.3850000000000002,0.030976419605374984
2.39,0.03077254593942309
2.395,0.030570088334297658
2.4,0.030369036275004178
2.4050000000000002,0.03016937933134987
2.41,0.029971107157189023
2.415,0.029774209489674616
2.42,0.029578676148518612
2.4250000000000003,0.029384497035257414
2.43,0.029191662132527673
2.435,0.02900016150334784
2.44,0.028809985290404776
2.445,0.028621123715351877
2.45,0.028433567078109772
2.455,0.02824730575617693
2.46,0.028062330203945045
2.465,0.02787863095202264
2.47,0.027696198606564408
2.475,0.02751502384860763
2.48,0.027335097433414692
2.485,0.027156410189822046
2.49,0.02697895301959689
2.495,0.026802716896797203
2.5,0.026627692867141582
2.505,0.02645387204738172
2.5100000000000002,0.026281245624684597
2.515,0.02610980485601767
2.52,0.025939541067540723
2.525,0.025770445654005963
2.5300000000000002,0.025602510078159724
2.535,0.02543572587015374
2.54,0.025270084626960808
2.545,0.025105578011794524
2.5500000000000003,0.024942197753537884
2.555,0.024779935646174193
2.56,0.02461878354822512
2.565,0.024458733382193915
2.57,0.02429977713401402
2.575,0.024141906852502795
2.58,0.023985114648820277
2.585,0.023829392695933496
2.59,0.02367473322808607
2.595,0.023521128540271944
2.6,0.023368570987715335
2.605,0.0232170529853546
2.61,0.023066567007331926
2.615,0.0229171055864873
2.62,0.022768661313857047
2.625,0.022621226838178066
2.63,0.02247479486539582
2.6350000000000002,0.02232935815817679
2.64,0.022184909535427268
2.645,0.022041441871814907
2.65,0.0218989480972951
2.6550000000000002,0.02175742119664234
2.66,0.021616854208985875
2.665,0.021477240227349564
2.67,0.021338572398195498
2.6750000000000003,0.021200843920973895
2.68,0.02106404804767379
2.685,0.020928178082381777
2.69,0.020793227380842143
2.695,0.020659189350021766
2.7,0.02052605744768021
2.705,0.02039382518194176
2.71,0.02026248611087373
2.715,0.020132033842066698
2.72,0.020002462032219684
2.725,0.019873764386729453
2.73,0.0197459346592824
2.735,0.019618966651451533
2.74,0.019492854212296396
2.745,0.019367591237966945
2.75,0.0192431716713107
2.755,0.019119589501484548
2.7600000000000002,0.018996838763568436
2.765,0.018874913538184785
2.77,0.018753807951118945
2.775,0.018633516172945466
2.7800000000000002,0.018514032418655756
2.785,0.01839535094729088
2.79,0.018277466061576774
2.795,0.018160372107562547
2.8000000000000003,0.018044063474262805
2.805,0.01792853459330311
2.81,0.017813779938568065
2.815,0.017699794025853297
2.82,0.01758657141252022
2.825,0.017474106697153973
2.83,0.01736239451922461
2.835,0.017251429558751436
2.84,0.01714120653596959
2.845,0.017031720211001137
2.85,0.016922965383527503
2.855,0.01681493689246609
2.86,0.016707629615648874
2.865,0.016601038469505013
2.87,0.016495158408744697
2.875,0.016389984426048016
2.88,0.016285511551754304
2.8850000000000002,0.016181734853555698
2.89,0.016078649436193353
2.895,0.01597625044115576
2.9,0.01587453304638036
2.9050000000000002,0.01577349246595769
2.91,0.015673123949837622
2.915,0.015573422783538937
2.92,0.015474384287861144
2.9250000000000003,0.015376003818599085
2.93,0.015278276766259678
2.935,0.015181198555781376
2.94,0.015084764646256304
2.945,0.014988970530654967
2.95,0.014893811735552301
2.955,0.014799283820857831
2.96,0.014705382379546767
2.965,0.014612103037394563
2.97,0.014519441452712679
2.975,0.014427393316087818
2.98,0.014335954350122781
2.985,0.014245120309179743
2.99,0.014154886979125472
2.995,0.014065250177079863
3.0,0.013976205751165037
3.005,0.013887749580258317
3.0100000000000002,0.013799877573745862
3.015,0.01371258567127978
3.02,0.013625869842536291
3.025,0.013539726086976405
3.0300000000000002,0.01345415043360928
3.035,0.013369138940756519
3.04,0.013284687695819296
3.045,0.013200792815047312
3.0500000000000003,0.013117450443309581
3.055,0.013034656753867785
3.06,0.012952407948150602
3.065,0.012870700255530908
3.0700000000000003,0.01278952993310453
3.075,0.012708893265470695
3.08,0.01262878656451498
3.085,0.012549206169193227
3.09,0.012470148445318744
3.095,0.012391609785349532
3.1,0.01231358660817863
3.105,0.01223607535892599
3.11,0.012159072508731996
3.115,0.01208257455455261
3.12,0.012006578018956708
3.125,0.011931079449924985
3.13,0.01185607542065001
3.1350000000000002,0.01178156252933907
3.14,0.011707537399017589
3.145,0.011633996677335187
3.15,0.011560937036372865
3.1550000000000002,0.011488355172451526
3.16,0.011416247805943034
3.165,0.011344611681082029
3.17,0.011273443565779964
3.1750000000000003,0.01120274025144005
3.18,0.011132498552774388
3.185,0.01106271530762253
3.19,0.010993387376771252
3.1950000000000003,0.010924511643775897
3.2,0.010856085014783981
3.205,0.010788104418359055
3.21,0.010720566805307075
3.215,0.01065346914850375
3.22,0.010586808442723384
3.225,0.010520581704469347
3.23,0.010454785971805665
3.235,0.010389418304190708
3.24,0.010324475782310898
3.245,0.010259955507917536
3.25,0.01019585460366363
3.255,0.010132170212942732
3.2600000000000002,0.010068899499729382
3.265,0.010006039648419613
3.27,0.009943587863674738
3.275,0.009881541370264584
3.2800000000000002,0.009819897412913153
3.285,0.00975865325614522
3.29,0.009697806184134308
3.295,0.009637353500551617
3.3000000000000003,0.009577292528416503
3.305,0.009517620609948424
3.31,0.009458335106419592
3.315,0.009399433398008894
3.3200000000000003,0.009340912883657787
3.325,0.00928277098092617
3.33,0.009225005125850415
3.335,0.009167612772802322
3.34,0.009110591394349006
3.345,0.009053938481114078
3.35,0.008997651541639938
3.355,0.008941728102251714
3.36,0.008886165706921191
3.365,0.008830961917133033
3.37,0.00877611431175114
3.375,0.008721620486887216
3.38,0.008667478055769081
3.3850000000000002,0.008613684648611146
3.39,0.008560237912485457
3.395,0.008507135511193824
3.4,0.008454375125141115
3.4050000000000002,0.008401954451209597
3.41,0.00834987120263393
3.415,0.008298123108877994
3.42,0.008246707915511735
3.4250000000000003,0.008195623384089626
3.43,0.008144867292030185
3.435,0.008094437432496117
3.44,0.008044331614275453
3.4450000000000003,0.007994547661663952
3.45,0.007945083414348351
3.455,0.007895936727290385
3.46,0.007847105470611777
3.465,0.007798587529480501
3.47,0.007750380803997484
3.475,0.007702483209084631
3.48,0.007654892674373332
3.485,0.007607607144094406
3.49,0.0075606245769684844
3.495,0.007513942946097412
3.5,0.0074675602388565715
3.505,0.007421474456788221
3.5100000000000002,0.00737568361549516
3.515,0.007330185744535939
3.52,0.007284978887320535
3.525,0.007240061101006586
3.5300000000000002,0.007195430456397317
3.535,0.007151085037839272
3.54,0.007107022943121609
3.545,0.007063242283375959
3.5500000000000003,0.00701974118297681
3.555,0.006976517779443252
3.56,0.006933570223340958
3.565,0.0068908966781854155
3.5700000000000003,0.006848495320345371
3.575,0.006806364338947703
3.58,0.006764501935782558
3.585,0.006722906325209534
3.59,0.006681575734064277
3.595,0.006640508401566175
3.6,0.006599702579226707
3.605,0.0065591565307581215
3.61,0.006518868531983814
3.615,0.006478836870747948
3.62,0.006439059846827149
3.625,0.006399535771842498
3.63,0.006360262969171502
3.6350000000000002,0.006321239773861843
3.64,0.006282464532545165
3.645,0.006243935603351532
3.65,0.006205651355825149
3.6550000000000002,0.0061676101708396085
3.66,0.006129810440515356
3.665,0.006092250568136152
3.67,0.006054928968067767
3.6750000000000003,0.006017844065675876
3.68,0.005980994297245717
3.685,0.0059443781099017415
3.69,0.005907993961528137
3.6950000000000003,0.005871840320690054
3.7,0.005835915666555054
3.705,0.005800218488815619
3.71,0.0057647472876121205
3.715,0.00572950057345635
3.72,0.005694476867155495
3.725,0.005659674699737129
3.73,0.00562509261237437
3.735,0.005590729156311773
3.74,0.005556582892792007
3.745,0.005522652392982505
3.75,0.00548893623790365
3.755,0.005455433018356525
3.7600000000000002,0.0054221413348518235
3.765,0.005389059797539184
3.77,0.0053561870261368974
3.775,0.005323521649862471
3.7800000000000002,0.005291062307363506
3.785,0.005258807646649058
3.79,0.005226756325021843
3.795,0.005194907009010575
3.8000000000000003,0.005163258374303178
3.805,0.005131809105680245
3.81,0.005100557896949155
3.815,0.0050695034508786985
3.8200000000000003,0.005038644479134143
3.825,0.005007979702212791
3.83,0.004977507849380235
3.835,0.004947227658606762
3.84,0.004917137876504478
3.845,0.004887237258264933
3.85,0.004857524567597204
3.855,0.0048279985766662235
3.86,0.004798658066031956
3.865,0.004769501824588798
3.87,0.004740528649505437
3.875,0.0047117373461653565
3.88,0.004683126728107613
3.8850000000000002,0.004654695616968095
3.89,0.004626442842421337
3.895,0.004598367242122743
3.9,0.004570467661651123
3.9050000000000002,0.004542742954451831
3.91,0.004515191981780258
3.915,0.004487813612645684
3.92,0.004460606723755885
3.9250000000000003,0.004433570199461638
3.93,0.004406702931702177
3.935,0.004380003819950594
3.94,0.004353471771160098
3.9450000000000003,0.004327105699710356
3.95,0.004300904527354351
3.955,0.004274867183165716
3.96,0.00424899260348629
3.9650000000000003,0.004223279731874297
3.97,0.004197727519052815
3.975,0.004172334922858446
3.98,0.004147100908190764
3.985,0.004122024446961818
3.99,0.0040971045180462065
3.995,0.004072340107231392
4.0,0.0040477302071684675
4.005,0.004023273817323364
4.01,0.003998969943928242
4.015,0.003974817599933442
4.0200000000000005,0.003950815804959662
4.025,0.003926963585250543
4.03,0.003903259973625682
4.035,0.003879704009433894
4.04,0.003856294738506798
4.045,0.0038330312131128453
4.05,0.00380991249191186
4.055,0.003786937639909442
4.0600000000000005,0.003764105728412156
4.065,0.003741415834982846
4.07,0.0037188670433964334
4.075,0.003696458443595818
4.08,0.0036741891316483324
4.085,0.003652058209702408
4.09,0.00363006478594467
4.095,0.0036082079745570817
4.1,0.0035864868956748145
4.105,0.0035649006753441315
4.11,0.00354344844548065
4.115,0.0035221293438280157
4.12,0.0035009425139167186
4.125,0.0034798871050234154
4.13,0.0034589622721303906
4.135,0.003438167175885397
4.14,0.0034175009825617134
4.1450000000000005,0.003396962864018711
4.15,0.0033765519976624025
4.155,0.003356267566406572
4.16,0.003336108758633966
4.165,0.0033160747681580506
4.17,0.0032961647941846463
4.175,0.0032763780412742786
4.18,0.003256713719304492
4.1850000000000005,0.0032371710434326213
4.19,0.0032177492340587947
4.195,0.0031984475167891233
4.2,0.003179265122399299
4.205,0.0031602012867983976
4.21,0.003141255250992914
4.215,0.003122426261051165
4.22,0.0031037135680677913
4.225,0.003085116428128711
4.23,0.0030666341022762356
4.235,0.0030482658564744123
4.24,0.003030010961574656
4.245,0.003011868693281678
4.25,0.00299383833211964
4.255,0.002975919163398484
4.26,0.0029581104771805836
4.265,0.002940411568247673
4.2700000000000005,0.0029228217360679526
4.275,0.002905340284763412
4.28,0.0028879665230775757
4.285,0.0028706997643431573
4.29,0.002853539326450266
4.295,0.002836484531814727
4.3,0.0028195347073465492
4.305,0.002802689184418813
4.3100000000000005,0.002785947298836601
4.315,0.002769308390806272
4.32,0.00275277180490486
4.325,0.002736336890049874
4.33,0.002720002999469103
4.335,0.0027037694906707696
4.34,0.002687635725413896
4.345,0.0026716010696788473
4.3500000000000005,0.0026556648936381226
4.355,0.002639826571627338
4.36,0.0026240854821163876
4.365,0.002608441007680945
4.37,0.0025928925349740064
4.375,0.0025774394546977343
4.38,0.0025620811615755007
4.385,0.0025468170543241136
4.39,0.002531646535626266
4.3950000000000005,0.0025165690121031533
4.4,0.0025015838942873386
4.405,0.002486690596595752
4.41,0.002471888537302948
4.415,0.002457177138514502
4.42,0.002442555826140659
4.425,0.002428024029870128
4.43,0.0024135811831440725
4.4350000000000005,0.0023992267231302774
4.44,0.002384960090697584
4.445,0.002370780730390376
4.45,0.0023566880904033914
4.455,0.0023426816225565667
4.46,0.0023287607822702326
4.465,0.002314925028540346
4.47,0.0023011738239139307
4.4750000000000005,0.002287506634464785
4.48,0.002273922929769284
4.485,0.002260422182882319
4.49,0.002247003870313533
4.495,0.0022336674720035998
4.5,0.0022204124713007555
4.505,0.0022072383549374902
4.51,0.0021941446130073973
4.515,0.0021811307389421014
4.5200000000000005,0.002168196229488561
4.525,0.002155340584686333
4.53,0.0021425633078450534
4.535,0.002129863905522185
4.54,0.0021172418875007636
4.545,0.002104696766767434
4.55,0.002092228059490571
4.555,0.0020798352849985477
4.5600000000000005,0.0020675179657582855
4.565,0.0020552756273537194
4.57,0.002043107798464707
4.575,0.0020310140108458193
4.58,0.002018993799305537
4.585,0.002007046701685283
4.59,0.0019951722588389823
4.595,0.001983370014612437
4.6000000000000005,0.0019716395158230348
4.605,0.0019599803122395576
4.61,0.0019483919565620863
4.615,0.0019368740044021485
4.62,0.0019254260142629106
4.625,0.0019140475475195337
4.63,0.0019027381683997344
4.635,0.0018914974439644115
4.64,0.00188032494408842
4.6450000000000005,0.0018692202414415237
4.65,0.0018581829114694339
4.655,0.001847212532375029
4.66,0.001836308685099642
4.665,0.0018254709533045753
4.67,0.0018146989233526613
4.675,0.001803992184289981
4.68,0.001793350327827744
4.6850000000000005,0.0017827729483242507
4.69,0.0017722596427670028
4.695,0.0017618100107549836
4.7,0.0017514236544809135
4.705,0.0017411001787138735
4.71,0.0017308391907818227
4.715,0.001720640300554377
4.72,0.0017105031204256156
4.7250000000000005,0.0017004272652971556
4.73,0.0016904123525611418
4.735,0.0016804580020835214
4.74,0.0016705638361873745
4.745,0.001660729479636396
4.75,0.0016509545596183695
4.755,0.0016412387057289834
4.76,0.0016315815499555301
4.765,0.0016219827266608874
4.7700000000000005,0.0016124418725675
4.775,0.0016029586267415604
4.78,0.001593532630577226
4.785,0.001584163527781018
4.79,0.0015748509643562665
4.795,0.0015655945885877257
4.8,0.001556394051026215
4.805,0.0015472490044734805
4.8100000000000005,0.0015381591039670538
4.815,0.001529124006765288
4.82,0.001520143372332457
4.825,0.001511216862323996
4.83,0.0015023441405718155
4.835,0.0014935248730697302
4.84,0.001484758727959003
4.845,0.0014760453755139384
4.8500000000000005,0.0014673844881276622
4.855,0.001458775740297938
4.86,0.0014502188086130568
4.865,0.001441713371737942
4.87,0.001433259110400214
4.875,0.0014248557073764617
4.88,0.0014165028474784987
4.885,0.0014082002175398636
4.89,0.0013999475064022562
4.8950000000000005,0.0013917444049021902
4.9,0.0013835906058576556
4.905,0.0013754858040549525
4.91,0.0013674296962355316
4.915,0.0013594219810830106
4.92,0.0013514623592101977
4.925,0.0013435505331462565
4.93,0.0013356862073240043
4.9350000000000005,0.0013278690880671616
4.94,0.001320098883577835
4.945,0.001312375303924007
4.95,0.001304698061027116
4.955,0.0012970668686497805
4.96,0.0012894814423835184
4.965,0.0012819414996366415
4.97,0.00127444675962215
4.9750000000000005,0.001266996943345799
4.98,0.0012595917735941774
4.985,0.0012522309749228812
4.99,0.0012449142736448108
4.995,0.0012376413978185028
5.0,0.001230412077236583
5.005,0.001223226043414233
5.01,0.0012160830295778267
5.015,0.0012089827706535596
5.0200000000000005,0.0012019250032562355
5.025,0.0011949094656780461
5.03,0.001187935897877518
5.035,0.0011810040414684721
5.04,0.001174113639709068
5.045,0.0011672644374909498
5.05,0.0011604561813284519
5.055,0.0011536886193478544
5.0600000000000005,0.001146961501276787
5.065,0.001140274578433592
5.07,0.0011336276037168945
5.075,0.0011270203315951151
5.08,0.0011204525180961388
5.085,0.0011139239207970484
5.09,0.0011074342988138806
5.095,0.0011009834127914877
5.1000000000000005,0.0010945710248935019
5.105,0.001088196898792267
5.11,0.0010818607996589515
5.115,0.0010755624941536704
5.12,0.0010693017504156866
5.125,0.0010630783380536578
5.13,0.0010568920281359964
5.135,0.0010507425931812879
5.14,0.0010446298071486804
5.1450000000000005,0.0010385534454285233
5.15,0.0010325132848328835
5.155,0.0010265091035862267
5.16,0.0010205406813161575
5.165,0.0010146077990442106
5.17,0.0010087102391766857
5.175,0.001002847785495558
5.18,0.0009970202231494873
5.1850000000000005,0.0009912273386448376
5.19,0.0009854689198367514
5.195,0.0009797447559203515
5.2,0.0009740546374219422
5.205,0.0009683983561902934
5.21,0.0009627757053879797
5.215,0.0009571864794827919
5.22,0.0009516304742391628
5.2250000000000005,0.000946107486709735
5.23,0.0009406173152268644
5.235,0.0009351597593943521
5.24,0.0009297346200790048
5.245,0.000924341699402523
5.25,0.0009189808007331783
5.255,0.0009136517286777366
5.26,0.0009083542890733647
5.265,0.0009030882889795722
5.2700000000000005,0.0008978535366702976
5.275,0.0008926498416258803
5.28,0.0008874770145252932
5.285,0.0008823348672382632
5.29,0.0008772232128175375
5.295,0.0008721418654911592
5.3,0.0008670906406548398
5.305,0.000862069354864298
5.3100000000000005,0.0008570778258277505
5.315,0.0008521158723984028
5.32,0.000847183314566978
5.325,0.0008422799734543459
5.33,0.0008374056713041148
5.335,0.0008325602314754108
5.34,0.0008277434784355549
5.345,0.0008229552377529025
5.3500000000000005,0.0008181953360896593
5.355,0.0008134636011948016
5.36,0.0008087598618970076
5.365,0.00080408394809763
5.37,0.0007994356907637617
5.375,0.0007948149219213038
5.38,0.0007902214746481017
5.385,0.000785655183067121
5.39,0.0007811158823396626
5.3950000000000005,0.0007766034086586437
5.4,0.0007721175992419117
5.405,0.0007676582923255898
5.41,0.0007632253271574984
5.415,0.00075881854399059
5.42,0.0007544377840764584
5.425,0.0007500828896588541
5.43,0.0007457537039672723
5.4350000000000005,0.0007414500712105952
5.44,0.0007371718365707238
5.445,0.0007329188461963188
5.45,0.0007286909471965295
5.455,0.000724487987634797
5.46,0.000720309816522688
5.465,0.0007161562838137762
5.47,0.000712027240397547
5.4750000000000005,0.0007079225380933516
5.48,0.000703842029644441
5.485,0.000699785568711962
5.49,0.0006957530098690626
5.495,0.0006917442085950093
5.5,0.0006877590212693119
5.505,0.0006837973051659847
5.51,0.0006798589184477255
5.515,0.0006759437201601977
5.5200000000000005,0.0006720515702263824
5.525,0.0006681823294408911
5.53,0.0006643358594643692
5.535,0.0006605120228179114
5.54,0.0006567106828775471
5.545,0.0006529317038687191
5.55,0.0006491749508608408
5.555,0.0006454402897618529
5.5600000000000005,0.0006417275873128358
5.565,0.0006380367110826699
5.57,0.0006343675294627048
5.575,0.0006307199116614793
5.58,0.0006270937276994772
5.585,0.0006234888484039065
5.59,0.0006199051454035439
5.595,0.0006163424911235594
5.6000000000000005,0.0006128007587804325
5.605,0.0006092798223768666
5.61,0.0006057795566967602
5.615,0.0006022998373001832
5.62,0.0005988405405184021
5.625,0.0005954015434489584
5.63,0.0005919827239507515
5.635,0.0005885839606391545
5.64,0.0005852051328811777
5.6450000000000005,0.0005818461207906621
5.65,0.0005785068052234968
5.655,0.0005751870677728665
5.66,0.0005718867907645426
5.665,0.000568605857252207
5.67,0.0005653441510127708
5.675,0.000562101556541788
5.68,0.0005588779590488419
5.6850000000000005,0.0005556732444529819
5.69,0.000552487299378202
5.695,0.0005493200111489448
5.7,0.0005461712677856141
5.705,0.0005430409580001493
5.71,0.0005399289711915932
5.715,0.0005368351974417433
5.72,0.0005337595275107539
5.7250000000000005,0.0005307018528328459
5.73,0.0005276620655120032
5.735,0.0005246400583176864
5.74,0.0005216357246806204
5.745,0.0005186489586885657
5.75,0.0005156796550821244
5.755,0.0005127277092506136
5.76,0.0005097930172279131
5.765,0.0005068754756883706
5.7700000000000005,0.0005039749819427251
5.775,0.0005010914339340673
5.78,0.0004982247302338089
5.785,0.00049537477003769
5.79,0.0004925414531618208
5.795,0.000489724680038719
5.8,0.0004869243517134253
5.805,0.00048414036983957713
5.8100000000000005,0.0004813726366755711
5.815,0.0004786210550807049
5.82,0.00047588552851139
5.825,0.00047316596101732057
5.83,0.00047046225723776207
5.835,0.0004677743223977706
5.84,0.00046510206230449404
5.845,0.0004624453833434788
5.8500000000000005,0.00045980419247500427
5.855,0.00045717839723045245
5.86,0.0004545679057086734
5.865,0.00045197262657240244
5.87,0.00044939246904466683
5.875,0.000446827342905289
5.88,0.0004442771584873059
5.885,0.00044174182667350233
5.89,0.000439221258892925
5.8950000000000005,0.00043671536711741975
5.9,0.00043422406385821476
5.905,0.00043174726216249626
5.91,0.0004292848756100317
5.915,0.00042683681830979573
5.92,0.00042440300489663215
5.925,0.0004219833505279316
5.93,0.000419577770880332
5.9350000000000005,0.00041718618214644197
5.94,0.00041480850103157454
5.945,0.00041244464475052525
5.95,0.0004100945310243585
5.955,0.00040775807807719644
5.96,0.00040543520463306017
5.965,0.0004031258299127234
5.97,0.00040082987363056953
5.9750000000000005,0.00039854725599148074
5.98,0.0003962778976877642
5.985,0.0003940217198960607
5.99,0.00039177864427430986
5.995,0.00038954859295870805
6.0,0.00038733148856071276
6.005,0.0003851272541640289
6.01,0.0003829358133216641
6.015000000000001,0.0003807570900529638
6.0200000000000005,0.00037859100884066904
6.025,0.00037643749462802303
6.03,0.00037429647281585985
6.035,0.0003721678692597316
6.04,0.0003700516102670622
6.045,0.00036794762259429196
6.05,0.00036585583344407856
6.055,0.00036377617046246755
6.0600000000000005,0.00036170856173612834
6.065,0.0003596529357895962
6.07,0.00035760922158249166
6.075,0.00035557734850683373
6.08,0.0003535572463842857
6.085,0.00035154884546349124
6.09,0.00034955207641738895
6.095,0.00034756687034055364
6.1000000000000005,0.0003455931587465309
6.105,0.0003436308735652568
6.11,0.00034167994714040837
6.115,0.0003397403122268388
6.12,0.00033781190198799084
6.125,0.000335894649993347
6.13,0.00033398849021586065
6.135,0.00033209335702948144
6.140000000000001,0.0003302091852066056
6.1450000000000005,0.000328335909915591
6.15,0.00032647346671830043
6.155,0.0003246217915676126
6.16,0.00032278082080500485
6.165,0.0003209504911581144
6.17,0.00031913073973831166
6.175,0.0003173215040383291
6.18,0.0003155227219298566
6.1850000000000005,0.0003137343316611891
6.19,0.00031195627185487407
6.195,0.00031018848150536746
6.2,0.00030843089997672574
6.205,0.0003066834670002832
6.21,0.00030494612267238115
6.215,0.000303218807452074
6.22,0.00030150146215888156
6.2250000000000005,0.0002997940279705278
6.23,0.00029809644642072664
6.235,0.0002964086593969457
6.24,0.00029473060913821393
6.245,0.0002930622382329298
6.25,0.0002914034896166825
6.255,0.0002897543065700985
6.26,0.00028811463271668
6.265000000000001,0.0002864844120206839
6.2700000000000005,0.00028486358878500307
6.275,0.0002832521076490449
6.28,0.0002816499135866577
6.285,0.0002800569519040277
6.29,0.00027847316823764306
6.295,0.0002768985085522164
6.3,0.00027533291913865336
6.305,0.00027377634661203453
6.3100000000000005,0.0002722287379095786
6.315,0.00027069004028867314
6.32,0.00026916020132486716
6.325,0.00026763916890989233
6.33,0.00026612689124971427
6.335,0.00026462331686258225
6.34,0.00026312839457707127
6.345,0.0002616420735301892
6.3500000000000005,0.00026016430316543775
6.355,0.00025869503323092564
6.36,0.00025723421377747186
6.365,0.0002557817951567454
6.37,0.0002543377280193854
6.375,0.0002529019633131444
6.38,0.00025147445228107263
6.385,0.00025005514645967143
6.390000000000001,0.0002486439976770726
6.3950000000000005,0.0002472409580512545
6.4,0.00024584597998821863
6.405,0.000244459016180237
6.41,0.00024308001960406022
6.415,0.00024170894351916269
6.42,0.00024034574146601526
6.425,0.00023899036726430996
6.43,0.00023764277501126384
6.4350000000000005,0.00023630291907989243
6.44,0.00023497075411730791
6.445,0.0002336462350430307
6.45,0.00023232931704729565
6.455,0.0002310199555893945
6.46,0.00022971810639599695
6.465,0.00022842372545951834
6.47,0.00022713676903647183
6.4750000000000005,0.00022585719364583918
6.48,0.00022458495606745456
6.485,0.0002233200133403833
6.49,0.00022206232276134088
6.495,0.0002208118418830982
6.5,0.00021956852851289839
6.505,0.00021833234071089692
6.51,0.00021710323678858604
6.515000000000001,0.00021588117530727875
6.5200000000000005,0.0002146661150765324
6.525,0.00021345801515264856
6.53,0.00021225683483714258
6.535,0.00021106253367523354
6.54,0.00020987507145434403
6.545,0.00020869440820261523
6.55,0.0002075205041874272
6.555,0.00020635331991391155
6.5600000000000005,0.0002051928161235099
6.565,0.00020403895379251676
6.57,0.00020289169413061753
6.575,0.00020175099857947762
6.58,0.0002006168288113088
6.585,0.00019948914672744366
6.59,0.00019836791445694476
6.595,0.00019725309435519091
6.6000000000000005,0.0001961446490024999
6.605,0.00019504254120273983
6.61,0.0001939467339819581
6.615,0.00019285719058702172
6.62,0.0001917738744842604
6.625,0.0001906967493581175
6.63,0.00018962577910981775
6.635,0.0001885609278560359
6.640000000000001,0.00018750215992757233
6.6450000000000005,0.0001864494398680499
6.65,0.0001854027324325956
6.655,0.00018436200258656096
6.66,0.0001833272155042201
6.665,0.0001822983365674982
6.67,0.000181275331364703
6.675,0.00018025816568925041
6.68,0.00017924680553840785
6.6850000000000005,0.00017824121711208175
6.69,0.00017724136681150773
6.695,0.0001762472212380986
6.7,0.0001752587471921594
6.705,0.00017427591167170717
6.71,0.00017329868187124692
6.715,0.00017232702518056155
6.72,0.00017136090918354086
6.7250000000000005,0.0001704003016569813
6.73,0.000169445170569409
6.735,0.00016849548407991394
6.74,0.00016755121053697186
6.745,0.00016661231847730321
6.75,0.00016567877662472712
6.755,0.00016475055388900242
6.76,0.00016382761936469328
6.765000000000001,0.0001629099423300657
6.7700000000000005,0.00016199749224594514
6.775,0.0001610902387546018
6.78,0.00016018815167865753
6.785,0.00015929120101997637
6.79,0.0001583993569585844
6.795,0.00015751258985156116
6.8,0.00015663087023198274
6.805,0.00015575416880784018
6.8100000000000005,0.00015488245646096648
6.815,0.00015401570424600396
6.82,0.00015315388338931512
6.825,0.00015229696528797022
6.83,0.00015144492150868168
6.835,0.00015059772378679852
6.84,0.00014975534402525526
6.845,0.00014891775429356694
6.8500000000000005,0.000148084926826808
6.855,0.0001472568340246151
6.86,0.00014643344845017767
6.865,0.0001456147428292464
6.87,0.00014480069004914865
6.875,0.00014399126315779978
6.88,0.0001431864353627334
6.885,0.0001423861800301276
6.890000000000001,0.0001415904706838408
6.8950000000000005,0.00014079928100446155
6.9,0.00014001258482835194
6.905,0.0001392303561466992
6.91,0.00013845256910457757
6.915,0.00013767919800001472
6.92,0.00013691021728306927
6.925,0.00013614560155490168
6.93,0.00013538532556686008
6.9350000000000005,0.0001346293642195648
6.94,0.00013387769256201993
6.945,0.00013313028579068747
6.95,0.00013238711924861546
6.955,0.00013164816842454254
6.96,0.00013091340895201488
6.965,0.0001301828166085046
6.97,0.00012945636731454915
6.9750000000000005,0.00012873403713287043
6.98,0.00012801580226752665
6.985,0.00012730163906305448
6.99,0.0001265915240036113
6.995,0.00012588543371213834
7.0,0.00012518334494951726
7.005,0.00012448523461373496
7.01,0.00012379107973905753
7.015000000000001,0.00012310085749520127
7.0200000000000005,0.00012241454518652412
7.025,0.0001217321202512011
7.03,0.00012105356026041278
7.035,0.00012037884291755556
7.04,0.00011970794605743591
7.045,0.00011904084764546784
7.05,0.00011837752577689924
7.055,0.00011771795867601944
7.0600000000000005,0.00011706212469538176
7.065,0.00011641000231502452
7.07,0.00011576157014170668
7.075,0.00011511680690814723
7.08,0.00011447569147225832
7.085,0.00011383820281638832
7.09,0.00011320432004658053
7.095,0.00011257402239181629
7.1000000000000005,0.00011194728920328669
7.105,0.00011132409995364158
7.11,0.00011070443423626507
7.115,0.00011008827176454984
7.12,0.000109475592371169
7.125,0.00010886637600736649
7.13,0.00010826060274222592
7.135,0.00010765825276198246
7.140000000000001,0.00010705930636929544
7.1450000000000005,0.000106463743982567
7.15,0.00010587154613523304
7.155,0.00010528269347507532
7.16,0.00010469716676353234
7.165,0.00010411494687501848
7.17,0.00010353601479623721
7.175,0.00010296035162551793
7.18,0.00010238793857213349
7.1850000000000005,0.00010181875695563547
7.19,0.0001012527882051936
7.195,0.00010069001385894315
7.2,0.00010013041556331574
7.205,9.95739750723954e-05
7.21,9.902067424728016e-05
7.215,9.847049505542276e-05
7.22,9.792341957001738e-05
7.2250000000000005,9.737942996933064e-05
7.23,9.68385085360926e-05
7.235,9.630063765688055e-05
7.24,9.576579982146587e-05
7.245,9.523397762221006e-05
7.25,9.47051537534645e-05
7.255,9.417931101092668e-05
7.26,9.365643229105885e-05
7.265000000000001,9.313650059047701e-05
7.2700000000000005,9.26194990053398e-05
7.275,9.21054107307665e-05
7.28,9.159421906023484e-05
7.285,9.108590738499462e-05
7.29,9.058045919348044e-05
7.295,9.007785807073586e-05
7.3,8.957808769782268e-05
7.305,8.9081131851259e-05
7.3100000000000005,8.858697440243638e-05
7.315,8.809559931706283e-05
7.32,8.760699065458925e-05
7.325,8.712113256765207e-05
7.33,8.663800930151448e-05
7.335,8.615760519351708e-05
7.34,8.567990467252349e-05
7.345,8.520489225836505e-05
7.3500000000000005,8.473255256131451e-05
7.355,8.426287028153083e-05
7.36,8.379583020852903e-05
7.365,8.333141722063791e-05
7.37,8.286961628448153e-05
7.375,8.241041245444198e-05
7.38,8.195379087214198e-05
7.385,8.149973676591893e-05
7.390000000000001,8.104823545030369e-05
7.3950000000000005,8.059927232551451e-05
7.4,8.015283287694648e-05
7.405,7.970890267465302e-05
7.41,7.926746737284443e-05
7.415,7.882851270938832e-05
7.42,7.839202450531504e-05
7.425,7.795798866430883e-05
7.43,7.752639117222108e-05
7.4350000000000005,7.7097218096595e-05
7.44,7.66704555861472e-05
7.445,7.624608987030995e-05
7.45,7.58241072587431e-05
7.455,7.540449414085313e-05
7.46,7.498723698531582e-05
7.465,7.457232233961151e-05
7.47,7.41597368295505e-05
7.4750000000000005,7.37494671588108e-05
7.48,7.334150010846008e-05
7.485,7.293582253651834e-05
7.49,7.253242137748754e-05
7.495,7.213128364188788e-05
7.5,7.173239641581799e-05
7.505,7.133574686050544e-05
7.51,7.094132221185081e-05
7.515000000000001,7.054910977998892e-05
7.5200000000000005,7.01590969488485e-05
7.525,6.977127117570999e-05
7.53,6.938561999077206e-05
7.535,6.900213099671623e-05
7.54,6.86207918682775e-05
7.545,6.824159035181665e-05
7.55,6.786451426489111e-05
7.555,6.748955149583684e-05
7.5600000000000005,6.711669000334451e-05
7.565,6.674591781604261e-05
7.57,6.637722303208318e-05
7.575,6.601059381872654e-05
7.58,6.564601841193383e-05
7.585,6.52834851159577e-05
7.59,6.492298230293704e-05
7.595,6.456449841249476e-05
7.6000000000000005,6.420802195133755e-05
7.605,6.385354149285572e-05
7.61,6.350104567673164e-05
7.615,6.315052320854332e-05
7.62,6.280196285937526e-05
7.625,6.245535346542948e-05
7.63,6.211068392764031e-05
7.635,6.176794321128926e-05
7.640000000000001,6.142712034562579e-05
7.6450000000000005,6.108820442348657e-05
7.65,6.075118460091953e-05
7.655,6.041605009680952e-05
7.66,6.0082790192506234e-05
7.665,5.9751394231454384e-05
7.67,5.942185161882512e-05
7.675,5.909415182115169e-05
7.68,5.876828436596651e-05
7.6850000000000005,5.844423884143928e-05
7.69,5.812200489601861e-05
7.695,5.7801572238075485e-05
7.7,5.748293063554901e-05
7.705,5.716606991559377e-05
7.71,5.685097996422955e-05
7.715,5.653765072599373e-05
7.72,5.622607220359555e-05
7.7250000000000005,5.591623445757165e-05
7.73,5.560812760594445e-05
7.735,5.530174182388253e-05
7.74,5.499706734336388e-05
7.745,5.469409445283919e-05
7.75,5.4392813496897724e-05
7.755,5.409321487593842e-05
7.76,5.379528904583756e-05
7.765000000000001,5.349902651762302e-05
7.7700000000000005,5.3204417857147816e-05
7.775,5.2911453684767335e-05
7.78,5.26201246750163e-05
7.785,5.233042155629076e-05
7.79,5.2042335110529076e-05
7.795,5.1755856172897825e-05
7.8,5.14709756314752e-05
7.805000000000001,5.11876844269416e-05
7.8100000000000005,5.090597355226806e-05
7.815,5.0625834052408116e-05
7.82,5.034725702399214e-05
7.825,5.007023361502215e-05
7.83,4.9794755024569075e-05
7.835,4.9520812502471974e-05
7.84,4.9248397349039556e-05
7.845,4.8977500914752184e-05
7.8500000000000005,4.870811459996679e-05
7.855,4.84402298546231e-05
7.86,4.8173838177951146e-05
7.865,4.790893111818269e-05
7.87,4.7645500272261e-05
7.875,4.7383537285555704e-05
7.88,4.712303385157536e-05
7.885,4.6863981711688716e-05
7.890000000000001,4.6606372654838446e-05
7.8950000000000005,4.635019851726458e-05
7.9,4.609545118222427e-05
7.905,4.584212257971666e-05
7.91,4.559020468620787e-05
7.915,4.533968952435795e-05
7.92,4.509056916274848e-05
7.925,4.484283571561382e-05
7.930000000000001,4.459648134257156e-05
7.9350000000000005,4.435149824835796e-05
7.94,4.410787868256116e-05
7.945,4.3865614939358285e-05
7.95,4.3624699357253845e-05
7.955,4.338512431881895e-05
7.96,4.314688225043334e-05
7.965,4.290996562202749e-05
7.97,4.2674366946827374e-05
7.9750000000000005,4.244007878110056e-05
7.98,4.2207093723903744e-05
7.985,4.19754044168306e-05
7.99,4.174500354376408e-05
7.995,4.1515883830626895e-05
8.0,4.1288038045135505e-05
8.005,4.106145899655557e-05
8.01,4.083613953545729e-05
8.015,4.061207255347457e-05
8.02,4.0389250983063355e-05
8.025,4.0167667797262804e-05
8.03,3.994731600945729e-05
8.035,3.9728188673140076e-05
8.040000000000001,3.951027888167952e-05
8.045,3.929357976808335e-05
8.05,3.9078084504768215e-05
8.055,3.886378630332845e-05
8.06,3.865067841430658e-05
8.065,3.843875412696514e-05
8.07,3.822800676906116e-05
8.075,3.8018429706619666e-05
8.08,3.781001634370998e-05
8.085,3.7602760122223814e-05
8.09,3.7396654521653224e-05
8.095,3.719169305887107e-05
8.1,3.698786928791274e-05
8.105,3.678517679975835e-05
8.11,3.658360922211697e-05
8.115,3.6383160219211495e-05
8.120000000000001,3.618382349156596e-05
8.125,3.59855927757932e-05
8.13,3.578846184438325e-05
8.135,3.559242450549485e-05
8.14,3.539747460274601e-05
8.145,3.520360601500808e-05
8.15,3.501081265619842e-05
8.155,3.4819088475077125e-05
8.16,3.4628427455042446e-05
8.165000000000001,3.443882361393012e-05
8.17,3.425027100381031e-05
8.175,3.406276371078964e-05
8.18,3.3876295854811426e-05
8.185,3.369086158945859e-05
8.19,3.3506455101757746e-05
8.195,3.332307061198381e-05
8.2,3.314070237346585e-05
8.205,3.295934467239482e-05
8.21,3.27789918276319e-05
8.215,3.259963819051736e-05
8.22,3.242127814468238e-05
8.225,3.2243906105859584e-05
8.23,3.2067516521696863e-05
8.235,3.189210387157118e-05
8.24,3.1717662666403665e-05
8.245000000000001,3.15441874484757e-05
8.25,3.137167279124648e-05
8.255,3.120011329917167e-05
8.26,3.102950360752174e-05
8.265,3.085983838220478e-05
8.27,3.0691112319585485e-05
8.275,3.05233201463101e-05
8.28,3.0356456619128588e-05
8.285,3.019051652472067e-05
8.290000000000001,3.002549467952077e-05
8.295,2.9861385929545663e-05
8.3,2.969818515022131e-05
8.305,2.9535887246213193e-05
8.31,2.937448715125522e-05
8.315,2.9213979827981233e-05
8.32,2.9054360267756555e-05
8.325,2.889562349051164e-05
8.33,2.8737764544575157e-05
8.335,2.8580778506509926e-05
8.34,2.8424660480947777e-05
8.345,2.826940560042755e-05
8.35,2.8115009025232155e-05
8.355,2.7961465943227786e-05
8.36,2.780877156970356e-05
8.365,2.7656921147212714e-05
8.370000000000001,2.750590994541332e-05
8.375,2.7355733260911935e-05
8.38,2.7206386417106666e-05
8.385,2.705786476403181e-05
8.39,2.6910163678203293e-05
8.395,2.6763278562464705e-05
8.4,2.6617204845834962e-05
8.405,2.6471937983356023e-05
8.41,2.6327473455942536e-05
8.415000000000001,2.618380677023138e-05
8.42,2.604093345843206e-05
8.425,2.589884907817978e-05
8.43,2.575754921238612e-05
8.435,2.561702946909453e-05
8.44,2.547728548133292e-05
8.445,2.533831290697041e-05
8.45,2.5200107428572026e-05
8.455,2.5062664753256237e-05
8.46,2.492598061255281e-05
8.465,2.4790050762261627e-05
8.47,2.465487098231081e-05
8.475,2.4520437076618922e-05
8.48,2.4386744872954407e-05
8.485,2.425379022279856e-05
8.49,2.4121569001207643e-05
8.495000000000001,2.3990077106676993e-05
8.5,2.3859310461004313e-05
8.505,2.372926500915633e-05
8.51,2.359993671913364e-05
8.515,2.34713215818376e-05
8.52,2.3343415610938273e-05
8.525,2.3216214842742364e-05
8.53,2.3089715336062403e-05
8.535,2.2963913172086647e-05
8.540000000000001,2.2838804454249566e-05
8.545,2.271438530810378e-05
8.55,2.2590651881191455e-05
8.555,2.246760034291739e-05
8.56,2.2345226884423206e-05
8.565,2.222352771846116e-05
8.57,2.2102499079269566e-05
8.575000000000001,2.198213722244834e-05
8.58,2.1862438424836463e-05
8.585,2.1743398984388095e-05
8.59,2.1625015220051995e-05
8.595,2.150728347164888e-05
8.6,2.1390200099752113e-05
8.605,2.1273761485566997e-05
8.61,2.1157964030812705e-05
8.615,2.1042804157602656e-05
8.620000000000001,2.092827830832807e-05
8.625,2.0814382945540036e-05
8.63,2.0701114551833412e-05
8.635,2.058846962973198e-05
8.64,2.0476444701572236e-05
8.645,2.0365036309390037e-05
8.65,2.0254241014806528e-05
8.655,2.0144055398915973e-05
8.66,2.003447606217224e-05
8.665000000000001,1.992549962427824e-05
8.67,1.9817122724074755e-05
8.675,1.970934201943007e-05
8.68,1.9602154187130067e-05
8.685,1.94955559227697e-05
8.69,1.9389543940644527e-05
8.695,1.92841149736424e-05
8.700000000000001,1.9179265773137422e-05
8.705,1.907499310888279e-05
8.71,1.8971293768904966e-05
8.715,1.8868164559398724e-05
8.72,1.876560230462242e-05
8.725,1.8663603846794142e-05
8.73,1.856216604598838e-05
8.735,1.8461285780032988e-05
8.74,1.836095994440699e-05
8.745000000000001,1.8261185452139485e-05
8.75,1.8161959233708656e-05
8.755,1.8063278236940814e-05
8.76,1.7965139426911218e-05
8.765,1.786753978584445e-05
8.77,1.7770476313016197e-05
8.775,1.7673946024655214e-05
8.78,1.757794595384524e-05
8.785,1.7482473150428928e-05
8.790000000000001,1.7387524680911163e-05
8.795,1.7293097628363183e-05
8.8,1.7199189092327573e-05
8.805,1.710579618872381e-05
8.81,1.701291604975368e-05
8.815,1.6920545823808112e-05
8.82,1.6828682675374173e-05
8.825000000000001,1.6737323784942748e-05
8.83,1.664646634891625e-05
8.835,1.6556107579517704e-05
8.84,1.646624470469946e-05
8.845,1.6376874968053743e-05
8.85,1.6287995628721596e-05
8.855,1.619960396130496e-05
8.86,1.611169725577734e-05
8.865,1.6024272817395334e-05
8.870000000000001,1.5937327966611412e-05
8.875,1.5850860038986926e-05
8.88,1.5764866385104816e-05
8.885,1.5679344370484054e-05
8.89,1.5594291375493717e-05
8.895,1.5509704795267656e-05
8.9,1.5425582039620316e-05
8.905,1.5341920532962483e-05
8.91,1.5258717714217127e-05
8.915000000000001,1.5175971036736951e-05
8.92,1.5093677968221273e-05
8.925,1.5011835990633644e-05
8.93,1.4930442600120929e-05
8.935,1.4849495306931244e-05
8.94,1.4768991635333651e-05
8.945,1.4688929123537404e-05
8.950000000000001,1.4609305323612747e-05
8.955,1.453011780141107e-05
8.96,1.4451364136486154e-05
8.965,1.4373041922015915e-05
8.97,1.4295148764724172e-05
8.975,1.421768228480314e-05
8.98,1.4140640115836637e-05
8.985,1.4064019904722972e-05
8.99,1.398781931159936e-05
8.995000000000001,1.3912036009765597e-05
9.0,1.383666768560947e-05
9.005,1.376171203853106e-05
9.01,1.3687166780869095e-05
9.015,1.3613029637826493e-05
9.02,1.353929834739705e-05
9.025,1.3465970660292046e-05
9.03,1.33930443398681e-05
9.035,1.332051716205424e-05
9.040000000000001,1.3248386915280333e-05
9.045,1.317665140040609e-05
9.05,1.3105308430649031e-05
9.055,1.3034355831515013e-05
9.06,1.296379144072725e-05
9.065,1.2893613108156689e-05
9.07,1.2823818695753168e-05
9.075000000000001,1.2754406077475499e-05
9.08,1.2685373139224027e-05
9.085,1.2616717778771155e-05
9.09,1.2548437905694759e-05
9.095,1.248053144131011e-05
9.1,1.241299631860311e-05
9.105,1.2345830482163764e-05
9.11,1.2279031888119748e-05
9.115,1.221259850407092e-05
9.120000000000001,1.2146528309023257e-05
9.125,1.2080819293324494e-05
9.13,1.2015469458599258e-05
9.135,1.1950476817684346e-05
9.14,1.1885839394565147e-05
9.145,1.182155522431218e-05
9.15,1.175762235301757e-05
9.155,1.1694038837732426e-05
9.16,1.1630802746404404e-05
9.165000000000001,1.1567912157815438e-05
9.17,1.1505365161520078e-05
9.175,1.1443159857784191e-05
9.18,1.1381294357523914e-05
9.185,1.131976678224473e-05
9.19,1.125857526398164e-05
9.195,1.1197717945238763e-05
9.200000000000001,1.1137192978929696e-05
9.205,1.107699852831882e-05
9.21,1.101713276696143e-05
9.215,1.0957593878646188e-05
9.22,1.0898380057335927e-05
9.225,1.0839489507110438e-05
9.23,1.0780920442108383e-05
9.235,1.0722671086470502e-05
9.24,1.0664739674282385e-05
9.245000000000001,1.0607124449518038e-05
9.25,1.0549823665983351e-05
9.255,1.0492835587260866e-05
9.26,1.0436158486653134e-05
9.265,1.0379790647128418e-05
9.27,1.0323730361265316e-05
9.275,1.0267975931197831e-05
9.28,1.0212525668561536e-05
9.285,1.0157377894439388e-05
9.290000000000001,1.010253093930787e-05
9.295,1.0047983142983828e-05
9.3,9.993732854571283e-06
9.305,9.939778432408557e-06
9.31,9.88611824401606e-06
9.315,9.832750666043907e-06
9.32,9.779674084220213e-06
9.325000000000001,9.726886893299286e-06
9.33,9.674387497010649e-06
9.335,9.62217430800791e-06
9.34,9.570245747818162e-06
9.345,9.518600246791627e-06
9.35,9.46723624405119e-06
9.355,9.416152187443382e-06
9.36,9.365346533488116e-06
9.365,9.314817747329703e-06
9.370000000000001,9.26456430268825e-06
9.375,9.214584681810307e-06
9.38,9.164877375421231e-06
9.385,9.115440882676617e-06
9.39,9.06627371111452e-06
9.395,9.017374376608223e-06
9.4,8.968741403318544e-06
9.405,8.920373323647064e-06
9.41,8.872268678189454e-06
9.415000000000001,8.82442601568892e-06
9.42,8.77684389298995e-06
9.425,8.729520874992646e-06
9.43,8.682455534606707e-06
9.435,8.635646452706416e-06
9.44,8.589092218085258e-06
9.445,8.542791427410907e-06
9.450000000000001,8.496742685181161e-06
9.455,8.450944603679e-06
9.46,8.405395802929004e-06
9.465,8.360094910652814e-06
9.47,8.315040562226288e-06
9.475,8.270231400635822e-06
9.48,8.225666076435025e-06
9.485,8.181343247702412e-06
9.49,8.137261579998478e-06
9.495000000000001,8.093419746323111e-06
9.5,8.049816427074116e-06
9.505,8.006450310004804e-06
9.51,7.9633200901825e-06
9.515,7.920424469947442e-06
9.52,7.877762158871221e-06
9.525,7.835331873716087e-06
9.53,7.793132338394336e-06
9.535,7.75116228392769e-06
9.540000000000001,7.709420448407295e-06
9.545,7.667905576953646e-06
9.55,7.626616421676542e-06
9.555,7.58555174163639e-06
9.56,7.5447103028038845e-06
9.565,7.504090878021718e-06
9.57,7.463692246965456e-06
9.575000000000001,7.423513196104786e-06
9.58,7.383552518665417e-06
9.585,7.343809014590782e-06
9.59,7.304281490504032e-06
9.595,7.264968759670254e-06
9.6,7.225869641959068e-06
9.605,7.18698296380741e-06
9.61,7.148307558182206e-06
9.615,7.109842264543741e-06
9.620000000000001,7.0715859288086505e-06
9.625,7.033537403313882e-06
9.63,6.995695546780248e-06
9.635,6.9580592242762655e-06
9.64,6.92062730718264e-06
9.645,6.883398673156224e-06
9.65,6.84637220609522e-06
9.655,6.809546796103142e-06
9.66,6.7729213394545335e-06
9.665000000000001,6.736494738559862e-06
9.67,6.7002659019307155e-06
9.675,6.6642337441458295e-06
9.68,6.628397185816408e-06
9.685,6.5927551535524544e-06
9.69,6.557306579928761e-06
9.695,6.522050403451388e-06
9.700000000000001,6.4869855685241e-06
9.705,6.452111025415198e-06
9.71,6.417425730224441e-06
9.715,6.3829286448502056e-06
9.72,6.348618736956764e-06
9.725,6.31449497994202e-06
9.73,6.280556352904684e-06
9.735,6.2468018406126e-06
9.74,6.213230433470704e-06
9.745000000000001,6.179841127489292e-06
9.75,6.14663292425242e-06
9.755,6.11360483088629e-06
9.76,6.080755860028536e-06
9.765,6.048085029796786e-06
9.77,6.015591363757779e-06
9.775,5.9832738908970866e-06
9.78,5.951131645588196e-06
9.785,5.919163667562392e-06
9.790000000000001,5.887369001878568e-06
9.795,5.855746698893234e-06
9.8,5.824295814230752e-06
9.805,5.793015408753558e-06
9.81,5.761904548532685e-06
9.815,5.730962304818917e-06
9.82,5.700187754013038e-06
9.825000000000001,5.669579977637199e-06
9.83,5.6391380623059146e-06
9.835,5.6088610996977e-06
9.84,5.57874818652656e-06
9.845,5.548798424513228e-06
9.85,5.519010920357698e-06
9.855,5.4893847857107e-06
9.86,5.459919137146147e-06
9.865,5.430613096133441e-06
9.870000000000001,5.401465789009761e-06
9.875,5.372476346953044e-06
9.88,5.343643905954431e-06
9.885,5.3149676067915425e-06
9.89,5.286446595001296e-06
9.895,5.258080020853529e-06
9.9,5.229867039323879e-06
9.905,5.201806810068164e-06
9.91,5.173898497395051e-06
9.915000000000001,5.146141270240971e-06
9.92,5.118534302143417e-06
9.925,5.0910767712154885e-06
9.93,5.063767860119939e-06
9.935,5.0366067560438235e-06
9.94,5.009592650673257e-06
9.945,4.9827247401676855e-06
9.950000000000001,4.956002225135129e-06
9.955,4.9294243106073015e-06
9.96,4.902990206014511e-06
9.965,4.876699125161314e-06
9.97,4.850550286201394e-06
9.975,4.824542911614023e-06
9.98,4.7986762281789764e-06
9.985,4.772949466953016e-06
9.99,4.747361863245491e-06
9.995000000000001,4.721912656594858e-06
10.0,4.69660109074462e-06
10.005,4.671426413619901e-06
10.01,4.646387877304193e-06
10.015,4.62148473801579e-06
10.02,4.596716256084586e-06
10.025,4.5720816959293815e-06
10.03,4.547580326034548e-06
10.035,4.523211418927482e-06
10.040000000000001,4.4989742511560365e-06
10.045,4.474868103265688e-06
10.05,4.4508922597774306e-06
10.055,4.427046009165441e-06
10.06,4.4033286438348895e-06
10.065,4.379739460099837e-06
10.07,4.356277758161578e-06
10.075000000000001,4.332942842086718e-06
10.08,4.309734019785575e-06
10.085,4.286650602990694e-06
10.09,4.263691907235321e-06
10.095,4.240857251832267e-06
10.1,4.218145959852766e-06
10.105,4.1955573581052496e-06
10.11,4.173090777114776e-06
10.115,4.150745551101868e-06
10.120000000000001,4.1285210179620565e-06
10.125,4.106416519245322e-06
10.13,4.084431400135478e-06
10.135,4.062565009430192e-06
10.14,4.04081669952027e-06
10.145,4.019185826370097e-06
10.15,3.9976717494972776e-06
10.155,3.9762738319528375e-06
10.16,3.954991440301748e-06
10.165000000000001,3.933823944602787e-06
10.17,3.912770718389518e-06
10.175,3.891831138650508e-06
10.18,3.871004585810251e-06
10.185,3.850290443709692e-06
10.19,3.8296880995875275e-06
10.195,3.8091969440608227e-06
10.200000000000001,3.788816371106395e-06
10.205,3.768545778041867e-06
10.21,3.748384565507411e-06
10.215,3.7283321374465545e-06
10.22,3.7083879010881e-06
10.225,3.6885512669279443e-06
10.23,3.6688216487104697e-06
10.235,3.6491984634106634e-06
10.24,3.6296811312158443e-06
10.245000000000001,3.6102690755080297e-06
10.25,3.5909617228458453e-06
10.255,3.5717585029469497e-06
10.26,3.552658848670364e-06
10.265,3.5336621959988966e-06
10.27,3.5147679840217113e-06
10.275,3.495975654917033e-06
10.28,3.4772846539351297e-06
10.285,3.4586944293804724e-06
10.290000000000001,3.44020443259565e-06
10.295,3.421814117943747e-06
10.3,3.4035229427916697e-06
10.305,3.3853303674934705e-06
10.31,3.367235855373675e-06
10.315,3.349238872710704e-06
10.32,3.331338888720309e-06
10.325000000000001,3.31353537553927e-06
10.33,3.295827808209343e-06
10.335,3.278215664660518e-06
10.34,3.2606984256954294e-06
10.345,3.243275574973251e-06
10.35,3.225946598993486e-06
10.355,3.2087109870803695e-06
10.36,3.1915682313674583e-06
10.365,3.174517826781082e-06
10.370000000000001,3.157559271025715e-06
10.375,3.140692064568063e-06
10.38,3.123915710621633e-06
10.385,3.1072297151315395e-06
10.39,3.0906335867594618e-06
10.395,3.0741268368680934e-06
10.4,3.0577089795065287e-06
10.405,3.0413795313950174e-06
10.41,3.025138011910381e-06
10.415000000000001,3.00898394307096e-06
10.42,2.992916849521877e-06
10.425,2.9769362585206435e-06
10.43,2.961041699922577e-06
10.435,2.9452327061663188e-06
10.44,2.929508812259233e-06
10.445,2.9138695557635066e-06
10.450000000000001,2.8983144767816e-06
10.455,2.882843117942369e-06
10.46,2.867455024386765e-06
10.465,2.8521497437541684e-06
10.47,2.8369268261681682e-06
10.475,2.8217858242229917e-06
10.48,2.8067262929696285e-06
10.485,2.791747789902235e-06
10.49,2.776849874944532e-06
10.495000000000001,2.7620321104362577e-06
10.5,2.7472940611198826e-06
10.505,2.732635294127092e-06
10.51,2.718055378965441e-06
10.515,2.7035538875055384e-06
10.52,2.6891303939673195e-06
10.525,2.6747844749075484e-06
10.53,2.660515709206713e-06
10.535,2.6463236780557107e-06
10.540000000000001,2.6322079649435033e-06
10.545,2.618168155644128e-06
10.55,2.604203838203917e-06
10.555,2.590314602929252e-06
10.56,2.5765000423735303e-06
10.565,2.5627597513250816e-06
10.57,2.549093326794371e-06
10.575000000000001,2.5355003680021656e-06
10.58,2.52198047636676e-06
10.585,2.508533255492092e-06
10.59,2.495158311155467e-06
10.595,2.481855251295697e-06
10.6,2.468623686000705e-06
10.605,2.4554632274960053e-06
10.61,2.4423734901327223e-06
10.615,2.42935409037554e-06
10.620000000000001,2.416404646791479e-06
10.625,2.4035247800376735e-06
10.63,2.3907141128502476e-06
10.635,2.3779722700325387e-06
10.64,2.3652988784435623e-06
10.645,2.352693566986823e-06
10.65,2.3401559665989423e-06
10.655,2.3276857102381613e-06
10.66,2.3152824328733586e-06
10.665000000000001,2.30294577147302e-06
10.67,2.2906753649935908e-06
10.675,2.27847085436915e-06
10.68,2.2663318825000764e-06
10.685,2.254258094242043e-06
10.69,2.24224913639554e-06
10.695,2.2303046576947516e-06
10.700000000000001,2.2184243087970617e-06
10.705,2.206607742272328e-06
10.71,2.194854612592357e-06
10.715,2.18316457612008e-06
10.72,2.171537291099444e-06
10.725,2.159972417644894e-06
10.73,2.148469617730809e-06
10.735,2.1370285551814344e-06
10.74,2.1256488956605485e-06
10.745000000000001,2.1143303066612967e-06
10.75,2.1030724574959397e-06
10.755,2.0918750192861188e-06
10.76,2.080737664952249e-06
10.765,2.0696600692043126e-06
10.77,2.0586419085313036e-06
10.775,2.0476828611917025e-06
10.78,2.036782607203734e-06
10.785,2.0259408283353156e-06
10.790000000000001,2.0151572080947283e-06
10.795,2.0044314317207683e-06
10.8,1.9937631861732144e-06
10.805,1.9831521601234915e-06
10.81,1.9725980439447155e-06
10.815,1.9621005297029644e-06
10.82,1.9516593111473238e-06
10.825000000000001,1.941274083700961e-06
10.83,1.9309445444515137e-06
10.835,1.92067039214226e-06
10.84,1.910451327162846e-06
10.845,1.900287051539874e-06
10.85,1.890177268928339e-06
10.855,1.8801216846022822e-06
10.86,1.8701200054459727e-06
10.865,1.8601719399450486e-06
10.870000000000001,1.8502771981775237e-06
10.875,1.8404354918051212e-06
10.88,1.8306465340643958e-06
10.885,1.8209100397582568e-06
10.89,1.811225725246997e-06
10.895,1.8015933084399588e-06
10.9,1.792012508786801e-06
10.905,1.7824830472691063e-06
10.91,1.773004646391854e-06
10.915000000000001,1.7635770301751004e-06
10.92,1.7541999241454608e-06
10.925,1.7448730553278125e-06
10.93,1.735596152237206e-06
10.935,1.7263689448703743e-06
10.94,1.7171911646978742e-06
10.945,1.7080625446555087e-06
10.950000000000001,1.6989828191366275e-06
10.955,1.6899517239839766e-06
10.96,1.6809689964816548e-06
10.965,1.6720343753469882e-06
10.97,1.6631476007231098e-06
10.975,1.6543084141704796e-06
10.98,1.6455165586595866e-06
10.985,1.636771778562873e-06
10.99,1.6280738196469997e-06
10.995000000000001,1.619422429065315e-06
11.0,1.6108173553500705e-06
11.005,1.602258348404982e-06
11.01,1.5937451594974564e-06
11.015,1.5852775412510748e-06
11.02,1.5768552476383842e-06
11.025,1.5684780339731544e-06
11.03,1.5601456569031655e-06
11.035,1.5518578744027176e-06
11.040000000000001,1.54361444576548e-06
11.045,1.5354151315970347e-06
11.05,1.5272596938078305e-06
11.055,1.5191478956058555e-06
11.06,1.5110795014895733e-06
11.065,1.5030542772406566e-06
11.07,1.4950719899171618e-06
11.075000000000001,1.4871324078463086e-06
11.08,1.4792353006174515e-06
11.085,1.4713804390753744e-06
11.09,1.463567595313082e-06
11.095,1.4557965426651039e-06
11.1,1.4480670557006902e-06
11.105,1.440378910216773e-06
11.11,1.4327318832314897e-06
11.115,1.4251257529771992e-06
11.120000000000001,1.4175602988940197e-06
11.125,1.410035301623071e-06
11.13,1.4025505429998346e-06
11.135,1.3951058060477056e-06
11.14,1.3877008749712843e-06
11.145,1.3803355351499403e-06
11.15,1.3730095731314404e-06
11.155,1.365722776625285e-06
11.16,1.358474934496678e-06
11.165000000000001,1.3512658367597782e-06
11.17,1.3440952745716456e-06
11.175,1.3369630402259058e-06
11.18,1.3298689271462049e-06
11.185,1.3228127298805665e-06
11.19,1.3157942440946871e-06
11.195,1.3088132665660091e-06
11.200000000000001,1.3018695951775888e-06
11.205,1.2949630289119223e-06
11.21,1.2880933678452124e-06
11.215,1.281260413140846e-06
11.22,1.2744639670438226e-06
11.225,1.2677038328746438e-06
11.23,1.2609798150235173e-06
11.235,1.2542917189442222e-06
11.24,1.2476393511485743e-06
11.245000000000001,1.241022519200399e-06
11.25,1.2344410317098105e-06
11.255,1.227894698327552e-06
11.26,1.2213833297390238e-06
11.265,1.2149067376588891e-06
11.27,1.2084647348252872e-06
11.275,1.2020571349941361e-06
11.28,1.1956837529336609e-06
11.285,1.1893444044188653e-06
11.290000000000001,1.1830389062258008e-06
11.295,1.1767670761262605e-06
11.3,1.1705287328822277e-06
11.305,1.1643236962404595e-06
11.31,1.158151786927023e-06
11.315,1.152012826642024e-06
11.32,1.145906638054181e-06
11.325000000000001,1.1398330447954813e-06
11.33,1.1337918714560249e-06
11.335,1.1277829435785511e-06
11.34,1.1218060876534192e-06
11.345,1.1158611311133312e-06
11.35,1.1099479023280206e-06
11.355,1.1040662305993955e-06
11.36,1.0982159461561333e-06
11.365,1.092396880148833e-06
11.370000000000001,1.086608864644768e-06
11.375,1.0808517326229228e-06
11.38,1.0751253179690609e-06
11.385,1.0694294554706658e-06
11.39,1.0637639808119887e-06
11.395,1.0581287305692116e-06
11.4,1.0525235422054647e-06
11.405,1.0469482540660142e-06
11.41,1.0414027053733732e-06
11.415000000000001,1.0358867362226075e-06
11.42,1.0304001875763636e-06
11.425,1.0249429012603282e-06
11.43,1.0195147199582582e-06
11.435,1.0141154872075209e-06
11.44,1.0087450473942085e-06
11.445,1.003403245748637e-06
11.450000000000001,9.980899283406056e-07
11.455,9.928049420748777e-07
11.46,9.875481346865166e-07
11.465,9.823193547364731e-07
11.47,9.771184516068869e-07
11.475,9.719452754967401e-07
11.48,9.667996774172715e-07
11.485,9.616815091875756e-07
11.49,9.56590623430215e-07
11.495000000000001,9.51526873566714e-07
11.5,9.464901138132597e-07
11.505,9.414801991763891e-07
11.51,9.364969854484864e-07
11.515,9.315403292037171e-07
11.52,9.266100877935376e-07
11.525,9.217061193425451e-07
11.53,9.168282827442799e-07
11.535,9.119764376568751e-07
11.540000000000001,9.071504444990092e-07
11.545,9.023501644456774e-07
11.55,8.975754594240348e-07
11.555,8.928261921093317e-07
11.56,8.881022259207925e-07
11.565,8.834034250175238e-07
11.57,8.787296542945009e-07
11.575000000000001,8.740807793785351e-07
11.58,8.69456666624222e-07
11.585,8.648571831100188e-07
11.59,8.602821966342626e-07
11.595,8.557315757112204e-07
11.6,8.512051895671786e-07
11.605,8.467029081365149e-07
11.61,8.422246020579576e-07
11.615,8.377701426705773e-07
11.620000000000001,8.333394020099587e-07
11.625,8.289322528045479e-07
11.63,8.245485684716788e-07
11.635,8.201882231139319e-07
11.64,8.158510915153646e-07
11.645,8.115370491377052e-07
11.65,8.072459721167502e-07
11.655,8.029777372586174e-07
11.66,7.987322220361788e-07
11.665000000000001,7.945093045851359e-07
11.67,7.903088637008563e-07
11.675,7.861307788343162e-07
11.68,7.819749300887938e-07
11.685,7.77841198216242e-07
11.69,7.737294646136259e-07
11.695,7.696396113195896e-07
11.700000000000001,7.655715210108552e-07
11.705,7.615250769986815e-07
11.71,7.57500163225473e-07
11.715,7.534966642613648e-07
11.72,7.495144653006593e-07
11.725,7.455534521585447e-07
11.73,7.416135112676713e-07
11.735,7.376945296747268e-07
11.74,7.337963950371706e-07
11.745000000000001,7.299189956197716e-07
11.75,7.26062220291495e-07
11.755,7.22225958521964e-07
11.76,7.184101003783181e-07
11.765,7.146145365219874e-07
11.77,7.108391582053459e-07
11.775,7.070838572685266e-07
11.78,7.033485261361895e-07
11.785,6.99633057814425e-07
11.790000000000001,6.959373458874864e-07
11.795,6.92261284514611e-07
11.8,6.886047684270439e-07
11.805,6.849676929246773e-07
11.81,6.813499538731694e-07
11.815,6.777514477006588e-07
11.82,6.741720713949726e-07
11.825000000000001,6.706117225002422e-07
11.83,6.670702991140858e-07
11.835,6.635476998845475e-07
11.84,6.600438240070733e-07
11.845,6.565585712214529e-07
11.85,6.530918418091231e-07
11.855,6.49643536589836e-07
11.86,6.462135569188968e-07
11.865,6.428018046844106e-07
11.870000000000001,6.3940818230412e-07
11.875,6.360325927226276e-07
11.88,6.326749394085228e-07
11.885,6.293351263515272e-07
11.89,6.260130580596159e-07
11.895,6.227086395562576e-07
11.9,6.194217763775466e-07
11.905,6.161523745694625e-07
11.91,6.129003406849908e-07
11.915000000000001,6.096655817815001e-07
11.92,6.064480054179277e-07
11.925,6.032475196519573e-07
11.93,6.000640330374441e-07
11.935,5.968974546216837e-07
11.94,5.937476939426325e-07
11.945,5.906146610263297e-07
11.950000000000001,5.874982663842015e-07
11.955,5.843984210104501e-07
11.96,5.813150363793025e-07
11.965,5.782480244426179e-07
11.97,5.751972976270556e-07
11.975,5.721627688316694e-07
11.98,5.69144351425167e-07
11.985,5.661419592435308e-07
11.99,5.631555065873585e-07
11.995000000000001,5.601849082193503e-07
12.0,5.572300793618082e-07
12.005,5.542909356941177e-07
12.01,5.51367393350352e-07
12.015,5.484593689165874e-07
12.02,5.455667794287131e-07
12.025,5.426895423697172e-07
12.030000000000001,5.398275756674879e-07
12.035,5.369807976922313e-07
12.040000000000001,5.341491272541144e-07
12.045,5.313324836009241e-07
12.05,5.285307864155818e-07
12.055,5.257439558138604e-07
12.06,5.229719123420053e-07
12.065,5.202145769744045e-07
12.07,5.174718711111895e-07
12.075000000000001,5.147437165760484e-07
12.08,5.120300356138025e-07
12.085,5.093307508881645e-07
12.09,5.066457854794884e-07
12.095,5.039750628824277e-07
12.1,5.013185070037936e-07
12.105,4.986760421602044e-07
12.11,4.960475930759067e-07
12.115,4.934330848805465e-07
12.120000000000001,4.908324431070438e-07
12.125,4.882455936892835e-07
12.13,4.856724629599079e-07
12.135,4.831129776483793e-07
12.14,4.805670648785692e-07
12.145,4.780346521667222e-07
12.15,4.7551566741934157e-07
12.155000000000001,4.7301003893106344e-07
12.16,4.705176953824737e-07
12.165000000000001,4.6803856583813924e-07
12.17,4.6557257974434385e-07
12.175,4.6311966692723907e-07
12.18,4.606797575905848e-07
12.185,4.582527823138002e-07
12.19,4.558386720498759e-07
12.195,4.534373581234327e-07
12.200000000000001,4.5104877222852954e-07
12.205,4.486728464268792e-07
12.21,4.4630951314562933e-07
12.215,4.439587051755945e-07
12.22,4.4162035566911407e-07
12.225,4.3929439813811203e-07
12.23,4.369807664522869e-07
12.235,4.3467939483697226e-07
12.24,4.323902178713435e-07
12.245000000000001,4.3011317048644423e-07
12.25,4.2784818796328065e-07
12.255,4.2559520593087997e-07
12.26,4.233541603645734e-07
12.265,4.211249875838731e-07
12.27,4.1890762425073313e-07
12.275,4.167020073677542e-07
12.280000000000001,4.1450807427618586e-07
12.285,4.123257626542143e-07
12.290000000000001,4.1015501051504084e-07
12.295,4.0799575620514673e-07
12.3,4.058479384024362e-07
12.305,4.037114961144676e-07
12.31,4.0158636867655575e-07
12.315,3.9947249575024605e-07
12.32,3.9736981732123406e-07
12.325000000000001,3.952782736978532e-07
12.33,3.9319780550918605e-07
12.335,3.911283537033601e-07
12.34,3.8906985954588314e-07
12.345,3.870222646177859e-07
12.35,3.849855108140963e-07
12.355,3.82959540341925e-07
12.36,3.8094429571893953e-07
12.365,3.7893971977163994e-07
12.370000000000001,3.7694575563361236e-07
12.375,3.749623467439518e-07
12.38,3.7298943684555347e-07
12.385,3.710269699835459e-07
12.39,3.690748905035473e-07
12.395,3.671331430500538e-07
12.4,3.6520167256490913e-07
12.405000000000001,3.632804242856376e-07
12.41,3.613693437437508e-07
12.415000000000001,3.594683767633606e-07
12.42,3.575774694594161e-07
12.425,3.5569656823615483e-07
12.43,3.538256197856409e-07
12.435,3.519645710861228e-07
12.44,3.5011336940045737e-07
12.445,3.482719622745987e-07
12.450000000000001,3.4644029753615316e-07
12.455,3.446183232926742e-07
12.46,3.428059879303111e-07
12.465,3.4100324011221725e-07
12.47,3.392100287770512e-07
12.475,3.3742630313754746e-07
12.48,3.3565201267895404e-07
12.485,3.3388710715757467e-07
12.49,3.3213153659932955e-07
12.495000000000001,3.3038525129832994e-07
12.5,3.2864820181530225e-07
12.505,3.2692033897628226e-07
12.51,3.252016138710983e-07
12.515,3.2349197785201415e-07
12.52,3.217913825320971e-07
12.525,3.2009977978422244e-07
12.530000000000001,3.1841712173919586e-07
12.535,3.167433607846783e-07
12.540000000000001,3.150784495637042e-07
12.545,3.1342234097323946e-07
12.55,3.117749881628637e-07
12.555,3.101363445334776e-07
12.56,3.0850636373576743e-07
12.565,3.06884999669011e-07
12.57,3.05272206479595e-07
12.575000000000001,3.0366793855992976e-07
12.58,3.020721505467261e-07
12.585,3.0048479732009374e-07
12.59,2.9890583400185844e-07
12.595,2.973352159545288e-07
12.6,2.9577289877984337e-07
12.605,2.942188383175772e-07
12.61,2.926729906441304e-07
12.615,2.911353120713294e-07
12.620000000000001,2.896057591452445e-07
12.625,2.880842886446389e-07
12.63,2.8657085758005323e-07
12.635,2.8506542319236824e-07
12.64,2.835679429514848e-07
12.645,2.8207837455530143e-07
12.65,2.8059667592835284e-07
12.655000000000001,2.7912280522053317e-07
12.66,2.776567208060154e-07
12.665000000000001,2.7619838128193296e-07
12.67,2.7474774546723674e-07
12.675,2.733047724014486e-07
12.68,2.7186942134351466e-07
12.685,2.704416517705731e-07
12.69,2.690214233768512e-07
12.695,2.676086960723851e-07
12.700000000000001,2.662034299819257e-07
12.705,2.6480558544382226e-07
12.71,2.6341512300871735e-07
12.715,2.620320034385739e-07
12.72,2.606561877053913e-07
12.725,2.5928763699023826e-07
12.73,2.5792631268190726e-07
12.735,2.565721763759456e-07
12.74,2.5522518987351586e-07
12.745000000000001,2.5388531518028266e-07
12.75,2.525525145052947e-07
12.755,2.512267502597826e-07
12.76,2.499079850563491e-07
12.765,2.4859618170759915e-07
12.77,2.472913032251591e-07
12.775,2.459933128186789e-07
12.780000000000001,2.447021738946166e-07
12.785,2.4341785005534336e-07
12.790000000000001,2.421403050979326e-07
12.795,2.4086950301318556e-07
12.8,2.3960540798463157e-07
12.805,2.3834798438734261e-07
12.81,2.3709719678703699e-07
12.815,2.3585300993903133e-07
12.82,2.3461538878713757e-07
12.825000000000001,2.3338429846274484e-07
12.83,2.321597042837472e-07
12.835,2.3094157175353042e-07
12.84,2.2972986656001776e-07
12.845,2.285245545746456e-07
12.85,2.2732560185137377e-07
12.855,2.2613297462571268e-07
12.86,2.2494663931371652e-07
12.865,2.237665625111228e-07
12.870000000000001,2.2259271099214557e-07
12.875,2.2142505170877116e-07
12.88,2.2026355178964528e-07
12.885,2.1910817853916746e-07
12.89,2.179588994365587e-07
12.895,2.1681568213486486e-07
12.9,2.156784944601414e-07
12.905000000000001,2.1454730441027196e-07
12.91,2.134220801543963e-07
12.915000000000001,2.1230279003166376e-07
12.92,2.1118940255050998e-07
12.925,2.1008188638764574e-07
12.93,2.089802103872397e-07
12.935,2.0788434355990716e-07
12.94,2.0679425508191348e-07
12.945,2.0570991429425338e-07
12.950000000000001,2.0463129070168153e-07
12.955,2.0355835397198392e-07
12.96,2.0249107393494026e-07
12.965,2.014294205815989e-07
12.97,2.003733640632518e-07
12.975,1.9932287469070837e-07
12.98,1.9827792293340604e-07
12.985,1.9723847941846964e-07
12.99,1.962045149299523e-07
12.995000000000001,1.9517600040800322e-07
13.0,1.9415290694793194e-07
13.005,1.931352057994486e-07
13.01,1.9212286836578975e-07
13.015,1.9111586620295637e-07
13.02,1.9011417101885889e-07
13.025,1.8911775467242917e-07
13.030000000000001,1.8812658917290708e-07
13.035,1.8714064667897847e-07
13.040000000000001,1.861598994980296e-07
13.045,1.8518432008523906e-07
13.05,1.8421388104289068e-07
13.055,1.8324855511952183e-07
13.06,1.8228831520914308e-07
13.065,1.8133313435047464e-07
13.07,1.8038298572615328e-07
13.075000000000001,1.7943784266199752e-07
13.08,1.784976786261185e-07
13.085,1.775624672283037e-07
13.09,1.7663218221920484e-07
13.095,1.7570679748947827e-07
13.1,1.7478628706923562e-07
13.105,1.7387062512705168e-07
13.11,1.7295978596942169e-07
13.115,1.7205374403993264e-07
13.120000000000001,1.7115247391853896e-07
13.125,1.7025595032076141e-07
13.13,1.6936414809712357e-07
13.135,1.6847704223224114e-07
13.14,1.675946078442359e-07
13.145,1.6671682018391328e-07
13.15,1.6584365463417992e-07
13.155000000000001,1.6497508670914472e-07
13.16,1.6411109205363608e-07
13.165000000000001,1.632516464423144e-07
13.17,1.6239672577907619e-07
13.175,1.615463060963307e-07
13.18,1.6070036355429732e-07
13.185,1.5985887444031266e-07
13.19,1.590218151682127e-07
13.195,1.5818916227754114e-07
13.200000000000001,1.5736089243301034e-07
13.205,1.5653698242369923e-07
13.21,1.5571740916246033e-07
13.215,1.5490214968524e-07
13.22,1.5409118115041126e-07
13.225,1.5328448083809098e-07
13.23,1.524820261495551e-07
13.235,1.5168379460652317e-07
13.24,1.508897638505694e-07
13.245000000000001,1.5009991164233838e-07
13.25,1.4931421586114075e-07
13.255,1.48532654504103e-07
13.26,1.4775520568563158e-07
13.265,1.469818476368076e-07
13.27,1.4621255870464872e-07
13.275,1.4544731735160942e-07
13.280000000000001,1.4468610215491328e-07
13.285,1.4392889180594147e-07
13.290000000000001,1.4317566510949853e-07
13.295,1.4242640098352355e-07
13.3,1.4168107845809858e-07
13.305,1.4093967667509424e-07
13.31,1.402021748874829e-07
13.315,1.3946855245879622e-07
13.32,1.3873878886243972e-07
13.325000000000001,1.380128636812326e-07
13.33,1.3729075660660373e-07
13.335,1.3657244743833793e-07
13.34,1.3585791608366132e-07
13.345,1.3514714255688578e-07
13.35,1.3444010697873979e-07
13.355,1.3373678957579034e-07
13.36,1.3303717067992765e-07
13.365,1.3234123072777515e-07
13.370000000000001,1.3164895026014088e-07
13.375,1.309603099213795e-07
13.38,1.3027529045898475e-07
13.385,1.2959387272289185e-07
13.39,1.2891603766501077e-07
13.395,1.2824176633866012e-07
13.4,1.2757103989802513e-07
13.405000000000001,1.269038395975986e-07
13.41,1.2624014679163045e-07
13.415000000000001,1.2557994293366482e-07
13.42,1.2492320957596001e-07
13.425,1.2426992836893398e-07
13.43,1.2362008106067077e-07
13.435,1.2297364949637957e-07
13.44,1.2233061561792262e-07
13.445,1.2169096146321973e-07
13.450000000000001,1.2105466916578482e-07
13.455,1.20421720954204e-07
13.46,1.1979209915163804e-07
13.465,1.1916578617527731e-07
13.47,1.1854276453584378e-07
13.475,1.1792301683717472e-07
13.48,1.173065257755589e-07
13.485,1.1669327413942708e-07
13.49,1.1608324480871627e-07
13.495000000000001,1.1547642075446763e-07
13.5,1.1487278503826847e-07
13.505,1.1427232081180825e-07
13.51,1.1367501131642544e-07
13.515,1.1308083988250296e-07
13.52,1.124897899292012e-07
13.525,1.1190184496374682e-07
13.530000000000001,1.1131698858115264e-07
13.535,1.1073520446361502e-07
13.540000000000001,1.1015647638016369e-07
13.545,1.0958078818603589e-07
13.55,1.0900812382239943e-07
13.555,1.084384673157967e-07
13.56,1.0787180277760404e-07
13.565,1.0730811440381064e-07
13.57,1.0674738647430276e-07
13.575000000000001,1.0618960335262694e-07
13.58,1.0563474948535832e-07
13.585,1.0508280940183121e-07
13.59,1.0453376771357162e-07
13.595,1.0398760911391703e-07
13.6,1.0344431837752236e-07
13.605,1.0290388036001132e-07
13.61,1.0236627999747571e-07
13.615,1.0183150230603949e-07
13.620000000000001,1.0129953238147437e-07
13.625,1.0077035539877596e-07
13.63,1.0024395661166537e-07
13.635,9.972032135224196e-08
13.64,9.919943503057427e-08
13.645,9.868128313418921e-08
13.65,9.816585122776285e-08
13.655000000000001,9.765312495263581e-08
13.66,9.714309002644213e-08
13.665000000000001,9.66357322426944e-08
13.67,9.613103747035954e-08
13.675,9.562899165347395e-08
13.68,9.512958081074577e-08
13.685,9.463279103510181e-08
13.69,9.413860849338458e-08
13.695,9.364701942588551e-08
13.700000000000001,9.31580101459541e-08
13.705,9.267156703968334e-08
13.71,9.218767656537162e-08
13.715,9.170632525333346e-08
13.72,9.122749970530006e-08
13.725,9.075118659424727e-08
13.73,9.02773726638247e-08
13.735,8.98060447281236e-08
13.74,8.933718967126212e-08
13.745000000000001,8.887079444688194e-08
13.75,8.84068460780176e-08
13.755,8.794533165652111e-08
13.76,8.748623834277951e-08
13.765,8.702955336533584e-08
13.77,8.65752640205465e-08
13.775,8.61233576721165e-08
13.780000000000001,8.567382175095732e-08
13.785,8.522664375457255e-08
13.790000000000001,8.478181124691933e-08
13.795,8.433931185778714e-08
13.8,8.389913328283694e-08
13.805,8.34612632828192e-08
13.81,8.302568968359361e-08
13.815,8.259240037544972e-08
13.82,8.216138331317015e-08
13.825000000000001,8.173262651515541e-08
13.83,8.130611806361528e-08
13.835,8.088184610390509e-08
13.84,8.045979884423274e-08
13.845,8.003996455539741e-08
13.85,7.962233157044364e-08
13.855,7.920688828424108e-08
13.86,7.879362315332137e-08
13.865,7.838252469533075e-08
13.870000000000001,7.79735814888956e-08
13.875,7.756678217321596e-08
13.88,7.716211544764494e-08
13.885,7.675957007164388e-08
13.89,7.635913486412818e-08
13.895,7.59607987033752e-08
13.9,7.556455052669104e-08
13.905000000000001,7.517037932991059e-08
13.91,7.477827416734883e-08
13.915000000000001,7.438822415126677e-08
13.92,7.400021845170083e-08
13.925,7.361424629612446e-08
13.93,7.323029696907096e-08
13.935,7.284835981192474e-08
13.94,7.246842422252233e-08
13.945,7.209047965493302e-08
13.950000000000001,7.17145156192183e-08
13.955,7.1340521680858e-08
13.96,7.096848746080372e-08
13.965,7.05984026349389e-08
13.97,7.023025693389085e-08
13.975,6.98640401426863e-08
13.98,6.949974210054757e-08
13.985,6.9137352700487e-08
13.99,6.877686188909613e-08
13.995000000000001,6.841825966626494e-08
14.0,6.806153608482436e-08
14.005,6.770668125037418e-08
14.01,6.73536853209348e-08
14.015,6.700253850654673e-08
14.02,6.665323106928328e-08
14.025,6.630575332275184e-08
14.030000000000001,6.59600956318644e-08
14.035,6.56162484125777e-08
14.040000000000001,6.527420213164974e-08
14.045,6.493394730627655e-08
14.05,6.459547450394355e-08
14.055,6.425877434202552e-08
14.06,6.392383748774853e-08
14.065,6.359065465760374e-08
14.07,6.325921661730311e-08
14.075000000000001,6.292951418147401e-08
14.08,6.260153821340001e-08
14.085,6.227527962478663e-08
14.09,6.195072937536115e-08
14.095,6.162787847278122e-08
14.1,6.130671797233278e-08
14.105,6.098723897667888e-08
14.11,6.066943263553679e-08
14.115,6.035329014551002e-08
14.120000000000001,6.003880274976765e-08
14.125,5.972596173799759e-08
14.13,5.941475844573087e-08
14.135,5.9105184254646094e-08
14.14,5.879723059184581e-08
14.145,5.8490888929894476e-08
14.15,5.818615078654049e-08
14.155000000000001,5.7883007724263524e-08
14.16,5.7581451350449214e-08
14.165000000000001,5.7281473316654655e-08
14.17,5.698306531877901e-08
14.175,5.66862190966164e-08
14.18,5.6390926433665776e-08
14.185,5.609717915692179e-08
14.19,5.580496913666796e-08
14.195,5.5514288286124814e-08
14.200000000000001,5.522512856135287e-08
14.205,5.493748196098198e-08
14.21,5.4651340525943615e-08
14.215,5.4366696339314055e-08
14.22,5.4083541526040844e-08
14.225,5.380186825269521e-08
14.23,5.352166872739911e-08
14.235,5.32429351993535e-08
14.24,5.29656599588501e-08
14.245000000000001,5.2689835336953506e-08
14.25,5.241545370525424e-08
14.255,5.214250747573092e-08
14.26,5.187098910051101e-08
14.265,5.1600891071553904e-08
14.27,5.13322059206445e-08
14.275,5.10649262189827e-08
14.280000000000001,5.079904457707714e-08
14.285,5.0534553644532915e-08
14.290000000000001,5.027144610979329e-08
14.295,5.000971469996029e-08
14.3,4.974935218065478e-08
14.305,4.9490351355671144e-08
14.31,4.9232705066876974e-08
14.315,4.8976406194047676e-08
14.32,4.872144765451008e-08
14.325000000000001,4.846782240308182e-08
14.33,4.821552343178864e-08
14.335,4.796454376975572e-08
14.34,4.7714876482988544e-08
14.345,4.7466514674007384e-08
14.35,4.7219451481920873e-08
14.355,4.697368008202404e-08
14.36,4.672919368576119e-08
14.365,4.6485985540398215e-08
14.370000000000001,4.624404892889653e-08
14.375,4.600337716973937e-08
14.38,4.576396361667511e-08
14.385,4.55258016586179e-08
14.39,4.528888471938687e-08
14.395,4.5053206257600314e-08
14.4,4.481875976637054e-08
14.405000000000001,4.45855387732652e-08
14.41,4.435353683998621e-08
14.415000000000001,4.412274756230732e-08
14.42,4.389316456977465e-08
14.425,4.366478152567426e-08
14.43,4.343759212663491e-08
14.435,4.3211590102748285e-08
14.44,4.2986769217112976e-08
14.445,4.276312326586343e-08
14.450000000000001,4.2540646077781973e-08
14.455,4.231933151431429e-08
14.46,4.209917346937791e-08
14.465,4.1880165869044374e-08
14.47,4.1662302671574827e-08
14.475,4.144557786697875e-08
14.48,4.1229985477199084e-08
14.485,4.1015519555613787e-08
14.49,4.080217418707658e-08
14.495000000000001,4.058994348755851e-08
14.5,4.0378821604235876e-08
14.505,4.016880271517689e-08
14.51,3.995988102909245e-08
14.515,3.9752050785360234e-08
14.52,3.954530625374374e-08
14.525,3.933964173426239e-08
14.530000000000001,3.913505155696237e-08
14.535,3.893153008193968e-08
14.540000000000001,3.872907169899411e-08
14.545,3.8527670827570565e-08
14.55,3.832732191655915e-08
14.555,3.812801944409006e-08
14.56,3.792975791756241e-08
14.565,3.7732531873263695e-08
14.57,3.753633587637826e-08
14.575000000000001,3.7341164520701424e-08
14.58,3.7147012428697905e-08
14.585,3.695387425104174e-08
14.59,3.676174466677449e-08
14.595,3.6570618382892e-08
14.6,3.638049013447513e-08
14.605,3.619135468425206e-08
14.61,3.600320682263351e-08
14.615,3.581604136755394e-08
14.620000000000001,3.562985316420657e-08
14.625,3.544463708505159e-08
14.63,3.526038802957562e-08
14.635,3.507710092421797e-08
14.64,3.489477072207149e-08
14.645,3.471339240296764e-08
14.65,3.453296097317546e-08
14.655000000000001,3.43534714653067e-08
14.66,3.417491893816316e-08
14.665000000000001,3.3997298476613276e-08
14.67,3.382060519148531e-08
14.675,3.364483421939323e-08
14.68,3.3469980722506426e-08
14.685,3.329603988863299e-08
14.69,3.3123006930875855e-08
14.695,3.2950877087628846e-08
14.700000000000001,3.2779645622340354e-08
14.705,3.2609307823518975e-08
14.71,3.2439859004484394e-08
14.715,3.2271294503184964e-08
14.72,3.2103609682297505e-08
14.725,3.1936799928813034e-08
14.73,3.17708606541355e-08
14.735,3.160578729382065e-08
14.74,3.144157530753713e-08
14.745000000000001,3.127822017878783e-08
14.75,3.111571741498314e-08
14.755,3.0954062547178434e-08
14.76,3.079325112996802e-08
14.765,3.063327874145173e-08
14.77,3.047414098293772e-08
14.775,3.0315833478979603e-08
14.780000000000001,3.015835187717952e-08
14.785,3.0001691848088414e-08
14.790000000000001,2.984584908503778e-08
14.795,2.9690819304120244e-08
14.8,2.953659824393759e-08
14.805,2.9383181665606574e-08
14.81,2.923056535254735e-08
14.815,2.9078745110352094e-08
14.82,2.8927716766880504e-08
14.825000000000001,2.8777476171782652e-08
14.83,2.8628019196653253e-08
14.835,2.8479341734901074e-08
14.84,2.8331439701452318e-08
14.845,2.8184309032846755e-08
14.85,2.8037945687021043e-08
14.855,2.789234564313879e-08
14.86,2.774750490163271e-08
14.865,2.7603419483952596e-08
14.870000000000001,2.746008543247596e-08
14.875,2.7317498810553454e-08
14.88,2.7175655702131194e-08
14.885,2.7034552211865724e-08
14.89,2.689418446490116e-08
14.895,2.6754548606739985e-08
14.9,2.6615640803264468e-08
14.905000000000001,2.647745724053939e-08
14.91,2.633999412471289e-08
14.915000000000001,2.62032476818436e-08
14.92,2.606721415794502e-08
14.925,2.593188981872175e-08
14.93,2.5797270949695577e-08
14.935,2.566335385575358e-08
14.94,2.553013486135686e-08
14.945,2.539761031025733e-08
14.950000000000001,2.5265776565486598e-08
14.955,2.513463000929124e-08
14.96,2.5004167042793213e-08
14.965,2.4874384086240324e-08
14.97,2.4745277578635698e-08
14.975,2.461684397776024e-08
14.98,2.4489079759952945e-08
14.985,2.4361981420236872e-08
14.99,2.423554547202231e-08
14.995000000000001,2.4109768447001442e-08
15.0,2.3984646895219777e-08
15.005,2.38601773848698e-08
15.01,2.3736356502166744e-08
15.015,2.3613180851308275e-08
15.02,2.349064705436303e-08
15.025,2.3368751751176345e-08
15.030000000000001,2.3247491599275652e-08
15.035,2.3126863273777177e-08
15.040000000000001,2.3006863467292752e-08
15.045,2.288748888983715e-08
15.05,2.2768736268736107e-08
15.055,2.26506023485347e-08
15.06,2.2533083890906035e-08
15.065,2.241617767456091e-08
15.07,2.2299880495157166e-08
15.075000000000001,2.218418916521077e-08
15.08,2.2069100514005522e-08
15.085,2.1954611387505657e-08
15.09,2.18407186482663e-08
15.095,2.172741917534676e-08
15.1,2.1614709864222305e-08
15.105,2.1502587626698093e-08
15.11,2.1391049390822195e-08
15.115,2.1280092100799835e-08
15.120000000000001,2.116971271690821e-08
15.125,2.10599082154111e-08
15.13,2.0950675588474372e-08
15.135,2.0842011844082006e-08
15.14,2.073391400595233e-08
15.145,2.0626379113454866e-08
15.15,2.0519404221527478e-08
15.155000000000001,2.0412986400593996e-08
15.16,2.0307122736482495e-08
15.165000000000001,2.020181033034372e-08
15.17,2.0097046298569687e-08
15.175,1.999282777271411e-08
15.18,1.9889151899411114e-08
15.185,1.978601584029603e-08
15.19,1.9683416771925975e-08
15.195,1.958135188570112e-08
15.200000000000001,1.947981838778595e-08
15.205,1.9378813499031414e-08
15.21,1.9278334454897065e-08
15.215,1.917837850537397e-08
15.22,1.9078942914908152e-08
15.225,1.898002496232361e-08
15.23,1.8881621940746613e-08
15.235,1.8783731157530223e-08
15.24,1.8686349934179156e-08
15.245000000000001,1.8589475606274322e-08
15.25,1.8493105523399194e-08
15.255,1.8397237049065547e-08
15.26,1.8301867560639783e-08
15.265,1.8206994449269617e-08
15.27,1.8112615119811604e-08
15.275,1.8018726990758275e-08
15.280000000000001,1.7925327494166322e-08
15.285,1.7832414075584856e-08
15.290000000000001,1.7739984193984223e-08
15.295,1.7648035321684887e-08
15.3,1.7556564944287086e-08
15.305,1.7465570560600575e-08
15.31,1.7375049682574828e-08
15.315,1.7284999835229618e-08
15.32,1.719541855658606e-08
15.325000000000001,1.710630339759801e-08
15.33,1.7017651922083198e-08
15.335,1.6929461706656116e-08
15.34,1.6841730340659667e-08
15.345,1.6754455426098642e-08
15.35,1.666763457757195e-08
15.355,1.6581265422207093e-08
15.36,1.6495345599593263e-08
15.365,1.6409872761715803e-08
15.370000000000001,1.6324844572890872e-08
15.375,1.6240258709699894e-08
15.38,1.6156112860925358e-08
15.385,1.607240472748591e-08
15.39,1.598913202237259e-08
15.395,1.5906292470584964e-08
15.4,1.5823883809067742e-08
15.405000000000001,1.574190378664741e-08
15.41,1.566035016397008e-08
15.415000000000001,1.5579220713438776e-08
15.42,1.549851321915116e-08
15.425,1.5418225476838258e-08
15.43,1.5338355293802624e-08
15.435,1.525890048885756e-08
15.44,1.5179858892266123e-08
15.445,1.510122834568071e-08
15.450000000000001,1.502300670208334e-08
15.455,1.4945191825725225e-08
15.46,1.4867781592067822e-08
15.465,1.4790773887723295e-08
15.47,1.4714166610395884e-08
15.475,1.4637957668823379e-08
15.48,1.4562144982718678e-08
15.485000000000001,1.4486726482712287e-08
15.49,1.4411700110294068e-08
15.495000000000001,1.4337063817756674e-08
15.5,1.4262815568137996e-08
15.505,1.4188953335164618e-08
15.51,1.4115475103195553e-08
15.515,1.4042378867166077e-08
15.52,1.396966263253187e-08
15.525,1.3897324415213514e-08
15.530000000000001,1.3825362241541394e-08
15.535,1.3753774148200611e-08
15.540000000000001,1.3682558182176689e-08
15.545,1.3611712400700724e-08
15.55,1.3541234871195856e-08
15.555,1.3471123671223156e-08
15.56,1.3401376888428244e-08
15.565,1.3331992620488472e-08
15.57,1.3262968975059262e-08
15.575000000000001,1.319430406972214e-08
15.58,1.3125996031932012e-08
15.585,1.3058042998965448e-08
15.59,1.2990443117868539e-08
15.595,1.2923194545405542e-08
15.6,1.2856295448007504e-08
15.605,1.278974400172165e-08
15.610000000000001,1.2723538392160176e-08
15.615,1.265767681445026e-08
15.620000000000001,1.2592157473183514e-08
15.625,1.2526978582366493e-08
15.63,1.2462138365370696e-08
15.635,1.2397635054883381e-08
15.64,1.2333466892858383e-08
15.645,1.2269632130467393e-08
15.65,1.2206129028051268e-08
15.655000000000001,1.2142955855071489e-08
15.66,1.2080110890062654e-08
15.665000000000001,1.2017592420583947e-08
15.67,1.1955398743172239e-08
15.675,1.1893528163294184e-08
15.68,1.1831978995299612e-08
15.685,1.1770749562374617e-08
15.69,1.1709838196494554e-08
15.695,1.1649243238378453e-08
15.700000000000001,1.1588963037442284e-08
15.705,1.1528995951753563e-08
15.71,1.1469340347985589e-08
15.715,1.1409994601372059e-08
15.72,1.1350957095662068e-08
15.725,1.129222622307516e-08
15.73,1.1233800384256777e-08
15.735000000000001,1.1175677988233859e-08
15.74,1.1117857452370571e-08
15.745000000000001,1.106033720232443e-08
15.75,1.1003115672002684e-08
15.755,1.0946191303519095e-08
15.76,1.088956254714998e-08
15.765,1.0833227861291982e-08
15.77,1.0777185712418834e-08
15.775,1.0721434575039043e-08
15.780000000000001,1.0665972931653506e-08
15.785,1.0610799272713282e-08
15.790000000000001,1.0555912096578044e-08
15.795,1.0501309909474037e-08
15.8,1.0446991225452938e-08
15.805,1.0392954566350486e-08
15.81,1.0339198461745705e-08
15.815,1.0285721448919748e-08
15.82,1.0232522072815766e-08
15.825000000000001,1.0179598885998263e-08
15.83,1.0126950448613075e-08
15.835,1.0074575328347563e-08
15.84,1.0022472100390613e-08
15.845,9.970639347393405e-09
15.85,9.91907565943011e-09
15.855,9.867779633958603e-09
15.860000000000001,9.816749875781863e-09
15.865,9.765984997009103e-09
15.870000000000001,9.715483617017348e-09
15.875,9.66524436241334e-09
15.88,9.615265866995271e-09
15.885,9.565546771715014e-09
15.89,9.516085724640491e-09
15.895,9.466881380918224e-09
15.9,9.417932402735981e-09
15.905000000000001,9.36923745928586e-09
15.91,9.320795226727382e-09
15.915000000000001,9.272604388150644e-09
15.92,9.224663633540298e-09
15.925,9.176971659738742e-09
15.93,9.12952717041025e-09
15.935,9.082328876005316e-09
15.94,9.03537549372453e-09
15.945,8.988665747483313e-09
15.950000000000001,8.942198367876655e-09
15.955,8.895972092143588e-09
15.96,8.849985664132772e-09
15.965,8.804237834267236e-09
15.97,8.758727359510105e-09
15.975,8.71345300333005e-09
15.98,8.66841353566717e-09
15.985000000000001,8.623607732898745e-09
15.99,8.579034377805677e-09
15.995000000000001,8.534692259538602e-09
16.0,8.490580173584235e-09
16.005,8.446696921732515e-09
16.01,8.403041312043021e-09
16.015,8.359612158812266e-09
16.02,8.316408282540637e-09
16.025,8.273428509899977e-09
16.03,8.23067167370106e-09
16.035,8.188136612861397e-09
16.04,8.145822172372904e-09
16.045,8.103727203270254e-09
16.05,8.061850562598797e-09
16.055,8.020191113383127e-09
16.06,7.978747724595797e-09
16.065,7.937519271125631e-09
16.07,7.89650463374693e-09
16.075,7.855702699088563e-09
16.080000000000002,7.815112359603049e-09
16.085,7.774732513535852e-09
16.09,7.73456206489516e-09
16.095,7.694599923421502e-09
16.1,7.654845004557495e-09
16.105,7.615296229418036e-09
16.11,7.575952524760413e-09
16.115000000000002,7.536812822954644e-09
16.12,7.497876061954083e-09
16.125,7.459141185265785e-09
16.13,7.420607141921661e-09
16.135,7.382272886449224e-09
16.14,7.34413737884284e-09
16.145,7.306199584534875e-09
16.15,7.268458474367229e-09
16.155,7.230913024562752e-09
16.16,7.193562216697252e-09
16.165,7.1564050376710365e-09
16.17,7.119440479681132e-09
16.175,7.082667540193409e-09
16.18,7.046085221914937e-09
16.185,7.009692532766322e-09
16.19,6.97348848585449e-09
16.195,6.9374720994452524e-09
16.2,6.901642396936485e-09
16.205000000000002,6.865998406830796e-09
16.21,6.830539162709019e-09
16.215,6.795263703203284e-09
16.22,6.760171071970796e-09
16.225,6.725260317667072e-09
16.23,6.690530493920045e-09
16.235,6.655980659303654e-09
16.240000000000002,6.621609877312074e-09
16.245,6.5874172163337155e-09
16.25,6.553401749625575e-09
16.255,6.519562555287786e-09
16.26,6.485898716238076e-09
16.265,6.452409320186348e-09
16.27,6.419093459609737e-09
16.275,6.3859502317274975e-09
16.28,6.352978738475993e-09
16.285,6.320178086484061e-09
16.29,6.287547387048427e-09
16.295,6.25508575610892e-09
16.3,6.222792314224469e-09
16.305,6.190666186548449e-09
16.31,6.158706502804925e-09
16.315,6.1269123972644585e-09
16.32,6.0952830087201994e-09
16.325,6.0638174804643285e-09
16.330000000000002,6.032514960264305e-09
16.335,6.00137460033931e-09
16.34,5.97039555733715e-09
16.345,5.939576992310624e-09
16.35,5.908918070694759e-09
16.355,5.878417962283684e-09
16.36,5.848075841207552e-09
16.365000000000002,5.8178908859100755e-09
16.37,5.787862279125801e-09
16.375,5.757989207857419e-09
16.38,5.72827086335368e-09
16.385,5.6987064410867825e-09
16.39,5.669295140730472e-09
16.395,5.640036166137764e-09
16.4,5.610928725319311e-09
16.405,5.581972030421183e-09
16.41,5.5531652977035315e-09
16.415,5.524507747518949e-09
16.42,5.495998604290629e-09
16.425,5.467637096491616e-09
16.43,5.439422456623019e-09
16.435,5.411353921193157e-09
16.44,5.38343073069647e-09
16.445,5.355652129592619e-09
16.45,5.3280173662857275e-09
16.455000000000002,5.300525693103516e-09
16.46,5.27317636627691e-09
16.465,5.245968645919542e-09
16.47,5.218901796007272e-09
16.475,5.191975084357985e-09
16.48,5.165187782611584e-09
16.485,5.138539166209632e-09
16.490000000000002,5.112028514375745e-09
16.495,5.085655110095545e-09
16.5,5.059418240096998e-09
16.505,5.033317194830719e-09
16.51,5.007351268450641e-09
16.515,4.9815197587943836e-09
16.52,4.955821967364016e-09
16.525,4.930257199306932e-09
16.53,4.90482476339652e-09
16.535,4.879523972013328e-09
16.54,4.854354141126184e-09
16.545,4.829314590273192e-09
16.55,4.804404642543162e-09
16.555,4.779623624557017e-09
16.56,4.7549708664491375e-09
16.565,4.730445701849051e-09
16.57,4.706047467863084e-09
16.575,4.681775505056132e-09
16.580000000000002,4.657629157433504e-09
16.585,4.633607772422994e-09
16.59,4.609710700856748e-09
16.595,4.585937296953596e-09
16.6,4.562286918301262e-09
16.605,4.5387589258386145e-09
16.61,4.515352683838241e-09
16.615000000000002,4.492067559888813e-09
16.62,4.468902924877927e-09
16.625,4.4458581529745316e-09
16.63,4.422932621612001e-09
16.635,4.400125711470906e-09
16.64,4.3774368064619634e-09
16.645,4.354865293709149e-09
16.65,4.332410563532868e-09
16.655,4.310072009433228e-09
16.66,4.2878490280733535e-09
16.665,4.265741019262758e-09
16.67,4.243747385940982e-09
16.675,4.221867534161019e-09
16.68,4.200100873073205e-09
16.685,4.178446814908827e-09
16.69,4.1569047749641254e-09
16.695,4.1354741715841e-09
16.7,4.114154426146577e-09
16.705000000000002,4.09294496304643e-09
16.71,4.071845209679591e-09
16.715,4.050854596427508e-09
16.72,4.029972556641423e-09
16.725,4.0091985266267166e-09
16.73,3.988531945627677e-09
16.735,3.967972255811966e-09
16.740000000000002,3.947518902255133e-09
16.745,3.927171332925804e-09
16.75,3.9069289986701446e-09
16.755,3.886791353196907e-09
16.76,3.8667578530626144e-09
16.765,3.846827957656393e-09
16.77,3.827001129185274e-09
16.775,3.807276832659424e-09
16.78,3.7876545358773895e-09
16.785,3.768133709411691e-09
16.79,3.748713826594069e-09
16.795,3.729394363501126e-09
16.8,3.7101747989400736e-09
16.805,3.691054614434205e-09
16.81,3.672033294208902e-09
16.815,3.653110325177276e-09
16.82,3.634285196926315e-09
16.825,3.615557401702756e-09
16.830000000000002,3.5969264343990945e-09
16.835,3.578391792539947e-09
16.84,3.5599529762680505e-09
16.845,3.5416094883307257e-09
16.85,3.523360834066158e-09
16.855,3.5052065213897965e-09
16.86,3.4871460607809943e-09
16.865000000000002,3.469178965269518e-09
16.87,3.451304750422127e-09
16.875,3.433522934329471e-09
16.88,3.4158330375926204e-09
16.885,3.3982345833102696e-09
16.89,3.3807270970653428e-09
16.895,3.363310106912225e-09
16.9,3.345983143363696e-09
16.905,3.328745739378072e-09
16.91,3.3115974303465084e-09
16.915,3.294537754080175e-09
16.92,3.2775662507976212e-09
16.925,3.260682463112217e-09
16.93,3.243885936019556e-09
16.935,3.2271762168850017e-09
16.94,3.210552855431389e-09
16.945,3.1940154037265586e-09
16.95,3.177563416171173e-09
16.955000000000002,3.161196449486406e-09
16.96,3.144914062702024e-09
16.965,3.128715817144054e-09
16.97,3.1126012764229138e-09
16.975,3.0965700064214703e-09
16.98,3.0806215752830783e-09
16.985,3.0647555533997743e-09
16.990000000000002,3.0489715134006164e-09
16.995,3.0332690301398215e-09
17.0,3.017647680685292e-09
17.005,3.0021070443068947e-09
17.01,2.9866467024650044e-09
17.015,2.9712662387990756e-09
17.02,2.9559652391162208e-09
17.025,2.940743291379866e-09
17.03,2.9255999856985306e-09
17.035,2.9105349143144513e-09
17.04,2.895547671592639e-09
17.045,2.8806378540096693e-09
17.05,2.8658050601425827e-09
17.055,2.8510488906580356e-09
17.06,2.8363689483013096e-09
17.065,2.8217648378853968e-09
17.07,2.807236166280234e-09
17.075,2.7927825424019854e-09
17.080000000000002,2.778403577202332e-09
17.085,2.764098883657721e-09
17.09,2.7498680767589933e-09
17.095,2.7357107735005748e-09
17.1,2.7216265928702888e-09
17.105,2.7076151558386873e-09
17.11,2.6936760853489407e-09
17.115000000000002,2.6798090063062763e-09
17.12,2.6660135455678495e-09
17.125,2.6522893319325882e-09
17.13,2.63863599613091e-09
17.135,2.6250531708147522e-09
17.14,2.6115404905474527e-09
17.145,2.5980975917938174e-09
17.150000000000002,2.584724112910109e-09
17.155,2.571419694134228e-09
17.16,2.5581839775758516e-09
17.165,2.545016607206668e-09
17.17,2.5319172288505936e-09
17.175,2.51888549017419e-09
17.18,2.505921040676959e-09
17.185,2.4930235316817934e-09
17.19,2.48019261632543e-09
17.195,2.4674279495490044e-09
17.2,2.4547291880885748e-09
17.205000000000002,2.4420959904658696e-09
17.21,2.429528016978733e-09
17.215,2.417024929692062e-09
17.22,2.404586392428475e-09
17.225,2.392212070759115e-09
17.23,2.37990163199461e-09
17.235,2.36765474517588e-09
17.240000000000002,2.355471081065141e-09
17.245,2.343350312136867e-09
17.25,2.3312921125689986e-09
17.255,2.3192961582338845e-09
17.26,2.3073621266894354e-09
17.265,2.2954896971704796e-09
17.27,2.283678550579773e-09
17.275000000000002,2.2719283694795235e-09
17.28,2.260238838082527e-09
17.285,2.2486096422436954e-09
17.29,2.237040469451387e-09
17.295,2.225531008818921e-09
17.3,2.214080951076037e-09
17.305,2.2026899885605603e-09
17.31,2.1913578152099137e-09
17.315,2.1800841265527556e-09
17.32,2.1688686197007503e-09
17.325,2.157710993340236e-09
17.330000000000002,2.146610947724047e-09
17.335,2.1355681846633098e-09
17.34,2.124582407519269e-09
17.345,2.1136533211953264e-09
17.35,2.1027806321287995e-09
17.355,2.091964048283063e-09
17.36,2.081203279139563e-09
17.365000000000002,2.0704980356897763e-09
17.37,2.0598480304275227e-09
17.375,2.0492529773409284e-09
17.38,2.0387125919047546e-09
17.385,2.0282265910725865e-09
17.39,2.0177946932690942e-09
17.395,2.0074166183824242e-09
17.400000000000002,1.9970920877564887e-09
17.405,1.9868208241834257e-09
17.41,1.9766025518959806e-09
17.415,1.966436996559975e-09
17.42,1.956323885267034e-09
17.425,1.9462629465268208e-09
17.43,1.9362539102598555e-09
17.435,1.9262965077901e-09
17.44,1.916390471837664e-09
17.445,1.9065355365113855e-09
17.45,1.8967314373017837e-09
17.455000000000002,1.886977911073707e-09
17.46,1.87727469605923e-09
17.465,1.8676215318504334e-09
17.47,1.8580181593924826e-09
17.475,1.8484643209762976e-09
17.48,1.8389597602318296e-09
17.485,1.8295042221208662e-09
17.490000000000002,1.8200974529301808e-09
17.495,1.810739200264532e-09
17.5,1.8014292130399027e-09
17.505,1.7921672414766242e-09
17.51,1.7829530370924521e-09
17.515,1.7737863526960043e-09
17.52,1.7646669423798785e-09
17.525000000000002,1.755594561513966e-09
17.53,1.746568966738859e-09
17.535,1.7375899159591717e-09
17.54,1.728657168336982e-09
17.545,1.7197704842851846e-09
17.55,1.710929625461105e-09
17.555,1.7021343547598919e-09
17.56,1.6933844363081334e-09
17.565,1.6846796354573938e-09
17.57,1.676019718777853e-09
17.575,1.6674044540519041e-09
17.580000000000002,1.6588336102679282e-09
17.585,1.6503069576138471e-09
17.59,1.6418242674710705e-09
17.595,1.633385312408123e-09
17.6,1.6249898661744314e-09
17.605,1.616637703694359e-09
17.61,1.60832860106086e-09
17.615000000000002,1.6000623355295233e-09
17.62,1.591838685512414e-09
17.625,1.5836574305722016e-09
17.63,1.5755183514159507e-09
17.635,1.5674212298893386e-09
17.64,1.5593658489705434e-09
17.645,1.5513519927646192e-09
17.650000000000002,1.5433794464972137e-09
17.655,1.5354479965091517e-09
17.66,1.5275574302502806e-09
17.665,1.5197075362739316e-09
17.67,1.5118981042310343e-09
17.675,1.5041289248643952e-09
17.68,1.4963997900031243e-09
17.685,1.4887104925567864e-09
17.69,1.4810608265099654e-09
17.695,1.4734505869165505e-09
17.7,1.4658795698941216e-09
17.705000000000002,1.4583475726185556e-09
17.71,1.4508543933183594e-09
17.715,1.4433998312692628e-09
17.72,1.4359836867887636e-09
17.725,1.4286057612306874e-09
17.73,1.421265856979713e-09
17.735,1.4139637774461758e-09
17.740000000000002,1.4066993270605577e-09
17.745,1.399472311268157e-09
17.75,1.3922825365239937e-09
17.755,1.3851298102874185e-09
17.76,1.378013941016794e-09
17.765,1.3709347381644525e-09
17.77,1.3638920121714792e-09
17.775000000000002,1.356885574462481e-09
17.78,1.3499152374404959e-09
17.785,1.3429808144819662e-09
17.79,1.3360821199315815e-09
17.795,1.3292189690972894e-09
17.8,1.3223911782452611e-09
17.805,1.315598564594827e-09
17.81,1.3088409463136685e-09
17.815,1.3021181425127371e-09
17.82,1.295429973241413e-09
17.825,1.2887762594825804e-09
17.830000000000002,1.2821568231478167e-09
17.835,1.2755714870724546e-09
17.84,1.2690200750108758e-09
17.845,1.2625024116317133e-09
17.85,1.2560183225130352e-09
17.855,1.249567634137645e-09
17.86,1.243150173888291e-09
17.865000000000002,1.236765770043135e-09
17.87,1.230414251771004e-09
17.875,1.2240954491266924e-09
17.88,1.2178091930464498e-09
17.885,1.2115553153432897e-09
17.89,1.205333648702596e-09
17.895,1.199144026677367e-09
17.900000000000002,1.1929862836838185e-09
17.905,1.1868602549969123e-09
17.91,1.1807657767457845e-09
17.915,1.1747026859093699e-09
17.92,1.1686708203120094e-09
17.925,1.1626700186189361e-09
17.93,1.1567001203320186e-09
17.935,1.150760965785302e-09
17.94,1.1448523961407597e-09
17.945,1.1389742533839522e-09
17.95,1.1331263803197063e-09
17.955000000000002,1.1273086205678745e-09
17.96,1.1215208185591453e-09
17.965,1.1157628195307177e-09
17.97,1.1100344695222246e-09
17.975,1.1043356153714212e-09
17.98,1.0986661047101468e-09
17.985,1.093025785960145e-09
17.990000000000002,1.0874145083289218e-09
17.995,1.0818321218057352e-09
18.0,1.076278477157433e-09
18.005,1.0707534259244663e-09
18.01,1.0652568204168895e-09
18.015,1.0597885137102464e-09
18.02,1.0543483596417267e-09
18.025000000000002,1.0489362128060762e-09
18.03,1.0435519285517127e-09
18.035,1.0381953629768466e-09
18.04,1.032866372925497e-09
18.045,1.0275648159836246e-09
18.05,1.0222905504753726e-09
18.055,1.0170434354590831e-09
18.06,1.0118233307235517e-09
18.065,1.00663009678424e-09
18.07,1.0014635948794518e-09
18.075,9.963236869665707e-10
18.080000000000002,9.91210235718382e-10
18.085,9.861231045193195e-10
18.09,9.810621574616993e-10
18.095,9.76027259342134e-10
18.1,9.710182756577981e-10
18.105,9.660350726028436e-10
18.11,9.610775170647472e-10
18.115000000000002,9.561454766206409e-10
18.12,9.512388195338292e-10
18.125,9.463574147501662e-10
18.13,9.415011318945128e-10
18.135,9.366698412672065e-10
18.14,9.318634138405673e-10
18.145,9.270817212553286e-10
18.150000000000002,9.223246358172625e-10
18.155,9.175920304936451e-10
18.16,9.128837789098346e-10
18.165,9.081997553459045e-10
18.17,9.035398347332122e-10
18.175,8.989038926509001e-10
18.18,8.942918053226698e-10
18.185,8.897034496133791e-10
18.19,8.851387030257241e-10
18.195,8.805974436968944e-10
18.2,8.760795503952752e-10
18.205000000000002,8.715849025171835e-10
18.21,8.671133800835965e-10
18.215,8.626648637369234e-10
18.22,8.582392347377425e-10
18.225,8.538363749615706e-10
18.23,8.494561668957667e-10
18.235,8.450984936362104e-10
18.240000000000002,8.407632388842134e-10
18.245,8.364502869434127e-10
18.25,8.321595227165577e-10
18.255,8.278908317024481e-10
18.26,8.236440999927818e-10
18.265,8.194192142691454e-10
18.27,8.152160617999135e-10
18.275000000000002,8.110345304371716e-10
18.28,8.068745086137504e-10
18.285,8.027358853400854e-10
18.29,7.986185502013717e-10
18.295,7.945223933544826e-10
18.3,7.904473055249921e-10
18.305,7.863931780042252e-10
18.31,7.823599026463876e-10
18.315,7.783473718655567e-10
18.32,7.743554786327719e-10
18.325,7.703841164732073e-10
18.330000000000002,7.664331794632967e-10
18.335,7.625025622277131e-10
18.34,7.585921599367273e-10
18.345,7.547018683032329e-10
18.35,7.508315835800091e-10
18.355,7.469812025568506e-10
18.36,7.431506225578235e-10
18.365000000000002,7.393397414384325e-10
18.37,7.355484575829466e-10
18.375,7.317766699015929e-10
18.38,7.280242778278062e-10
18.385,7.242911813155723e-10
18.39,7.205772808366712e-10
18.395,7.168824773780087e-10
18.400000000000002,7.132066724389765e-10
18.405,7.095497680286683e-10
18.41,7.059116666633886e-10
18.415,7.022922713638947e-10
18.42,6.986914856528799e-10
18.425,6.951092135522646e-10
18.43,6.915453595806794e-10
18.435,6.879998287508196e-10
18.44,6.844725265669413e-10
18.445,6.809633590223164e-10
18.45,6.774722325965839e-10
18.455000000000002,6.739990542533467e-10
18.46,6.705437314376025e-10
18.465,6.671061720732347e-10
18.47,6.636862845605538e-10
18.475,6.602839777738269e-10
18.48,6.568991610587672e-10
18.485,6.535317442301482e-10
18.490000000000002,6.501816375693046e-10
18.495,6.468487518217607e-10
18.5,6.435329981948264e-10
18.505,6.402342883551215e-10
18.51,6.369525344262966e-10
18.515,6.336876489866065e-10
18.52,6.304395450664732e-10
18.525000000000002,6.272081361463079e-10
18.53,6.239933361540196e-10
18.535,6.207950594628094e-10
18.54,6.176132208887604e-10
18.545,6.144477356885849e-10
18.55,6.112985195573597e-10
18.555,6.081654886261677e-10
18.56,6.050485594599991e-10
18.565,6.019476490552638e-10
18.57,5.988626748377537e-10
18.575,5.957935546603207e-10
18.580000000000002,5.927402068006545e-10
18.585,5.897025499591404e-10
18.59,5.866805032565941e-10
18.595,5.836739862321302e-10
18.6,5.806829188409363e-10
18.605,5.77707221452212e-10
18.61,5.747468148468574e-10
18.615000000000002,5.718016202155452e-10
18.62,5.68871559156393e-10
18.625,5.659565536730042e-10
18.63,5.630565261722574e-10
18.635,5.601713994622566e-10
18.64,5.573010967502558e-10
18.645,5.544455416405839e-10
18.650000000000002,5.516046581325914e-10
18.655,5.487783706185178e-10
18.66,5.459666038816422e-10
18.665,5.431692830940009e-10
18.67,5.403863338145978e-10
18.675,5.376176819872505e-10
18.68,5.348632539386927e-10
18.685,5.321229763765025e-10
18.69,5.293967763871675e-10
18.695,5.266845814341223e-10
18.7,5.239863193557988e-10
18.705000000000002,5.213019183636329e-10
18.71,5.186313070401798e-10
18.715,5.159744143371961e-10
18.72,5.133311695736507e-10
18.725,5.107015024339324e-10
18.73,5.080853429658333e-10
18.735,5.054826215787549e-10
18.740000000000002,5.028932690417879e-10
18.745,5.003172164818575e-10
18.75,4.977543953818311e-10
18.755,4.952047375788121e-10
18.76,4.926681752620818e-10
18.765,4.901446409714577e-10
18.77,4.876340675953656e-10
18.775000000000002,4.851363883691036e-10
18.78,4.826515368730209e-10
18.785,4.801794470306748e-10
18.79,4.77720053107107e-10
18.795,4.752732897070942e-10
18.8,4.72839091773347e-10
18.805,4.704173945846986e-10
18.81,4.680081337544909e-10
18.815,4.656112452287753e-10
18.82,4.6322666528455436e-10
18.825,4.6085433052809136e-10
18.830000000000002,4.584941778932536e-10
18.835,4.561461446397415e-10
18.84,4.5381016835140437e-10
18.845,4.51486186934611e-10
18.85,4.4917413861658773e-10
18.855,4.468739619436318e-10
18.86,4.445855957795583e-10
18.865000000000002,4.4230897930410407e-10
18.87,4.4004405201114186e-10
18.875,4.3779075370717357e-10
18.88,4.3554902450965163e-10
18.885,4.333188048453869e-10
18.89,4.311000354489527e-10
18.895,4.28892657361064e-10
18.900000000000002,4.2669661192700185e-10
18.905,4.245118407950244e-10
18.91,4.2233828591484855e-10
18.915,4.2017588953599297e-10
18.92,4.1802459420631944e-10
18.925,4.1588434277042894e-10
18.93,4.1375507836813843e-10
18.935,4.1163674443294775e-10
18.94,4.0952928469053953e-10
18.945,4.074326431572102e-10
18.95,4.053467641384315e-10
18.955000000000002,4.032715922273002e-10
18.96,4.012070723030963e-10
18.965,3.991531495297363e-10
18.97,3.971097693543364e-10
18.975,3.9507687750578576e-10
18.98,3.9305441999316567e-10
18.985,3.9104234310442043e-10
18.990000000000002,3.8904059340485063e-10
18.995,3.8704911773573264e-10
19.0,3.8506786321276575e-10
19.005,3.830967772247933e-10
19.01,3.811358074322913e-10
19.015,3.791849017660132e-10
19.02,3.7724400842555363e-10
19.025000000000002,3.753130758779957e-10
19.03,3.7339205285646034e-10
19.035,3.714808883588081e-10
19.04,3.695795316462209e-10
19.045,3.676879322418266e-10
19.05,3.658060399293565e-10
19.055,3.639338047518072e-10
19.06,3.620711770101421e-10
19.065,3.6021810726180845e-10
19.07,3.583745463195541e-10
19.075,3.5654044525004125e-10
19.080000000000002,3.5471575537255026e-10
19.085,3.52900428257659e-10
19.09,3.5109441572594027e-10
19.095,3.4929766984667875e-10
19.1,3.475101429365758e-10
19.105,3.457317875584609e-10
19.11,3.43962556520028e-10
19.115000000000002,3.4220240287256454e-10
19.12,3.40451279909671e-10
19.125,3.387091411660584e-10
19.13,3.369759404162363e-10
19.135,3.352516316733036e-10
19.14,3.3353616918770597e-10
19.145,3.3182950744601417e-10
19.150000000000002,3.301316011696942e-10
19.155,3.284424053139133e-10
19.16,3.267618750662429e-10
19.165,3.250899658455842e-10
19.17,3.234266333009089e-10
19.175,3.217718333100027e-10
19.18,3.201255219784169e-10
19.185,3.184876556381664e-10
19.19,3.168581908466102e-10
19.195,3.152370843853236e-10
19.2,3.1362429325883817e-10
19.205000000000002,3.120197746935752e-10
19.21,3.104234861366459e-10
19.215,3.0883538525475323e-10
19.22,3.07255429933009e-10
19.225,3.0568357827383753e-10
19.23,3.0411978859579404e-10
19.235,3.025640194325543e-10
19.240000000000002,3.010162295317122e-10
19.245,2.994763778536461e-10
19.25,2.979444235705259e-10
19.255,2.964203260651452e-10
19.26,2.9490404492981245e-10
19.265,2.933955399653276e-10
19.27,2.918947711798761e-10
19.275000000000002,2.904016987878982e-10
19.28,2.889162832091572e-10
19.285,2.8743848506751284e-10
19.29,2.859682651899785e-10
19.295,2.845055846056656e-10
19.3,2.83050404544683e-10
19.305,2.8160268643708255e-10
19.31,2.8016239191193983e-10
19.315,2.7872948279619383e-10
19.32,2.7730392111370156e-10
19.325,2.758856690842011e-10
19.330000000000002,2.744746891222604e-10
19.335,2.7307094383631626e-10
19.34,2.7167439602767626e-10
19.345,2.702850086894865e-10
19.35,2.6890274500569307e-10
19.355,2.6752756835021674e-10
19.36,2.661594422858115e-10
19.365000000000002,2.6479833056314023e-10
19.37,2.634441971197953e-10
19.375,2.62097006079368e-10
19.38,2.607567217504576e-10
19.385,2.594233086256896e-10
19.39,2.580967313808199e-10
19.395,2.567769548737087e-10
19.400000000000002,2.554639441435218e-10
19.405,2.541576644095654e-10
19.41,2.528580810705838e-10
19.415,2.515651597037168e-10
19.42,2.5027886606353837e-10
19.425,2.4899916608129057e-10
19.43,2.4772602586377343e-10
19.435,2.4645941169257863e-10
19.44,2.451992900231684e-10
19.445,2.4394562748391116e-10
19.45,2.426983908752282e-10
19.455000000000002,2.4145754716872553e-10
19.46,2.402230635062571e-10
19.465,2.3899490719909637e-10
19.47,2.377730457270225e-10
19.475,2.3655744673744935e-10
19.48,2.353480780445936e-10
19.485,2.3414490762857207e-10
19.490000000000002,2.32947903634577e-10
19.495,2.317570343719668e-10
19.5,2.3057226831351818e-10
19.505,2.2939357409446248e-10
19.51,2.2822092051172735e-10
19.515,2.2705427652307696e-10
19.52,2.2589361124626243e-10
19.525000000000002,2.2473889395823882e-10
19.53,2.2359009409426544e-10
19.535,2.2244718124717587e-10
19.54,2.2131012516651288e-10
19.545,2.2017889575772244e-10
19.55,2.1905346308134998e-10
19.555,2.1793379735226208e-10
19.56,2.168198689387883e-10
19.565,2.157116483619999e-10
19.57,2.1460910629487847e-10
19.575,2.1351221356152352e-10
19.580000000000002,2.1242094113639443e-10
19.585,2.113352601435638e-10
19.59,2.1025514185583887e-10
19.595,2.091805576941209e-10
19.6,2.0811147922651423e-10
19.605,2.0704787816768872e-10
19.61,2.0598972637802843e-10
19.615000000000002,2.04936995862931e-10
19.62,2.038896587719964e-10
19.625,2.0284768739839191e-10
19.63,2.0181105417798828e-10
19.635,2.0077973168869565e-10
19.64,1.9975369264969732e-10
19.645,1.9873290992077704e-10
19.650000000000002,1.9771735650146815e-10
19.655,1.967070055304683e-10
19.66,1.9570183028484956e-10
19.665,1.9470180417936167e-10
19.67,1.9370690076569006e-10
19.675,1.927170937317885e-10
19.68,1.9173235690116914e-10
19.685,1.9075266423217399e-10
19.69,1.8977798981729801e-10
19.695,1.888083078825029e-10
19.7,1.8784359278649948e-10
19.705000000000002,1.8688381902011765e-10
19.71,1.859289612055253e-10
19.715,1.8497899409566563e-10
19.72,1.840338925734988e-10
19.725,1.8309363165137412e-10
19.73,1.8215818647032496e-10
19.735,1.812275322994214e-10
19.740000000000002,1.803016445351538e-10
19.745,1.7938049870066633e-10
19.75,1.7846407044519898e-10
19.755,1.775523355434357e-10
19.76,1.7664526989476564e-10
19.765,1.7574284952274435e-10
19.77,1.7484505057436265e-10
19.775000000000002,1.7395184931950896e-10
19.78,1.730632221502354e-10
19.785,1.7217914558016986e-10
19.79,1.7129959624391643e-10
19.795,1.704245508963594e-10
19.8,1.6955398641212055e-10
19.805,1.6868787978489148e-10
19.81,1.6782620812681887e-10
19.815,1.6696894866792868e-10
19.82,1.6611607875544556e-10
19.825,1.6526757585330643e-10
19.830000000000002,1.6442341754141428e-10
19.835,1.6358358151516037e-10
19.84,1.6274804558474872e-10
19.845,1.619167876746571e-10
19.85,1.610897858229847e-10
19.855,1.602670181809369e-10
19.86,1.5944846301221686e-10
19.865000000000002,1.5863409869237703e-10
19.87,1.5782390370835463e-10
19.875,1.5701785665783727e-10
19.88,1.562159362486515e-10
19.885,1.554181212982664e-10
19.89,1.5462439073321183e-10
19.895,1.5383472358848027e-10
19.900000000000002,1.5304909900697903e-10
19.905,1.522674962390021e-10
19.91,1.5148989464163655e-10
19.915,1.5071627367826612e-10
19.92,1.4994661291792782e-10
19.925,1.4918089203486775e-10
19.93,1.484190908079695e-10
19.935,1.4766118912013492e-10
19.94,1.4690716695784614e-10
19.945,1.4615700441062522e-10
19.95,1.45410681670414e-10
19.955000000000002,1.446681790311605e-10
19.96,1.4392947688821374e-10
19.965,1.4319455573777603e-10
19.97,1.4246339617647696e-10
19.975,1.4173597890083633e-10
19.98,1.4101228470665643e-10
19.985,1.4029229448857656e-10
19.990000000000002,1.3957598923960636e-10
19.995,1.3886335005051332e-10
20.0,1.3815435810940981e-10
20.005,1.3744899470119778e-10
20.01,1.3674724120708782e-10
20.015,1.3604907910411712e-10
20.02,1.3535448996461006e-10
20.025000000000002,1.3466345545573802e-10
20.03,1.3397595733898422e-10
20.035,1.3329197746969764e-10
20.04,1.3261149779657886e-10
20.045,1.319345003612085e-10
20.05,1.312609672975736e-10
20.055,1.3059088083159525e-10
20.06,1.2992422328062003e-10
20.065,1.292609770529808e-10
20.07,1.2860112464752797e-10
20.075,1.279446486531611e-10
20.080000000000002,1.2729153174830345e-10
20.085,1.2664175670055867e-10
20.09,1.2599530636615692e-10
20.095,1.2535216368951607e-10
20.1,1.247123117027949e-10
20.105,1.2407573352547345e-10
20.11,1.234424123638049e-10
20.115000000000002,1.2281233151052757e-10
20.12,1.2218547434423334e-10
20.125,1.215618243290536e-10
20.13,1.2094136501419448e-10
20.135,1.2032408003347384e-10
20.14,1.197099531048416e-10
20.145,1.1909896803007376e-10
20.150000000000002,1.1849110869423595e-10
20.155,1.1788635906525991e-10
20.16,1.1728470319357457e-10
20.165,1.1668612521159928e-10
20.17,1.1609060933340964e-10
20.175,1.1549813985425867e-10
20.18,1.1490870115013678e-10
20.185,1.1432227767743405e-10
20.19,1.1373885397245961e-10
20.195,1.131584146510615e-10
20.2,1.1258094440819672e-10
20.205000000000002,1.1200642801751701e-10
20.21,1.1143485033101153e-10
20.215,1.1086619627856156e-10
20.22,1.103004508674939e-10
20.225,1.0973759918230698e-10
20.23,1.0917762638417798e-10
20.235,1.0862051771056975e-10
20.240000000000002,1.0806625847484539e-10
20.245,1.0751483406592615e-10
20.25,1.0696622994783614e-10
20.255,1.0642043165937846e-10
20.26,1.0587742481364679e-10
20.265,1.0533719509776108e-10
20.27,1.0479972827243372e-10
20.275000000000002,1.0426501017155769e-10
20.28,1.0373302670189938e-10
20.285,1.0320376384263336e-10
20.29,1.0267720764507057e-10
20.295,1.0215334423221602e-10
20.3,1.0163215979841661e-10
20.305,1.0111364060899382e-10
20.31,1.0059777299987581e-10
20.315,1.000845433772697e-10
20.32,9.957393821721533e-11
20.325,9.906594406530844e-11
20.330000000000002,9.856054753630262e-11
20.335,9.80577353137674e-11
20.34,9.755749414970008e-11
20.345,9.705981086423731e-11
20.35,9.656467234524743e-11
20.355,9.607206554798062e-11
20.36,9.558197749474684e-11
20.365000000000002,9.509439527460131e-11
20.37,9.46093060429154e-11
20.375,9.412669702109564e-11
20.38,9.364655549624918e-11
20.385,9.31688688207839e-11
20.39,9.269362441215102e-11
20.395,9.22208097524677e-11
20.400000000000002,9.175041238816762e-11
20.405,9.128241992968231e-11
20.41,9.081682005117229e-11
20.415,9.035360049009044e-11
20.42,8.989274904692287e-11
20.425,8.943425358485892e-11
20.43,8.897810202946671e-11
20.435,8.852428236834247e-11
20.44,8.807278265083085e-11
20.445,8.762359098768461e-11
20.45,8.717669555076695e-11
20.455000000000002,8.673208457269406e-11
20.46,8.628974634655568e-11
20.465,8.584966922563823e-11
20.47,8.541184162301235e-11
20.475,8.497625201132156e-11
20.48,8.454288892245264e-11
20.485,8.411174094718088e-11
20.490000000000002,8.368279673494621e-11
20.495,8.325604499348501e-11
20.5,8.283147448853023e-11
20.505,8.24090740435975e-11
20.51,8.198883253954354e-11
20.515,8.157073891443101e-11
20.52,8.115478216310732e-11
20.525000000000002,8.074095133698543e-11
20.53,8.032923554370765e-11
20.535,7.991962394687599e-11
20.54,7.951210576577638e-11
20.545,7.910667027507063e-11
20.55,7.870330680451489e-11
20.555,7.830200473868821e-11
20.56,7.790275351670933e-11
20.565,7.750554263192048e-11
20.57,7.711036163163946e-11
20.575,7.671720011691321e-11
20.580000000000002,7.632604774217369e-11
20.585,7.593689421499033e-11
20.59,7.554972929583267e-11
20.595,7.51645427977264e-11
20.6,7.478132458604109e-11
20.605,7.440006457821254e-11
20.61,7.402075274343973e-11
20.615000000000002,7.364337910246119e-11
20.62,7.326793372724696e-11
20.625,7.289440674079018e-11
20.63,7.252278831678861e-11
20.635,7.215306867940852e-11
20.64,7.178523810301432e-11
20.645,7.141928691194769e-11
20.650000000000002,7.105520548022331e-11
20.655,7.069298423127645e-11
20.66,7.033261363775167e-11
20.665,6.9974084221209e-11
20.67,6.96173865518618e-11
20.675,6.926251124837565e-11
20.68,6.89094489775999e-11
20.685,6.855819045426047e-11
20.69,6.820872644082196e-11
20.695,6.786104774713572e-11
20.7,6.751514523026722e-11
20.705000000000002,6.717100979424006e-11
20.71,6.682863238975802e-11
20.715,6.648800401399606e-11
20.72,6.614911571036897e-11
20.725,6.581195856825815e-11
20.73,6.547652372282634e-11
20.735,6.51428023547085e-11
20.740000000000002,6.48107856898565e-11
20.745,6.448046499924381e-11
20.75,6.415183159868422e-11
20.755,6.382487684855615e-11
20.76,6.349959215361347e-11
20.765,6.317596896270451e-11
20.77,6.28539987686266e-11
20.775000000000002,6.253367310778736e-11
20.78,6.22149835601008e-11
20.785,6.189792174867583e-11
20.79,6.158247933962243e-11
20.795,6.1268648041877e-11
20.8,6.095641960685887e-11
20.805,6.064578582837592e-11
20.81,6.033673854236114e-11
20.815,6.00292696266578e-11
20.82,5.972337100078713e-11
20.825,5.941903462573704e-11
20.830000000000002,5.911625250377389e-11
20.835,5.881501667824226e-11
20.84,5.851531923326161e-11
20.845,5.821715229362122e-11
20.85,5.7920508024537325e-11
20.855,5.7625378631425264e-11
20.86,5.7331756359702685e-11
20.865000000000002,5.703963349459293e-11
20.87,5.674900236089519e-11
20.875,5.6459855322822593e-11
20.88,5.617218478377341e-11
20.885,5.5885983186138115e-11
20.89,5.5601243011042545e-11
20.895,5.5317956778288886e-11
20.900000000000002,5.503611704596942e-11
20.905,5.475571641042334e-11
20.91,5.447674750599145e-11
20.915,5.419920300476452e-11
20.92,5.39230756164781e-11
20.925,5.3648358088253876e-11
20.93,5.33750432044571e-11
20.935,5.31031237864292e-11
20.94,5.283259269240254e-11
20.945,5.2563442817236545e-11
20.95,5.229566709222238e-11
20.955000000000002,5.2029258484945056e-11
20.96,5.1764209999085246e-11
20.965,5.150051467417747e-11
20.97,5.123816558549038e-11
20.975,5.097715584384973e-11
20.98,5.071747859539095e-11
20.985,5.045912702142318e-11
20.990000000000002,5.0202094338233873e-11
20.995,4.9946373796939025e-11
21.0,4.969195868323615e-11
21.005,4.943884231730044e-11
21.01,4.9187018053559994e-11
21.015,4.8936479280556235e-11
21.02,4.868721942071477e-11
21.025000000000002,4.843923193024216e-11
21.03,4.81925102988715e-11
21.035,4.794704804979172e-11
21.04,4.7702838739332103e-11
21.045,4.7459875956944573e-11
21.05,4.721815332494374e-11
21.055,4.697766449835101e-11
21.06,4.673840316474628e-11
21.065,4.6500363044067805e-11
21.07,4.626353788849506e-11
21.075,4.6027921482231586e-11
21.080000000000002,4.579350764136625e-11
21.085,4.5560290213707884e-11
21.09,4.5328263078625184e-11
21.095,4.509742014686637e-11
21.1,4.4867755360424893e-11
21.105,4.4639262692361166e-11
21.11,4.4411936146626796e-11
21.115000000000002,4.4185769757948276e-11
21.12,4.396075759165331e-11
21.125,4.373689374344813e-11
21.13,4.351417233939472e-11
21.135,4.3292587535639326e-11
21.14,4.3072133518281764e-11
21.145,4.2852804503258025e-11
21.150000000000002,4.2634594736175605e-11
21.155,4.2417498492134095e-11
21.16,4.220151007558938e-11
21.165,4.1986623820200886e-11
21.17,4.177283408870149e-11
21.175,4.156013527271409e-11
21.18,4.1348521792613314e-11
21.185,4.1137988097417973e-11
21.19,4.0928528664569265e-11
21.195,4.0720137999848404e-11
21.2,4.051281063720319e-11
21.205000000000002,4.030654113858809e-11
21.21,4.010132409386043e-11
21.215,3.989715412065006e-11
21.22,3.9694025864104596e-11
21.225,3.949193399687068e-11
21.23,3.929087321891041e-11
21.235,3.909083825735608e-11
21.240000000000002,3.889182386635843e-11
21.245,3.869382482697332e-11
21.25,3.849683594702515e-11
21.255,3.8300852060915325e-11
21.26,3.810586802956786e-11
21.265,3.791187874023666e-11
21.27,3.771887910639105e-11
21.275000000000002,3.752686406755653e-11
21.28,3.73358285892113e-11
21.285,3.714576766266773e-11
21.29,3.695667630486816e-11
21.295,3.676854955831711e-11
21.3,3.658138249092784e-11
21.305,3.6395170195909297e-11
21.31,3.620990779159232e-11
21.315,3.602559042136426e-11
21.32,3.584221325349026e-11
21.325,3.565977148099742e-11
21.330000000000002,3.547826032154195e-11
21.335,3.529767501730423e-11
21.34,3.511801083484569e-11
21.345,3.493926306500667e-11
21.35,3.476142702272602e-11
21.355,3.458449804699538e-11
21.36,3.440847150066211e-11
21.365000000000002,3.423334277033752e-11
21.37,3.405910726630004e-11
21.375,3.3885760422346485e-11
21.38,3.3713297695655544e-11
21.385,3.3541714566704865e-11
21.39,3.337100653909659e-11
21.395,3.3201169139553876e-11
21.400000000000002,3.3032197917592025e-11
21.405,3.286408844570921e-11
21.41,3.269683631891556e-11
21.415,3.2530437154921594e-11
21.42,3.2364886593835516e-11
21.425,3.2200180298088715e-11
21.43,3.203631395237473e-11
21.435,3.187328326353072e-11
21.44,3.171108396028641e-11
21.445,3.1549711793349854e-11
21.45,3.1389162535164746e-11
21.455000000000002,3.1229431979857764e-11
21.46,3.107051594307043e-11
21.465,3.0912410261921314e-11
21.47,3.075511079481232e-11
21.475,3.0598613421413177e-11
21.48,3.044291404245278e-11
21.485,3.028800857972588e-11
21.490000000000002,3.013389297584418e-11
21.495,2.998056319427016e-11
21.5,2.9828015219113436e-11
21.505,2.967624505506912e-11
21.51,2.952524872728862e-11
21.515,2.937502228129697e-11
21.52,2.922556178286306e-11
21.525000000000002,2.9076863317929424e-11
21.53,2.8928922992471224e-11
21.535,2.878173693242508e-11
21.54,2.86353012835424e-11
21.545,2.8489612211378408e-11
21.55,2.8344665901053002e-11
21.555,2.8200458557289734e-11
21.56,2.8056986404233294e-11
21.565,2.791424568533846e-11
21.57,2.7772232663337673e-11
21.575,2.763094362010951e-11
21.580000000000002,2.7490374856546936e-11
21.585,2.735052269248501e-11
21.59,2.721138346667729e-11
21.595,2.7072953536523752e-11
21.6,2.6935229278161968e-11
21.605,2.6798207086263693e-11
21.61,2.666188337393548e-11
21.615000000000002,2.6526254572722944e-11
21.62,2.63913171323979e-11
21.625,2.6257067520895557e-11
21.63,2.612350222427962e-11
21.635,2.599061774660368e-11
21.64,2.5858410609817605e-11
21.645,2.5726877353669903e-11
21.650000000000002,2.5596014535634192e-11
21.655,2.5465818730843976e-11
21.66,2.5336286531915095e-11
21.665,2.520741454898023e-11
21.67,2.507919940944346e-11
21.675,2.495163775806515e-11
21.68,2.4824726256746706e-11
21.685,2.469846158446926e-11
21.69,2.4572840437226795e-11
21.695,2.4447859527959818e-11
21.7,2.4323515586403293e-11
21.705000000000002,2.4199805359056688e-11
21.71,2.4076725609060994e-11
21.715,2.3954273116143877e-11
21.72,2.383244467654835e-11
21.725,2.37112371028188e-11
21.73,2.359064722395719e-11
21.735,2.3470671885099205e-11
21.740000000000002,2.3351307947567126e-11
21.745,2.323255228874832e-11
21.75,2.3114401802055986e-11
21.755,2.2996853396710943e-11
21.76,2.2879903997848253e-11
21.765,2.2763550546324588e-11
21.77,2.2647789998593455e-11
21.775000000000002,2.253261932681415e-11
21.78,2.2418035518513813e-11
21.785,2.230403557670957e-11
21.79,2.2190616519766008e-11
21.795,2.2077775381281357e-11
21.8,2.1965509210054728e-11
21.805,2.1853815069984168e-11
21.81,2.1742690040002625e-11
21.815,2.163213121399665e-11
21.82,2.152213570072734e-11
21.825,2.141270062372587e-11
21.830000000000002,2.1303823121303006e-11
21.835,2.1195500346371117e-11
21.84,2.1087729466439524e-11
21.845,2.0980507663478513e-11
21.85,2.0873832133949984e-11
21.855,2.076770008858892e-11
21.86,2.0662108752459267e-11
21.865000000000002,2.055705536477871e-11
21.87,2.0452537178972098e-11
21.875,2.0348551462427715e-11
21.88,2.0245095496581954e-11
21.885,2.0142166576736564e-11
21.89,2.0039762012119286e-11
21.895,1.9937879125622034e-11
21.900000000000002,1.983651525391288e-11
21.905,1.973566774726216e-11
21.91,1.9635333969487324e-11
21.915,1.9535511297912227e-11
21.92,1.9436197123272082e-11
21.925,1.933738884969102e-11
21.93,1.923908389451817e-11
21.935,1.914127968836605e-11
21.94,1.904397367495149e-11
21.945,1.8947163311115537e-11
21.95,1.885084606665985e-11
21.955000000000002,1.8755019424413107e-11
21.96,1.8659680880002624e-11
21.965,1.8564827941908796e-11
21.97,1.847045813135428e-11
21.975,1.837656898224495e-11
21.98,1.8283158041095652e-11
21.985,1.8190222866960067e-11
21.990000000000002,1.809776103145905e-11
21.995,1.800577011853084e-11
22.0,1.7914247724531093e-11
22.005,1.7823191458121045e-11
22.01,1.773259894016942e-11
22.015,1.7642467803718244e-11
22.02,1.7552795693938403e-11
22.025000000000002,1.7463580268048574e-11
22.03,1.737481919521984e-11
22.035,1.728651015657135e-11
22.04,1.7198650845091505e-11
22.045,1.7111238965541214e-11
22.05,1.7024272234461043e-11
22.055,1.6937748380057187e-11
22.06,1.685166514213127e-11
22.065,1.6766020272071365e-11
22.07,1.6680811532776254e-11
22.075,1.6596036698571575e-11
22.080000000000002,1.6511693555151038e-11
22.085,1.642777989959651e-11
22.09,1.634429354016516e-11
22.095,1.626123229641689e-11
22.1,1.6178593999024223e-11
22.105,1.6096376489717143e-11
22.11,1.6014577621312164e-11
22.115000000000002,1.5933195257645522e-11
22.12,1.585222727335408e-11
22.125,1.5771671554081562e-11
22.13,1.5691525996188198e-11
22.135,1.5611788506848548e-11
22.14,1.553245700391776e-11
22.145,1.545352941589472e-11
22.150000000000002,1.5375003681882768e-11
22.155,1.5296877751540857e-11
22.16,1.5219149584968775e-11
22.165,1.5141817152731737e-11
22.17,1.506487843579744e-11
22.175,1.4988331425391806e-11
22.18,1.4912174123059102e-11
22.185,1.4836404540540703e-11
22.19,1.47610206997971e-11
22.195,1.4686020632826372e-11
22.2,1.4611402381728766e-11
22.205000000000002,1.4537163998617272e-11
22.21,1.4463303545595987e-11
22.215,1.4389819094606318e-11
22.22,1.4316708727498699e-11
22.225,1.4243970535915283e-11
22.23,1.4171602621254208e-11
22.235,1.4099603094652236e-11
22.240000000000002,1.4027970076859154e-11
22.245,1.3956701698265062e-11
22.25,1.388579609877895e-11
22.255,1.3815251427871541e-11
22.26,1.3745065844450756e-11
22.265,1.3675237516814248e-11
22.27,1.360576462269167e-11
22.275000000000002,1.3536645349028132e-11
22.28,1.3467877892137657e-11
22.285,1.3399460457508868e-11
22.29,1.3331391259777523e-11
22.295,1.3263668522777382e-11
22.3,1.3196290479340949e-11
22.305,1.3129255371396462e-11
22.31,1.3062561449850374e-11
22.315,1.2996206974527159e-11
22.32,1.293019021415757e-11
22.325,1.2864509446329199e-11
22.330000000000002,1.2799162957416146e-11
22.335,1.2734149042568845e-11
22.34,1.2669466005658247e-11
22.345,1.2605112159207021e-11
22.35,1.254108582435596e-11
22.355,1.2477385330870795e-11
22.36,1.2414009017005436e-11
22.365000000000002,1.2350955229546665e-11
22.37,1.2288222323699473e-11
22.375,1.2225808663092093e-11
22.38,1.2163712619717617e-11
22.385,1.2101932573878368e-11
22.39,1.2040466914159347e-11
22.395,1.1979314037407589e-11
22.400000000000002,1.1918472348609397e-11
22.405,1.1857940260964875e-11
22.41,1.1797716195709442e-11
22.415,1.1737798582257648e-11
22.42,1.1678185857930382e-11
22.425,1.1618876468094869e-11
22.43,1.1559868866072e-11
22.435,1.150116151306742e-11
22.44,1.1442752878150886e-11
22.445,1.1384641438240268e-11
22.45,1.1326825677963478e-11
22.455000000000002,1.1269304089793967e-11
22.46,1.1212075173843644e-11
22.465,1.1155137437900547e-11
22.47,1.109848939738898e-11
22.475,1.1042129575323595e-11
22.48,1.098605650223948e-11
22.485,1.0930268716183816e-11
22.490000000000002,1.087476476270674e-11
22.495,1.081954319476797e-11
22.5,1.0764602572724837e-11
22.505,1.070994146426672e-11
22.51,1.0655558444450174e-11
22.515,1.0601452095571122e-11
22.52,1.0547621007193075e-11
22.525000000000002,1.049406377606243e-11
22.53,1.0440779006114261e-11
22.535,1.0387765308414795e-11
22.54,1.0335021301115262e-11
22.545,1.0282545609437417e-11
22.55,1.0230336865636895e-11
22.555,1.0178393708918402e-11
22.56,1.0126714785484142e-11
22.565,1.0075298748416133e-11
22.57,1.0024144257697104e-11
22.575,9.973249980166056e-12
22.580000000000002,9.922614589440012e-12
22.585,9.87223676594202e-12
22.59,9.822115196821505e-12
22.595,9.772248575936514e-12
22.6,9.722635603810368e-12
22.605,9.67327498761402e-12
22.61,9.62416544113711e-12
22.615000000000002,9.575305684702852e-12
22.62,9.526694445202467e-12
22.625,9.478330456008231e-12
22.63,9.430212456985912e-12
22.635,9.3823391944193e-12
22.64,9.334709421001944e-12
22.645,9.287321895793764e-12
22.650000000000002,9.240175384190242e-12
22.655,9.193268657930453e-12
22.66,9.146600494959586e-12
22.665,9.100169679522872e-12
22.67,9.053975002043744e-12
22.675,9.008015259140538e-12
22.68,8.96228925356057e-12
22.685,8.91679579417944e-12
22.69,8.871533695960805e-12
22.695,8.826501779893749e-12
22.7,8.781698873021447e-12
22.705000000000002,8.737123808352284e-12
22.71,8.692775424875755e-12
22.715,8.648652567480079e-12
22.72,8.604754086995507e-12
22.725,8.561078840068333e-12
22.73,8.517625689247905e-12
22.735,8.474393502823706e-12
22.740000000000002,8.43138115491855e-12
22.745,8.388587525369114e-12
22.75,8.346011499756496e-12
22.755,8.303651969331815e-12
22.76,8.261507831025758e-12
22.765,8.219577987386606e-12
22.77,8.177861346584013e-12
22.775000000000002,8.136356822343151e-12
22.78,8.095063333950029e-12
22.785,8.05397980619343e-12
22.79,8.013105169383156e-12
22.795,7.972438359247419e-12
22.8,7.931978316988274e-12
22.805,7.891723989181907e-12
22.81,7.851674327811219e-12
22.815,7.81182829018532e-12
22.82,7.77218483895056e-12
22.825,7.732742942055708e-12
22.830000000000002,7.693501572691832e-12
22.835,7.654459709324805e-12
22.84,7.61561633562022e-12
22.845,7.57697044042445e-12
22.85,7.538521017762329e-12
22.855,7.50026706678262e-12
22.86,7.462207591755147e-12
22.865000000000002,7.424341602008665e-12
22.87,7.386668111959919e-12
22.875,7.349186141042963e-12
22.88,7.3118947136883e-12
22.885,7.274792859324597e-12
22.89,7.237879612318223e-12
22.895,7.201154011984627e-12
22.900000000000002,7.164615102519402e-12
22.905,7.1282619330153685e-12
22.91,7.092093557410986e-12
22.915,7.0561090344722525e-12
22.92,7.020307427779646e-12
22.925,6.984687805679122e-12
22.93,6.949249241292519e-12
22.935,6.91399081245475e-12
22.94,6.878911601694351e-12
22.945,6.844010696255522e-12
22.95,6.809287188037274e-12
22.955000000000002,6.7747401735370244e-12
22.96,6.740368753914031e-12
22.965,6.706172034871312e-12
22.97,6.672149126710601e-12
22.975,6.638299144245719e-12
22.98,6.604621206828186e-12
22.985,6.571114438301159e-12
22.990000000000002,6.537777966956623e-12
22.995,6.504610925573746e-12
23.0,6.471612451328996e-12
23.005,6.438781685808891e-12
23.01,6.4061177749930684e-12
23.015,6.3736198691911124e-12
23.02,6.341287123076896e-12
23.025000000000002,6.309118695623004e-12
23.03,6.2771137501038324e-12
23.035,6.245271454060557e-12
23.04,6.213590979262762e-12
23.045,6.18207150173639e-12
23.05,6.150712201694608e-12
23.055,6.119512263545022e-12
23.06,6.088470875846383e-12
23.065,6.057587231290105e-12
23.07,6.026860526709631e-12
23.075,5.996289963022185e-12
23.080000000000002,5.965874745220128e-12
23.085,5.935614082371493e-12
23.09,5.905507187535632e-12
23.095,5.875553277854681e-12
23.1,5.84575157440032e-12
23.105,5.816101302255258e-12
23.11,5.786601690445103e-12
23.115000000000002,5.7572519719234486e-12
23.12,5.7280513835750724e-12
23.125,5.698999166156968e-12
23.13,5.670094564318211e-12
23.135,5.641336826552849e-12
23.14,5.612725205163394e-12
23.145,5.58425895632589e-12
23.150000000000002,5.555937339950661e-12
23.155,5.527759619771025e-12
23.16,5.4997250632493445e-12
23.165,5.471832941569604e-12
23.17,5.444082529688757e-12
23.175,5.416473106204131e-12
23.18,5.389003953430145e-12
23.185,5.3616743573246425e-12
23.19,5.334483607493629e-12
23.195,5.307430997171502e-12
23.2,5.280515823177481e-12
23.205000000000002,5.253737385944029e-12
23.21,5.2270949894679545e-12
23.215,5.200587941277808e-12
23.22,5.17421555244318e-12
23.225,5.1479771375560185e-12
23.23,5.121872014698957e-12
23.235,5.09589950542756e-12
23.240000000000002,5.070058934756723e-12
23.245,5.044349631170389e-12
23.25,5.0187709265299616e-12
23.255,4.993322156148218e-12
23.26,4.9680026587051265e-12
23.265,4.942811776263604e-12
23.27,4.9177488542292915e-12
23.275000000000002,4.89281324136604e-12
23.28,4.8680042897341255e-12
23.285,4.8433213547190565e-12
23.29,4.818763794999652e-12
23.295,4.7943309724891405e-12
23.3,4.7700222523935125e-12
23.305,4.74583700313693e-12
23.31,4.721774596367998e-12
23.315,4.697834406928861e-12
23.32,4.6740158128798265e-12
23.325,4.650318195425339e-12
23.330000000000002,4.6267409389325935e-12
23.335,4.603283430903502e-12
23.34,4.579945061979612e-12
23.345,4.556725225893893e-12
23.35,4.533623319470667e-12
23.355,4.510638742627879e-12
23.36,4.4877708983186186e-12
23.365000000000002,4.465019192556083e-12
23.37,4.4423830343828135e-12
23.375,4.419861835836574e-12
23.38,4.3974550119857114e-12
23.385,4.375161980851147e-12
23.39,4.35298216342653e-12
23.395,4.330914983678213e-12
23.400000000000002,4.30895986848323e-12
23.405,4.287116247650154e-12
23.41,4.2653835539039615e-12
23.415,4.243761222846121e-12
23.42,4.222248692978124e-12
23.425,4.200845405637756e-12
23.43,4.179550805022867e-12
23.435,4.158364338166995e-12
23.44,4.137285454914655e-12
23.445,4.116313607935904e-12
23.45,4.095448252662217e-12
23.455000000000002,4.074688847328146e-12
23.46,4.054034852913213e-12
23.465,4.0334857331441654e-12
23.47,4.013040954483547e-12
23.475,3.992699986123952e-12
23.48,3.97246229994986e-12
23.485,3.9523273705536595e-12
23.490000000000002,3.932294675191016e-12
23.495,3.912363693792714e-12
23.5,3.892533908921856e-12
23.505,3.8728048058163946e-12
23.51,3.853175872289787e-12
23.515,3.8336465988085275e-12
23.52,3.814216478425667e-12
23.525000000000002,3.794885006743106e-12
23.53,3.775651681989033e-12
23.535,3.7565160049118295e-12
23.54,3.737477478816336e-12
23.545,3.718535609537213e-12
23.55,3.6996899054324476e-12
23.555,3.680939877356424e-12
23.56,3.662285038664564e-12
23.565,3.6437249051966755e-12
23.57,3.6252589952356728e-12
23.575,3.6068868295566447e-12
23.580000000000002,3.5886079313521207e-12
23.585,3.570421826243384e-12
23.59,3.552328042282303e-12
23.595,3.534326109923431e-12
23.6,3.5164155620036447e-12
23.605,3.4985959337453615e-12
23.61,3.4808667627436395e-12
23.615000000000002,3.4632275889694175e-12
23.62,3.445677954680864e-12
23.625,3.428217404532645e-12
23.63,3.4108454854589726e-12
23.635,3.3935617467213963e-12
23.64,3.3763657398631294e-12
23.645,3.3592570187340546e-12
23.650000000000002,3.342235139444898e-12
23.655,3.325299660357603e-12
23.66,3.3084501421103576e-12
23.665,3.2916861475575464e-12
23.67,3.2750072417879474e-12
23.675,3.258412992113878e-12
23.68,3.2419029680330134e-12
23.685,3.2254767412737464e-12
23.69,3.2091338857051323e-12
23.695,3.192873977389174e-12
23.7,3.1766965945329416e-12
23.705000000000002,3.160601317526518e-12
23.71,3.1445877288574953e-12
23.715,3.128655413160252e-12
23.72,3.112803957183619e-12
23.725,3.0970329497858837e-12
23.73,3.0813419818975693e-12
23.735,3.0657306465758536e-12
23.740000000000002,3.0501985389153723e-12
23.745,3.034745256088055e-12
23.75,3.0193703973030896e-12
23.755,3.004073563843467e-12
23.76,2.988854358980117e-12
23.765,2.973712388042813e-12
23.77,2.958647258345136e-12
23.775000000000002,2.9436585792313596e-12
23.78,2.928745962010077e-12
23.785,2.9139090199574144e-12
23.79,2.8991473683773593e-12
23.795,2.884460624453075e-12
23.8,2.86984840740653e-12
23.805,2.855310338303959e-12
23.81,2.8408460402357727e-12
23.815,2.8264551381409128e-12
23.82,2.8121372588969073e-12
23.825,2.7978920312916354e-12
23.830000000000002,2.783719085991409e-12
23.835,2.769618055533566e-12
23.84,2.7555885743452033e-12
23.845,2.741630278715716e-12
23.85,2.727742806767393e-12
23.855,2.713925798484949e-12
23.86,2.7001788956821237e-12
23.865000000000002,2.686501741992578e-12
23.87,2.6728939828695926e-12
23.875,2.659355265562021e-12
23.88,2.6458852391314823e-12
23.885,2.632483554416195e-12
23.89,2.6191498640458416e-12
23.895,2.605883822392126e-12
23.900000000000002,2.5926850856161143e-12
23.905,2.5795533116029648e-12
23.91,2.5664881600161483e-12
23.915,2.5534892922120677e-12
23.92,2.5405563713048915e-12
23.925,2.5276890620907487e-12
23.93,2.5148870311089226e-12
23.935000000000002,2.502149946577482e-12
23.94,2.4894774783967826e-12
23.945,2.4768692981793473e-12
23.95,2.4643250791587812e-12
23.955000000000002,2.451844496287765e-12
23.96,2.4394272261364398e-12
23.965,2.427072946937002e-12
23.97,2.414781338557129e-12
23.975,2.402552082504465e-12
23.98,2.39038486187602e-12
23.985,2.3782793614356087e-12
23.990000000000002,2.3662352675034567e-12
23.995,2.3542522679999292e-12
24.0,2.3423300524905865e-12
24.005,2.3304683120442644e-12
24.01,2.318666739361101e-12
24.015,2.306925028670183e-12
24.02,2.2952428757732005e-12
24.025000000000002,2.2836199780360585e-12
24.03,2.2720560343311943e-12
24.035,2.2605507450849584e-12
24.04,2.2491038122491417e-12
24.045,2.2377149392846593e-12
24.05,2.226383831167464e-12
24.055,2.2151101943826802e-12
24.060000000000002,2.2038937368897676e-12
24.065,2.1927341681538357e-12
24.07,2.1816311991097502e-12
24.075,2.170584542168571e-12
24.080000000000002,2.1595939112033394e-12
24.085,2.1486590215423964e-12
24.09,2.137779589961575e-12
24.095,2.1269553346929276e-12
24.1,2.1161859753770677e-12
24.105,2.105471233102336e-12
24.11,2.094810830374794e-12
24.115000000000002,2.0842044910980427e-12
24.12,2.0736519406086207e-12
24.125,2.0631529056194295e-12
24.13,2.0527071142258396e-12
24.135,2.0423142959376753e-12
24.14,2.031974181615333e-12
24.145,2.0216865035069825e-12
24.150000000000002,2.0114509952075773e-12
24.155,2.0012673916836066e-12
24.16,1.991135429234365e-12
24.165,1.9810548455228537e-12
24.17,1.9710253795177532e-12
24.175,1.961046771550396e-12
24.18,1.9511187632478387e-12
24.185000000000002,1.9412410975678464e-12
24.19,1.931413518753371e-12
24.195,1.9216357723858648e-12
24.2,1.9119076053029203e-12
24.205000000000002,1.902228765651739e-12
24.21,1.8925990028746874e-12
24.215,1.8830180676608334e-12
24.22,1.8734857119754825e-12
24.225,1.8640016890494247e-12
24.23,1.854565753390174e-12
24.235,1.8451776607157055e-12
24.240000000000002,1.835837168010619e-12
24.245,1.8265440335071623e-12
24.25,1.8172980166254264e-12
24.255,1.8080988780632763e-12
24.26,1.7989463797000835e-12
24.265,1.789840284628229e-12
24.27,1.7807803571690278e-12
24.275000000000002,1.7717663628305713e-12
24.28,1.7627980682940862e-12
24.285,1.75387524146307e-12
24.29,1.7449976513994418e-12
24.295,1.7361650683497717e-12
24.3,1.7273772637198936e-12
24.305,1.7186340100959444e-12
24.310000000000002,1.709935081199914e-12
24.315,1.7012802519116073e-12
24.32,1.6926692982735794e-12
24.325,1.684101997454819e-12
24.330000000000002,1.6755781277400355e-12
24.335,1.6670974685790386e-12
24.34,1.6586598005169412e-12
24.345,1.650264905220892e-12
24.35,1.6419125654794913e-12
24.355,1.6336025651664639e-12
24.36,1.6253346892782331e-12
24.365000000000002,1.6171087238844476e-12
24.37,1.6089244561609076e-12
24.375,1.6007816743476889e-12
24.38,1.592680167784108e-12
24.385,1.5846197268641707e-12
24.39,1.5766001430501281e-12
24.395,1.5686212088631437e-12
24.400000000000002,1.5606827178999995e-12
24.405,1.5527844647860295e-12
24.41,1.5449262451934665e-12
24.415,1.5371078558479653e-12
24.42,1.5293290944899246e-12
24.425,1.5215897599056339e-12
24.43,1.513889651897716e-12
24.435000000000002,1.5062285712758624e-12
24.44,1.498606319892023e-12
24.445,1.49102270058148e-12
24.45,1.4834775171842144e-12
24.455000000000002,1.4759705745478753e-12
24.46,1.4685016785045952e-12
24.465,1.4610706358868263e-12
24.47,1.4536772544957742e-12
24.475,1.4463213431121008e-12
24.48,1.4390027114926673e-12
24.485,1.4317211703686725e-12
24.490000000000002,1.424476531416146e-12
24.495,1.4172686072851641e-12
24.5,1.4100972115762592e-12
24.505,1.4029621588291315e-12
24.51,1.3958632645336695e-12
24.515,1.3888003451220074e-12
24.52,1.3817732179518635e-12
24.525000000000002,1.3747817013028146e-12
24.53,1.3678256144090169e-12
24.535,1.3609047773922048e-12
24.54,1.3540190113022485e-12
24.545,1.3471681380914391e-12
24.55,1.3403519806402091e-12
24.555,1.333570362690165e-12
24.560000000000002,1.3268231089213275e-12
24.565,1.3201100448755215e-12
24.57,1.3134309970007331e-12
24.575,1.3067857926129533e-12
24.580000000000002,1.300174259909551e-12
24.585,1.293596227975655e-12
24.59,1.2870515267455715e-12
24.595,1.2805399870295728e-12
24.6,1.2740614404983552e-12
24.605,1.267615719674614e-12
24.61,1.26120265793401e-12
24.615000000000002,1.2548220895015352e-12
24.62,1.2484738494404e-12
24.625,1.2421577736611585e-12
24.63,1.23587369889917e-12
24.635,1.2296214627225544e-12
24.64,1.2234009035233394e-12
24.645,1.2172118605380299e-12
24.650000000000002,1.2110541737786108e-12
24.655,1.204927684111089e-12
24.66,1.1988322331756911e-12
24.665,1.1927676634427468e-12
24.67,1.1867338181824345e-12
24.675,1.1807305414447206e-12
24.68,1.1747576780851024e-12
24.685000000000002,1.1688150737531168e-12
24.69,1.162902574858626e-12
24.695,1.1570200286267967e-12
24.7,1.1511672830390835e-12
24.705000000000002,1.1453441868375512e-12
24.71,1.1395505895638185e-12
24.715,1.1337863415071517e-12
24.72,1.1280512937129449e-12
24.725,1.122345297998723e-12
24.73,1.1166682069177568e-12
24.735,1.1110198737949996e-12
24.740000000000002,1.1054001526770511e-12
24.745,1.0998088983595146e-12
24.75,1.0942459664022136e-12
24.755,1.088711213060989e-12
24.76,1.0832044953412968e-12
24.765,1.0777256709740367e-12
24.77,1.0722745984051811e-12
24.775000000000002,1.0668511368200863e-12
24.78,1.0614551461015572e-12
24.785,1.0560864868509962e-12
24.79,1.0507450203756008e-12
24.795,1.045430608692654e-12
24.8,1.0401431145128954e-12
24.805,1.0348824012570838e-12
24.810000000000002,1.0296483330330345e-12
24.815,1.0244407746250766e-12
24.82,1.0192595915392508e-12
24.825,1.0141046499283893e-12
24.830000000000002,1.0089758166544058e-12
24.835,1.0038729592292828e-12
24.84,9.987959458687165e-13
24.845,9.937446454333055e-13
24.85,9.887189274620518e-13
24.855,9.837186621428201e-13
24.86,9.78743720351324e-13
24.865000000000002,9.737939735939675e-13
24.87,9.68869294044368e-13
24.875,9.639695545087942e-13
24.88,9.590946284636009e-13
24.885,9.542443900130822e-13
24.89,9.49418713901395e-13
24.895,9.446174755072982e-13
24.900000000000002,9.39840550858194e-13
24.905,9.350878165959649e-13
24.91,9.303591499919342e-13
24.915,9.25654428947885e-13
24.92,9.209735319784392e-13
24.925,9.163163382208346e-13
24.93,9.116827274248727e-13
24.935000000000002,9.070725799516941e-13
24.94,9.024857767566307e-13
24.945,8.979221994310222e-13
24.95,8.933817301472947e-13
24.955000000000002,8.888642516729432e-13
24.96,8.843696473773841e-13
24.965,8.798978012258602e-13
24.97,8.754485977644865e-13
24.975,8.710219221431806e-13
24.98,8.666176600672259e-13
24.985,8.622356978591649e-13
24.990000000000002,8.578759223787784e-13
24.995,8.535382210931737e-13
25.0,8.492224820285435e-13
25.005,8.449285937800189e-13
25.01,8.406564455034936e-13
25.015,8.364059269294591e-13
25.02,8.321769283403188e-13
25.025000000000002,8.27969340579783e-13
25.03,8.237830550537764e-13
25.035,8.196179636890993e-13
25.04,8.154739590029098e-13
25.045,8.113509340301922e-13
25.05,8.072487823669542e-13
25.055,8.031673981263958e-13
25.060000000000002,7.991066759901936e-13
25.065,7.950665111486819e-13
25.07,7.91046799336861e-13
25.075,7.870474368207891e-13
25.080000000000002,7.830683203890779e-13
25.085,7.791093473591254e-13
25.09,7.751704155588708e-13
25.095,7.712514233436027e-13
25.1,7.673522695907213e-13
25.105,7.634728536857458e-13
25.11,7.596130755175192e-13
25.115000000000002,7.557728355000732e-13
25.12,7.519520345332573e-13
25.125,7.481505740366327e-13
25.13,7.443683559241309e-13
25.135,7.406052826074835e-13
25.14,7.368612569935877e-13
25.145,7.331361824834756e-13
25.150000000000002,7.294299629771344e-13
25.155,7.257425028512324e-13
25.16,7.220737069544924e-13
25.165,7.184234806636361e-13
25.17,7.147917297892933e-13
25.175,7.111783606429209e-13
25.18,7.075832800160306e-13
25.185000000000002,7.040063951598519e-13
25.19,7.004476138045068e-13
25.195,6.969068441452577e-13
25.2,6.933839948514453e-13
25.205000000000002,6.898789750367379e-13
25.21,6.863916942981041e-13
25.215,6.8292206269125e-13
25.22,6.794699907066665e-13
25.225,6.760353893122454e-13
25.23,6.726181699172015e-13
25.235,6.69218244382453e-13
25.240000000000002,6.658355250097942e-13
25.245,6.624699245622941e-13
25.25,6.591213562325737e-13
25.255,6.557897336707035e-13
25.26,6.524749709270744e-13
25.265,6.491769825298287e-13
25.27,6.458956834377955e-13
25.275000000000002,6.426309890135045e-13
25.28,6.39382815063949e-13
25.285,6.361510778263382e-13
25.29,6.329356939739568e-13
25.295,6.29736580578537e-13
25.3,6.265536551462019e-13
25.305,6.233868356148604e-13
25.310000000000002,6.202360403086458e-13
25.315,6.171011879850765e-13
25.32,6.139821978206022e-13
25.325,6.108789893853758e-13
25.330000000000002,6.077914826771935e-13
25.335,6.047195980757123e-13
25.34,6.016632563828138e-13
25.345,5.986223788056956e-13
25.35,5.955968869345024e-13
25.355,5.925867027698206e-13
25.36,5.895917486980592e-13
25.365000000000002,5.866119475163268e-13
25.37,5.836472224006756e-13
25.375,5.806974969208734e-13
25.38,5.777626950311295e-13
25.385,5.748427410842831e-13
25.39,5.71937559793811e-13
25.395,5.690470762769622e-13
25.400000000000002,5.661712160235997e-13
25.405,5.633099049058439e-13
25.41,5.604630691506899e-13
25.415,5.576306353979322e-13
25.42,5.548125306310889e-13
25.425,5.520086822049283e-13
25.43,5.492190178572381e-13
25.435000000000002,5.464434656825023e-13
25.44,5.436819541428278e-13
25.445,5.409344120649039e-13
25.45,5.382007686381173e-13
25.455000000000002,5.354809534039092e-13
25.46,5.327748962660724e-13
25.465,5.300825274888481e-13
25.47,5.274037776811049e-13
25.475,5.247385778067067e-13
25.48,5.220868591886176e-13
25.485,5.19448553486628e-13
25.490000000000002,5.168235927083094e-13
25.495,5.14211909217468e-13
25.5,5.116134357129498e-13
25.505,5.090281052360148e-13
25.51,5.064558511643995e-13
25.515,5.038966072220636e-13
25.52,5.01350307453532e-13
25.525000000000002,4.988168862647441e-13
25.53,4.962962783623161e-13
25.535,4.937884188204925e-13
25.54,4.912932430014822e-13
25.545,4.888106866405635e-13
25.55,4.863406857528689e-13
25.555,4.838831767205784e-13
25.560000000000002,4.814380962092893e-13
25.565,4.790053812532343e-13
25.57,4.765849691474985e-13
25.575,4.741767975580845e-13
25.580000000000002,4.717808044459578e-13
25.585,4.693969280760674e-13
25.59,4.67025107044605e-13
25.595,4.646652802494158e-13
25.6,4.623173869043926e-13
25.605,4.599813665183542e-13
25.61,4.576571589316972e-13
25.615000000000002,4.553447042719183e-13
25.62,4.5304394297219684e-13
25.625,4.507548157639786e-13
25.63,4.4847726369223803e-13
25.635,4.462112280892657e-13
25.64,4.439566506001896e-13
25.645,4.4171347314220347e-13
25.650000000000002,4.3948163795226403e-13
25.655,4.3726108753624723e-13
25.66,4.3505176471476524e-13
25.665,4.3285361258577736e-13
25.67,4.3066657453775423e-13
25.675,4.284905942477399e-13
25.68,4.263256156687549e-13
25.685000000000002,4.2417158306553987e-13
25.69,4.2202844094566636e-13
25.695,4.1989613413219396e-13
25.7,4.177746077223499e-13
25.705000000000002,4.1566380706190165e-13
25.71,4.1356367781585564e-13
25.715,4.1147416590656326e-13
25.72,4.0939521751814704e-13
25.725,4.0732677912669113e-13
25.73,4.052687974674765e-13
25.735,4.0322121956165454e-13
25.740000000000002,4.0118399268049394e-13
25.745,3.9915706437138437e-13
25.75,3.971403824469932e-13
25.755,3.951338949882556e-13
25.76,3.9313755033124436e-13
25.765,3.9115129708388526e-13
25.77,3.8917508410689327e-13
25.775000000000002,3.8720886051855485e-13
25.78,3.852525757097534e-13
25.785,3.833061793097847e-13
25.79,3.8136962121769414e-13
25.795,3.7944285157772103e-13
25.8,3.7752582078798635e-13
25.805,3.756184795024922e-13
25.810000000000002,3.737207786294737e-13
25.815,3.7183266929800904e-13
25.82,3.6995410293065537e-13
25.825,3.6808503116728977e-13
25.830000000000002,3.662254058929467e-13
25.835,3.643751792370174e-13
25.84,3.625343035832318e-13
25.845,3.607027315553018e-13
25.85,3.5888041600093574e-13
25.855,3.5706731002004545e-13
25.86,3.552633669541784e-13
25.865000000000002,3.534685403680775e-13
25.87,3.516827840776338e-13
25.875,3.4990605211776903e-13
25.88,3.4813829876185067e-13
25.885,3.463794785253675e-13
25.89,3.4462954613208923e-13
25.895,3.428884565615333e-13
25.900000000000002,3.4115616500949456e-13
25.905,3.3943262688362026e-13
25.91,3.377177978412313e-13
25.915,3.360116337579145e-13
25.92,3.3431409073183176e-13
25.925,3.3262512507408177e-13
25.93,3.309446933297689e-13
25.935000000000002,3.2927275225665064e-13
25.94,3.2760925884150544e-13
25.945,3.259541702776661e-13
25.95,3.243074439822302e-13
25.955000000000002,3.2266903759274023e-13
25.96,3.210389089386491e-13
25.965,3.194170160951942e-13
25.97,3.1780331732781845e-13
25.975,3.161977711189445e-13
25.98,3.146003361763942e-13
25.985,3.1301097138598243e-13
25.990000000000002,3.114296358672819e-13
25.995,3.0985628893385144e-13
26.0,3.082908901228273e-13
26.005,3.067333991563365e-13
26.01,3.0518377596948514e-13
26.015,3.0364198070216085e-13
26.02,3.021079736851378e-13
26.025000000000002,3.005817154759837e-13
26.03,2.990631668010138e-13
26.035,2.975522886097595e-13
26.04,2.9604904203036e-13
26.045,2.9455338840654505e-13
26.05,2.93065289263483e-13
26.055,2.9158470632588215e-13
26.060000000000002,2.90111601512475e-13
26.065,2.8864593694552506e-13
26.07,2.8718767491071617e-13
26.075,2.857367779186832e-13
26.080000000000002,2.8429320865854994e-13
26.085,2.828569299945708e-13
26.09,2.814279049813444e-13
26.095,2.800060968887288e-13
26.1,2.7859146914447046e-13
26.105,2.771839853633183e-13
26.11,2.757836093596152e-13
26.115000000000002,2.743903051183438e-13
26.12,2.730040368077765e-13
26.125,2.716247687873756e-13
26.13,2.702524655870626e-13
26.135,2.6888709192538216e-13
26.14,2.6752861268977e-13
26.145,2.661769929431823e-13
26.150000000000002,2.6483219794404067e-13
26.155,2.6349419311051155e-13
26.16,2.6216294403487517e-13
26.165,2.608384165088354e-13
26.17,2.5952057645636074e-13
26.175,2.5820939000496307e-13
26.18,2.569048234500155e-13
26.185000000000002,2.556068432397744e-13
26.19,2.543154160103832e-13
26.195,2.53030508569675e-13
26.2,2.5175208786764044e-13
26.205000000000002,2.50480121052983e-13
26.21,2.492145754283344e-13
26.215,2.4795541845053903e-13
26.22,2.4670261775929475e-13
26.225,2.4545614114798316e-13
26.23,2.442159565709776e-13
26.235,2.429820321661193e-13
26.240000000000002,2.4175433620053004e-13
26.245,2.4053283712205137e-13
26.25,2.393175035294756e-13
26.255,2.3810830418954077e-13
26.26,2.369052080245218e-13
26.265,2.3570818410382645e-13
26.27,2.345172016706872e-13
26.275000000000002,2.333322301084213e-13
26.28,2.3215323897120305e-13
26.285,2.309801979449441e-13
26.29,2.2981307689386734e-13
26.295,2.2865184582554095e-13
26.3,2.2749647488602055e-13
26.305,2.2634693438627694e-13
26.310000000000002,2.2520319478868595e-13
26.315,2.2406522669884914e-13
26.32,2.229330008769371e-13
26.325,2.2180648823232205e-13
26.330000000000002,2.2068565980470337e-13
26.335,2.1957048679768483e-13
26.34,2.184609405600522e-13
26.345,2.1735699257729402e-13
26.35,2.1625861449302362e-13
26.355,2.1516577807399063e-13
26.36,2.1407845524931931e-13
26.365000000000002,2.1299661806803888e-13
26.37,2.1192023874917814e-13
26.375,2.108492896358091e-13
26.38,2.0978374319723285e-13
26.385,2.0872357208042277e-13
26.39,2.076687490317689e-13
26.395,2.0661924695912095e-13
26.400000000000002,2.0557503890199615e-13
26.405,2.0453609802652846e-13
26.41,2.0350239764187896e-13
26.415,2.0247391120309198e-13
26.42,2.0145061228449402e-13
26.425,2.0043247460211292e-13
26.43,1.9941947199341743e-13
26.435000000000002,1.9841157844580849e-13
26.44,1.9740876806732127e-13
26.445,1.9641101509147105e-13
26.45,1.9541829390431946e-13
26.455000000000002,1.944305789961532e-13
26.46,1.9344784499294314e-13
26.465,1.924700666730512e-13
26.47,1.9149721890539119e-13
26.475,1.9052927669808278e-13
26.48,1.8956621521374362e-13
26.485,1.8860800970501768e-13
26.490000000000002,1.876546355549908e-13
26.495,1.8670606828971352e-13
26.5,1.857622835389551e-13
26.505,1.8482325708585849e-13
26.51,1.8388896478719526e-13
26.515,1.8295938266804948e-13
26.52,1.8203448685344354e-13
26.525000000000002,1.8111425358722077e-13
26.53,1.8019865924482923e-13
26.535,1.7928768031144087e-13
26.54,1.7838129339867531e-13
26.545,1.7747947522587008e-13
26.55,1.765822026378679e-13
26.555,1.7568945260165397e-13
26.560000000000002,1.7480120218014392e-13
26.565,1.7391742859084787e-13
26.57,1.7303810911622288e-13
26.575,1.7216322120454708e-13
26.580000000000002,1.7129274236963363e-13
26.585,1.70426650274454e-13
26.59,1.6956492268052715e-13
26.595,1.6870753746907697e-13
26.6,1.678544726215009e-13
26.605,1.670057062457695e-13
26.61,1.6616121653514633e-13
26.615000000000002,1.6532098182899198e-13
26.62,1.6448498055179148e-13
26.625,1.6365319123767854e-13
26.63,1.6282559254604867e-13
26.635,1.6200216321375973e-13
26.64,1.611828821191897e-13
26.645,1.6036772823059768e-13
26.650000000000002,1.5955668060852336e-13
26.655,1.587497184598373e-13
26.66,1.5794682104713444e-13
26.665,1.5714796778841963e-13
26.67,1.56353138153675e-13
26.675,1.555623117621419e-13
26.68,1.5477546830375538e-13
26.685000000000002,1.5399258759352173e-13
26.69,1.532136495280736e-13
26.695,1.5243863412008378e-13
26.7,1.5166752148667857e-13
26.705000000000002,1.509002918249835e-13
26.71,1.5013692546447882e-13
26.715,1.493774027958268e-13
26.72,1.4862170433509567e-13
26.725,1.4786981069384808e-13
26.73,1.4712170257700085e-13
26.735,1.4637736077340385e-13
26.740000000000002,1.4563676620360244e-13
26.745,1.4489989985609128e-13
26.75,1.4416674281191932e-13
26.755,1.4343727626864367e-13
26.76,1.427114815155722e-13
26.765,1.419893399221566e-13
26.77,1.4127083295574317e-13
26.775000000000002,1.4055594218399207e-13
26.78,1.3984464927182882e-13
26.785,1.39136935960206e-13
26.79,1.3843278410372844e-13
26.795,1.3773217562469724e-13
26.8,1.3703509255822117e-13
26.805,1.3634151700981724e-13
26.810000000000002,1.356514311989181e-13
26.815,1.349648174136353e-13
26.82,1.3428165804805112e-13
26.825,1.3360193556563323e-13
26.830000000000002,1.3292563253854244e-13
26.835,1.3225273162826e-13
26.84,1.315832155493183e-13
26.845,1.3091706713792872e-13
26.85,1.3025426931625884e-13
26.855,1.2959480507891178e-13
26.86,1.2893865750189718e-13
26.865000000000002,1.282858097584452e-13
26.87,1.2763624512073506e-13
26.875,1.269899469054367e-13
26.88,1.2634689855245096e-13
26.885,1.257070835562599e-13
26.89,1.2507048552152745e-13
26.895,1.2443708811682118e-13
26.900000000000002,1.238068750934967e-13
26.905,1.2317983028668622e-13
26.91,1.2255593762717355e-13
26.915,1.219351811044715e-13
26.92,1.2131754481039173e-13
26.925,1.2070301290815643e-13
26.93,1.2009156961874429e-13
26.935000000000002,1.194831992796927e-13
26.94,1.1887788628857972e-13
26.945,1.1827561512719989e-13
26.95,1.1767637035179225e-13
26.955000000000002,1.1708013658211552e-13
26.96,1.1648689855025073e-13
26.965,1.1589664103963665e-13
26.97,1.1530934891634674e-13
26.975,1.1472500711517978e-13
26.98,1.141436006624509e-13
26.985,1.1356511465427389e-13
26.990000000000002,1.1298953424968908e-13
26.995,1.1241684470600305e-13
27.0,1.1184703132524145e-13
27.005,1.1128007951792517e-13
27.01,1.1071597473331609e-13
27.015,1.1015470251683546e-13
27.02,1.0959624848883455e-13
27.025000000000002,1.0904059831944319e-13
27.03,1.0848773777569098e-13
27.035,1.0793765268270412e-13
27.04,1.0739032893781584e-13
27.045,1.0684575251478541e-13
27.05,1.063039094572243e-13
27.055,1.0576478587149564e-13
27.060000000000002,1.052283679422272e-13
27.065,1.0469464192498516e-13
27.07,1.0416359413187066e-13
27.075,1.0363521096001478e-13
27.080000000000002,1.0310947886095853e-13
27.085,1.0258638436904707e-13
27.09,1.0206591407445191e-13
27.095,1.0154805463576663e-13
27.1,1.0103279278301161e-13
27.105,1.0052011532157245e-13
27.11,1.0001000910032449e-13
27.115000000000002,9.950246105496425e-14
27.12,9.899745817741743e-14
27.125,9.849498752779124e-14
27.13,9.79950362333806e-14
27.135,9.749759147771569e-14
27.14,9.700264051420285e-14
27.145,9.651017067121748e-14
27.150000000000002,9.602016932318998e-14
27.155,9.553262391339059e-14
27.16,9.504752195829551e-14
27.165,9.456485102787194e-14
27.17,9.408459874376667e-14
27.175,9.360675281783141e-14
27.18,9.313130100762475e-14
27.185000000000002,9.265823111816133e-14
27.19,9.218753104690391e-14
27.195,9.171918872823593e-14
27.2,9.125319216470619e-14
27.205000000000002,9.078952941831943e-14
27.21,9.032818861135351e-14
27.215,8.986915793092117e-14
27.22,8.941242561023681e-14
27.225,8.895797996956595e-14
27.23,8.850580935068212e-14
27.235,8.80559021814189e-14
27.240000000000002,8.760824692638611e-14
27.245,8.716283213211417e-14
27.25,8.671964639045085e-14
27.255,8.627867834105353e-14
27.26,8.583991670747336e-14
27.265,8.540335023109983e-14
27.27,8.496896774694819e-14
27.275000000000002,8.453675813312721e-14
27.28,8.41067103066398e-14
27.285,8.367881326510322e-14
27.29,8.325305605545359e-14
27.295,8.282942776363683e-14
27.3,8.240791755219727e-14
27.305,8.198851462177474e-14
27.310000000000002,8.15712082407171e-14
27.315,8.115598771345331e-14
27.32,8.074284241474079e-14
27.325,8.033176177089504e-14
27.330000000000002,7.992273524990001e-14
27.335,7.951575238307332e-14
27.34,7.911080274319421e-14
27.345,7.870787597393898e-14
27.35,7.830696175367513e-14
27.355,7.79080498241137e-14
27.36,7.751112996935779e-14
27.365000000000002,7.711619203062139e-14
27.37,7.672322588794722e-14
27.375,7.633222149471791e-14
27.38,7.594316884166838e-14
27.385,7.555605796647842e-14
27.39,7.51708789578674e-14
27.395,7.478762196903507e-14
27.400000000000002,7.44062771713997e-14
27.405,7.40268348140151e-14
27.41,7.364928518988809e-14
27.415,7.327361863212798e-14
27.42,7.289982552236513e-14
27.425,7.252789629810907e-14
27.43,7.215782144627358e-14
27.435000000000002,7.178959148388779e-14
27.44,7.142319700166865e-14
27.445,7.105862861841395e-14
27.45,7.069587699726977e-14
27.455000000000002,7.033493285711864e-14
27.46,6.997578697116078e-14
27.465,6.961843014887862e-14
27.47,6.926285324562752e-14
27.475,6.890904715151912e-14
27.48,6.855700283732242e-14
27.485,6.820671126484927e-14
27.490000000000002,6.785816349356635e-14
27.495,6.751135060528215e-14
27.5,6.716626372642351e-14
27.505,6.682289401940849e-14
27.51,6.648123271272822e-14
27.515,6.614127105049101e-14
27.52,6.580300034981994e-14
27.525000000000002,6.546641195833262e-14
27.53,6.513149725840568e-14
27.535,6.479824768131134e-14
27.54,6.44666547087924e-14
27.545,6.413670985483504e-14
27.55,6.380840469177943e-14
27.555,6.348173081130563e-14
27.560000000000002,6.315667985815329e-14
27.565,6.283324352666091e-14
27.57,6.251141354042497e-14
27.575,6.219118166316751e-14
27.580000000000002,6.187253971215435e-14
27.585,6.155547954350512e-14
27.59,6.12399930439558e-14
27.595,6.092607213904216e-14
27.6,6.061370880971856e-14
27.605,6.03028950690776e-14
27.61,5.999362296538438e-14
27.615000000000002,5.968588460052476e-14
27.62,5.937967208755184e-14
27.625,5.907497761388645e-14
27.63,5.877179338362562e-14
27.635,5.847011165166113e-14
27.64,5.816992468952578e-14
27.645,5.78712248399096e-14
27.650000000000002,5.757400445887314e-14
27.655,5.727825594739373e-14
27.66,5.698397174615045e-14
27.665,5.6691144336126524e-14
27.67,5.6399766228496624e-14
27.675,5.610982997123565e-14
27.68,5.582132816479256e-14
27.685000000000002,5.553425342958719e-14
27.69,5.524859842494225e-14
27.695,5.4964355856412067e-14
27.7,5.468151844911519e-14
27.705000000000002,5.440007898647681e-14
27.71,5.412003027345366e-14
27.715,5.3841365144563066e-14
27.72,5.3564076484924933e-14
27.725,5.3288157211690385e-14
27.73,5.3013600272677315e-14
27.735,5.274039864945195e-14
27.740000000000002,5.246854536149934e-14
27.745,5.219803346550392e-14
27.75,5.192885604541062e-14
27.755,5.1661006230265974e-14
27.76,5.1394477167910386e-14
27.765,5.112926206294903e-14
27.77,5.086535412362458e-14
27.775000000000002,5.060274661426191e-14
27.78,5.0341432835082674e-14
27.785,5.00814060998837e-14
27.79,4.982265977082146e-14
27.795,4.956518723525899e-14
27.8,4.930898192170958e-14
27.805,4.9054037282451756e-14
27.810000000000002,4.8800346804588714e-14
27.815,4.854790402056487e-14
27.82,4.8296702464072716e-14
27.825,4.8046735733550455e-14
27.830000000000002,4.779799744029551e-14
27.835,4.7550481236942815e-14
27.84,4.7304180792143e-14
27.845,4.7059089827163286e-14
27.85,4.681520208298485e-14
27.855,4.657251132289563e-14
27.86,4.633101135999884e-14
27.865000000000002,4.6090696020103884e-14
27.87,4.585155918101578e-14
27.875,4.561359472603565e-14
27.88,4.5376796581583267e-14
27.885,4.514115870175731e-14
27.89,4.490667507212013e-14
27.895,4.467333971044309e-14
27.900000000000002,4.4441146650790904e-14
27.905,4.4210089983480216e-14
27.91,4.3980163792535074e-14
27.915,4.3751362223614176e-14
27.92,4.352367942533019e-14
27.925,4.329710959198745e-14
27.93,4.307164694095813e-14
27.935000000000002,4.2847285720712863e-14
27.94,4.2624020208501864e-14
27.945,4.2401844696270146e-14
27.95,4.2180753524215206e-14
27.955000000000002,4.196074104189433e-14
27.96,4.174180164103674e-14
27.965,4.1523929737791744e-14
27.97,4.130711977162559e-14
27.975,4.109136620862949e-14
27.98,4.087666354505631e-14
27.985,4.066300630173568e-14
27.990000000000002,4.0450389036584516e-14
27.995,4.0238806315736965e-14
28.0,4.0028252747868285e-14
28.005,3.981872296129737e-14
28.01,3.9610211609613325e-14
28.015,3.940271338113206e-14
28.02,3.9196222971937565e-14
28.025000000000002,3.8990735117646437e-14
28.03,3.8786244596346506e-14
28.035,3.858274617130131e-14
28.04,3.83802346647691e-14
28.045,3.817870490407261e-14
28.05,3.7978151760128166e-14
28.055,3.7778570111870987e-14
28.060000000000002,3.7579954876421845e-14
28.065,3.738230098858414e-14
28.07,3.718560340001664e-14
28.075,3.698985711619421e-14
28.080000000000002,3.6795057122673713e-14
28.085,3.660119847010109e-14
28.09,3.640827622326917e-14
28.095,3.6216285440321214e-14
28.1,3.602522124375569e-14
28.105,3.58350787645071e-14
28.11,3.564585315449026e-14
28.115000000000002,3.5457539588124976e-14
28.12,3.5270133271251134e-14
28.125,3.5083629421544255e-14
28.13,3.489802329955624e-14
28.135,3.471331015964404e-14
28.14,3.4529485304737476e-14
28.145,3.434654405056115e-14
28.150000000000002,3.416448172963196e-14
28.155,3.398329371694027e-14
28.16,3.3802975384704624e-14
28.165,3.3623522148607324e-14
28.17,3.344492942875846e-14
28.175,3.3267192678072075e-14
28.18,3.309030737236704e-14
28.185000000000002,3.2914269008465e-14
28.19,3.2739073102708185e-14
28.195,3.256471518555701e-14
28.2,3.2391190825550865e-14
28.205000000000002,3.221849559114039e-14
28.21,3.2046625105709717e-14
28.215,3.1875574977658456e-14
28.22,3.170534086062093e-14
28.225,3.1535918408671216e-14
28.23,3.136730332108913e-14
28.235,3.119949130288559e-14
28.240000000000002,3.10324780688295e-14
28.245,3.0866259391892684e-14
28.25,3.070083101762304e-14
28.255,3.0536188755749914e-14
28.26,3.037232839610028e-14
28.265,3.02092457834578e-14
28.27,3.004693676538567e-14
28.275000000000002,2.9885397209401816e-14
28.28,2.972462300023585e-14
28.285,2.956461005552715e-14
28.29,2.940535429954722e-14
28.295,2.9246851679531777e-14
28.3,2.908909816715042e-14
28.305,2.8932089748793214e-14
28.310000000000002,2.877582242828139e-14
28.315,2.862029222764991e-14
28.32,2.8465495197999336e-14
28.325,2.8311427402763342e-14
28.330000000000002,2.815808492180249e-14
28.335,2.800546384993578e-14
28.34,2.785356030836473e-14
28.345,2.7702370440207667e-14
28.35,2.7551890398638502e-14
28.355,2.7402116357831475e-14
28.36,2.7253044507680102e-14
28.365000000000002,2.7104671063566716e-14
28.37,2.6956992249899114e-14
28.375,2.6810004314886876e-14
28.38,2.666370351741584e-14
28.385,2.651808614674267e-14
28.39,2.6373148502366393e-14
28.395,2.622888689249684e-14
28.400000000000002,2.608529765799792e-14
28.405,2.5942377149868204e-14
28.41,2.580012173380076e-14
28.415,2.5658527798285106e-14
28.42,2.5517591744126518e-14
28.425,2.5377309998136212e-14
28.43,2.5237678990856253e-14
28.435000000000002,2.5098695181565078e-14
28.44,2.4960355021680972e-14
28.445,2.4822655020826818e-14
28.45,2.468559167017297e-14
28.455000000000002,2.4549161494773058e-14
28.46,2.441336102694198e-14
28.465,2.427818681984104e-14
28.47,2.4143635446067253e-14
28.475,2.4009703483305904e-14
28.48,2.3876387532599297e-14
28.485,2.3743684213603352e-14
28.490000000000002,2.3611590155603802e-14
28.495,2.3480102003000362e-14
28.5,2.3349216426969014e-14
28.505,2.3218930105063472e-14
28.51,2.3089239727142328e-14
28.515,2.296014200255935e-14
28.52,2.2831633660803696e-14
28.525000000000002,2.2703711434826342e-14
28.53,2.257637208820414e-14
28.535,2.2449612388423124e-14
28.54,2.2323429113860748e-14
28.545,2.2197819075152233e-14
28.55,2.2072779083248465e-14
28.555,2.1948305958076163e-14
28.560000000000002,2.1824396555164045e-14
28.565,2.170104772711854e-14
28.57,2.1578256358689064e-14
28.575,2.145601932223502e-14
28.580000000000002,2.1334333522606988e-14
28.585,2.1213195875353108e-14
28.59,2.1092603326065662e-14
28.595,2.0972552804769616e-14
28.6,2.085304126496622e-14
28.605,2.0734065684608873e-14
28.61,2.06156230537488e-14
28.615000000000002,2.049771036626145e-14
28.62,2.0380324642795072e-14
28.625,2.026346290103071e-14
28.63,2.0147122183313612e-14
28.635,2.0031299548109825e-14
28.64,1.9915992062828436e-14
28.645,1.9801196803901022e-14
28.650000000000002,1.9686910865246966e-14
28.655,1.957313134773105e-14
28.66,1.9459855389005747e-14
28.665,1.9347080105639083e-14
28.67,1.9234802652793936e-14
28.675,1.912302018801913e-14
28.68,1.9011729874941004e-14
28.685000000000002,1.8900928909560603e-14
28.69,1.87906144781617e-14
28.695,1.8680783796424904e-14
28.7,1.8571434087890727e-14
28.705000000000002,1.846256257953477e-14
28.71,1.8354166519357804e-14
28.715,1.8246243177555685e-14
28.72,1.8138789812411826e-14
28.725,1.8031803716030632e-14
28.73,1.792528217530562e-14
28.735,1.781922250553575e-14
28.740000000000002,1.7713622021333467e-14
28.745,1.760847805737978e-14
28.75,1.7503787950378267e-14
28.755,1.739954906849301e-14
28.76,1.729575876438702e-14
28.765,1.7192414420656075e-14
28.77,1.7089513429868696e-14
28.775000000000002,1.698705319152179e-14
28.78,1.688503111831473e-14
28.785,1.6783444627407635e-14
28.79,1.668229116555308e-14
28.795,1.6581568172329384e-14
28.8,1.648127310927079e-14
28.805,1.638140344025883e-14
28.810000000000002,1.628195664137989e-14
28.815,1.6182930217186792e-14
28.82,1.608432165024424e-14
28.825,1.598612847321914e-14
28.830000000000002,1.5888348189728693e-14
28.835,1.579097834825959e-14
28.84,1.5694016487609715e-14
28.845,1.5597460162327232e-14
28.85,1.5501306932061473e-14
28.855,1.5405554385754557e-14
28.86,1.5310200098120982e-14
28.865000000000002,1.521524166872663e-14
28.87,1.512067671155832e-14
28.875,1.5026502831880395e-14
28.88,1.4932717669578992e-14
28.885,1.4839318849429333e-14
28.89,1.4746304022912515e-14
28.895,1.4653670854311787e-14
28.900000000000002,1.456141700057637e-14
28.905,1.4469540141867573e-14
28.91,1.437803797460865e-14
28.915,1.4286908178544315e-14
28.92,1.4196148472537746e-14
28.925,1.4105756563669973e-14
28.93,1.4015730185747723e-14
28.935000000000002,1.3926067069693468e-14
28.94,1.3836764960318661e-14
28.945,1.3747821606921758e-14
28.95,1.3659234778160525e-14
28.955000000000002,1.3571002242435941e-14
28.96,1.348312178400573e-14
28.965,1.3395591193164016e-14
28.97,1.3308408264581265e-14
28.975,1.3221570815868853e-14
28.98,1.3135076657046755e-14
28.985,1.3048923621397224e-14
28.990000000000002,1.2963109536664637e-14
28.995,1.2877632254075516e-14
29.0,1.2792489620086612e-14
29.005,1.270767950359693e-14
29.01,1.2623199772451663e-14
29.015,1.2539048305478927e-14
29.02,1.2455222986631954e-14
29.025000000000002,1.2371721714808075e-14
29.03,1.2288542397235373e-14
29.035,1.2205682947243034e-14
29.04,1.212314127866973e-14
29.045,1.2040915325368016e-14
29.05,1.1959003034512655e-14
29.055,1.1877402334450117e-14
29.060000000000002,1.1796111196040749e-14
29.065,1.1715127570260522e-14
29.07,1.163444942660848e-14
29.075,1.1554074751217055e-14
29.080000000000002,1.1474001527738108e-14
29.085,1.1394227745250108e-14
29.09,1.1314751411016462e-14
29.095,1.1235570533485948e-14
29.1,1.115668313168376e-14
29.105,1.1078087223886802e-14
29.11,1.0999780848460067e-14
29.115000000000002,1.0921762048187698e-14
29.12,1.0844028863473091e-14
29.125,1.0766579351103968e-14
29.13,1.0689411580776367e-14
29.135,1.0612523613500081e-14
29.14,1.0535913530963111e-14
29.145,1.0459579418902321e-14
29.150000000000002,1.0383519365383863e-14
29.155,1.0307731471801694e-14
29.16,1.0232213848072396e-14
29.165,1.0156964598768271e-14
29.17,1.0081981850495619e-14
29.175,1.0007263728469948e-14
29.18,9.932808365132772e-15
29.185000000000002,9.85861390790259e-15
29.19,9.784678496098755e-15
29.195,9.71100029261665e-15
29.2,9.637577453873617e-15
29.205000000000002,9.56440815117566e-15
29.21,9.491490554476605e-15
29.215,9.418822853087008e-15
29.22,9.346403226482641e-15
29.225,9.27422987601731e-15
29.23,9.202301000545857e-15
29.235,9.130614804836537e-15
29.240000000000002,9.05916950842266e-15
29.245,8.987963327601537e-15
29.25,8.916994490856688e-15
29.255,8.846261230891949e-15
29.26,8.775761780272221e-15
29.265,8.705494397449868e-15
29.27,8.635457323420055e-15
29.275000000000002,8.565648819083171e-15
29.28,8.496067146673941e-15
29.285,8.426710576843816e-15
29.29,8.357577388966424e-15
29.295,8.288665853686404e-15
29.3,8.219974270870087e-15
29.305,8.151500925513895e-15
29.310000000000002,8.083244117309036e-15
29.315,8.015202153179385e-15
29.32,7.947373340020979e-15
29.325,7.879756000707291e-15
29.330000000000002,7.812348447998955e-15
29.335,7.745149014746135e-15
29.34,7.6781560315424e-15
29.345,7.611367835777887e-15
29.35,7.544782773173515e-15
29.355,7.47839919279064e-15
29.36,7.412215445121964e-15
29.365000000000002,7.346229895856934e-15
29.37,7.28044090494023e-15
29.375,7.214846844423403e-15
29.38,7.149446089567133e-15
29.385,7.084237019858455e-15
29.39,7.019218025028739e-15
29.395,6.95438749300398e-15
29.400000000000002,6.889743817188538e-15
29.405,6.825285397971513e-15
29.41,6.761010644282167e-15
29.415,6.6969179680071515e-15
29.42,6.63300578526247e-15
29.425,6.569272507359376e-15
29.43,6.505716573021021e-15
29.435000000000002,6.442336398077639e-15
29.44,6.3791304293540774e-15
29.445,6.316097098261881e-15
29.45,6.2532348543535206e-15
29.455000000000002,6.190542139481708e-15
29.46,6.128017413450163e-15
29.465,6.065659126630872e-15
29.47,6.003465750042083e-15
29.475,5.941435746131333e-15
29.48,5.879567580764407e-15
29.485,5.8178597409712695e-15
29.490000000000002,5.7563106915878616e-15
29.495,5.6949189295632614e-15
29.5,5.633682938596271e-15
29.505,5.572601208658493e-15
29.51,5.511672238899983e-15
29.515,5.450894532034923e-15
29.52,5.390266588509171e-15
29.525000000000002,5.329786918334094e-15
29.53,5.269454037592218e-15
29.535,5.209266463322134e-15
29.54,5.1492227121209314e-15
29.545,5.08932131368065e-15
29.55,5.029560792049078e-15
29.555,4.969939684844882e-15
29.560000000000002,4.910456522922296e-15
29.565,4.851109852740549e-15
29.57,4.7918982137158235e-15
29.575,4.732820158467093e-15
29.580000000000002,4.6738742343699545e-15
29.585,4.615058994389978e-15
29.59,4.556373004424146e-15
29.595,4.497814821974228e-15
29.6,4.4393830122636e-15
29.605,4.381076143551497e-15
29.61,4.3228927935911826e-15
29.615000000000002,4.264831533450868e-15
29.62,4.206890946308913e-15
29.625,4.149069611812813e-15
29.63,4.091366119377089e-15
29.635,4.033779052998485e-15
29.64,3.976307014680593e-15
29.645,3.918948591049324e-15
29.650000000000002,3.861702385460423e-15
29.655,3.804567000788968e-15
29.66,3.747541041715257e-15
29.665,3.690623114601431e-15
29.67,3.63381183398449e-15
29.675,3.577105812026807e-15
29.68,3.52050366994532e-15
29.685000000000002,3.4640040233270125e-15
29.69,3.4076054967231568e-15
29.695,3.351306716337875e-15
29.7,3.2951063170909546e-15
29.705000000000002,3.239002920393074e-15
29.71,3.1829951695246446e-15
29.715,3.1270816970297368e-15
29.72,3.0712611466561436e-15
29.725,3.015532156211327e-15
29.73,2.9598933745239195e-15
29.735,2.9043434504055336e-15
29.740000000000002,2.8488810308963157e-15
29.745,2.793504772374129e-15
29.75,2.7382133280267056e-15
29.755,2.68300535719948e-15
29.76,2.6278795205797174e-15
29.765,2.5728344824404008e-15
29.77,2.517868903600124e-15
29.775000000000002,2.4629814541163403e-15
29.78,2.4081708066995043e-15
29.785,2.353435628591116e-15
29.79,2.2987745968328454e-15
29.795,2.2441863894029393e-15
29.8,2.189669682119868e-15
29.805,2.135223158223626e-15
29.810000000000002,2.0808454989104434e-15
29.815,2.026535392536764e-15
29.82,1.972291521755568e-15
29.825,1.9181125803187908e-15
29.830000000000002,1.8639972549192313e-15
29.835,1.8099442451024056e-15
29.84,1.755952239624522e-15
29.845,1.7020199394801213e-15
29.85,1.648146040835643e-15
29.855,1.5943292476266149e-15
29.86,1.5405682578107962e-15
29.865000000000002,1.4868617793242424e-15
29.87,1.4332085175369435e-15
29.875,1.3796071786229467e-15
29.88,1.3260564727272938e-15
29.885,1.2725551127998553e-15
29.89,1.21910180800939e-15
29.895,1.1656952750633692e-15
29.900000000000002,1.1123342294754244e-15
29.905,1.0590173860045405e-15
29.91,1.0057434668415147e-15
29.915,9.5251118981959e-16
29.92,8.993192776488304e-16
29.925,8.461664524886633e-16
29.93,7.930514391721587e-16
29.935000000000002,7.399729631201333e-16
29.94,6.869297514334695e-16
29.945,6.339205329093929e-16
29.95,5.8094403622561e-16
29.955000000000002,5.27998992031919e-16
29.96,4.750841326709919e-16
29.965,4.2219819091685163e-16
29.97,3.693399006093998e-16
29.975,3.1650799750042057e-16
29.98,2.6370121714344676e-16
29.985,2.1091829732929104e-16
29.990000000000002,1.5815797587231417e-16
29.995,1.0541899233543583e-16
30.0,5.2700086713512366e-17
